# Blender 4.5.1 LTS
# www.blender.org
mtllib factory.mtl
o wall
v 2469.989258 75.076233 -5722.788086
v 2469.406494 75.076233 -5722.788086
v 2469.989258 86.303078 -5722.788086
v 2469.406494 86.303078 -5722.788086
v 2469.989258 75.076233 -5662.161133
v 2469.406494 75.076233 -5662.161133
v 2469.989258 86.303078 -5662.161133
v 2469.406494 86.303078 -5662.161133
v 2317.666260 75.076233 -5722.788086
v 2317.083496 75.076233 -5722.788086
v 2317.666260 86.303070 -5722.788086
v 2317.083496 86.303070 -5722.788086
v 2317.666260 75.076233 -5662.161133
v 2317.083496 75.076233 -5662.161133
v 2317.666260 86.303070 -5662.161133
v 2317.083496 86.303070 -5662.161133
v 2469.406006 83.787239 -5662.161133
v 2469.406006 83.787239 -5662.867188
v 2317.666260 83.787239 -5662.161133
v 2317.666260 83.787239 -5662.867188
v 2469.406006 86.303070 -5662.161133
v 2469.406006 86.303070 -5662.867188
v 2317.666260 86.303070 -5662.161133
v 2317.666260 86.303070 -5662.867188
v 2469.427734 83.953148 -5722.082031
v 2469.427734 83.953148 -5722.788086
v 2317.666260 83.953148 -5722.082031
v 2317.666260 83.953148 -5722.788086
v 2469.427734 86.303070 -5722.082031
v 2469.427734 86.303070 -5722.788086
v 2317.666260 86.303070 -5722.082031
v 2317.666260 86.303070 -5722.788086
vn -0.0000 -0.0000 -1.0000
vn -0.0000 1.0000 -0.0000
vn -0.0000 -0.0000 1.0000
vn -0.0000 -1.0000 -0.0000
vn 1.0000 -0.0000 -0.0000
vn -1.0000 -0.0000 -0.0000
vt 0.375000 0.000000
vt 0.625000 0.000000
vt 0.625000 0.250000
vt 0.375000 0.250000
vt 0.625000 0.500000
vt 0.375000 0.500000
vt 0.625000 0.750000
vt 0.375000 0.750000
vt 0.625000 1.000000
vt 0.375000 1.000000
vt 0.125000 0.500000
vt 0.125000 0.750000
vt 0.875000 0.500000
vt 0.875000 0.750000
s 0
f 1/1/1 2/2/1 4/3/1 3/4/1
f 3/4/2 4/3/2 8/5/2 7/6/2
f 7/6/3 8/5/3 6/7/3 5/8/3
f 5/8/4 6/7/4 2/9/4 1/10/4
f 3/11/5 7/6/5 5/8/5 1/12/5
f 8/5/6 4/13/6 2/14/6 6/7/6
f 9/1/1 10/2/1 12/3/1 11/4/1
f 11/4/2 12/3/2 16/5/2 15/6/2
f 15/6/3 16/5/3 14/7/3 13/8/3
f 13/8/4 14/7/4 10/9/4 9/10/4
f 11/11/5 15/6/5 13/8/5 9/12/5
f 16/5/6 12/13/6 10/14/6 14/7/6
f 17/1/2 18/2/2 20/3/2 19/4/2
f 19/4/5 20/3/5 24/5/5 23/6/5
f 23/6/4 24/5/4 22/7/4 21/8/4
f 21/8/6 22/7/6 18/9/6 17/10/6
f 19/11/1 23/6/1 21/8/1 17/12/1
f 24/5/3 20/13/3 18/14/3 22/7/3
f 25/1/2 26/2/2 28/3/2 27/4/2
f 27/4/5 28/3/5 32/5/5 31/6/5
f 31/6/4 32/5/4 30/7/4 29/8/4
f 29/8/6 30/7/6 26/9/6 25/10/6
f 27/11/1 31/6/1 29/8/1 25/12/1
f 32/5/3 28/13/3 26/14/3 30/7/3
o 地板
v 2317.666260 75.076233 -5662.161133
v 2469.406494 75.076248 -5662.161133
v 2317.666260 75.343399 -5662.161133
v 2469.406494 75.343414 -5662.161133
v 2317.666260 75.076233 -5722.788086
v 2469.406494 75.076248 -5722.788086
v 2317.666260 75.343399 -5722.788086
v 2469.406494 75.343414 -5722.788086
vn -0.0000 -0.0000 1.0000
vn -0.0000 1.0000 -0.0000
vn -0.0000 -0.0000 -1.0000
vn -0.0000 -1.0000 -0.0000
vn -1.0000 -0.0000 -0.0000
vn 1.0000 -0.0000 -0.0000
vt 0.375000 0.000000
vt 0.625000 0.000000
vt 0.625000 0.250000
vt 0.375000 0.250000
vt 0.625000 0.500000
vt 0.375000 0.500000
vt 0.625000 0.750000
vt 0.375000 0.750000
vt 0.625000 1.000000
vt 0.375000 1.000000
vt 0.125000 0.500000
vt 0.125000 0.750000
vt 0.875000 0.500000
vt 0.875000 0.750000
s 0
f 33/15/7 34/16/7 36/17/7 35/18/7
f 35/18/8 36/17/8 40/19/8 39/20/8
f 39/20/9 40/19/9 38/21/9 37/22/9
f 37/22/10 38/21/10 34/23/10 33/24/10
f 35/25/11 39/20/11 37/22/11 33/26/11
f 40/19/12 36/27/12 34/28/12 38/21/12
o 柱2
v 2469.406494 82.642738 -5666.777344
v 2469.406494 82.642738 -5667.954102
v 2317.666748 82.642738 -5666.777344
v 2317.666748 82.642738 -5667.954102
v 2469.406494 84.227325 -5666.567871
v 2469.406494 84.312210 -5668.163574
v 2317.666748 84.227325 -5666.567871
v 2317.666748 84.312210 -5668.163574
v 2407.337402 75.343414 -5667.574707
v 2407.337402 84.193947 -5667.574707
v 2407.399902 75.343414 -5667.568359
v 2407.399902 84.193947 -5667.568359
v 2407.459961 75.343414 -5667.550293
v 2407.459961 84.193947 -5667.550293
v 2407.515137 75.343414 -5667.520508
v 2407.515137 84.193947 -5667.520508
v 2407.563721 75.343414 -5667.480957
v 2407.563721 84.193947 -5667.480957
v 2407.603516 75.343414 -5667.432129
v 2407.603516 84.193947 -5667.432129
v 2407.633057 75.343414 -5667.376953
v 2407.633057 84.193947 -5667.376953
v 2407.651367 75.343414 -5667.316895
v 2407.651367 84.193947 -5667.316895
v 2407.657471 75.343414 -5667.254395
v 2407.657471 84.193947 -5667.254395
v 2407.651367 75.343414 -5667.191895
v 2407.651367 84.193947 -5667.191895
v 2407.633057 75.343414 -5667.131836
v 2407.633057 84.193947 -5667.131836
v 2407.603516 75.343414 -5667.076660
v 2407.603516 84.193947 -5667.076660
v 2407.563721 75.343414 -5667.028320
v 2407.563721 84.193947 -5667.028320
v 2407.515137 75.343414 -5666.988281
v 2407.515137 84.193947 -5666.988281
v 2407.459961 75.343414 -5666.958984
v 2407.459961 84.193947 -5666.958984
v 2407.399902 75.343414 -5666.940430
v 2407.399902 84.193947 -5666.940430
v 2407.337402 75.343414 -5666.934570
v 2407.337402 84.193947 -5666.934570
v 2407.275146 75.343414 -5666.940430
v 2407.275146 84.193947 -5666.940430
v 2407.215088 75.343414 -5666.958984
v 2407.215088 84.193947 -5666.958984
v 2407.159668 75.343414 -5666.988281
v 2407.159668 84.193947 -5666.988281
v 2407.111328 75.343414 -5667.028320
v 2407.111328 84.193947 -5667.028320
v 2407.071289 75.343414 -5667.076660
v 2407.071289 84.193947 -5667.076660
v 2407.041748 75.343414 -5667.131836
v 2407.041748 84.193947 -5667.131836
v 2407.023682 75.343414 -5667.191895
v 2407.023682 84.193947 -5667.191895
v 2407.017578 75.343414 -5667.254395
v 2407.017578 84.193947 -5667.254395
v 2407.023682 75.343414 -5667.316895
v 2407.023682 84.193947 -5667.316895
v 2407.041748 75.343414 -5667.376953
v 2407.041748 84.193947 -5667.376953
v 2407.071289 75.343414 -5667.432129
v 2407.071289 84.193947 -5667.432129
v 2407.111328 75.343414 -5667.480957
v 2407.111328 84.193947 -5667.480957
v 2407.159668 75.343414 -5667.520508
v 2407.159668 84.193947 -5667.520508
v 2407.215088 75.343414 -5667.550293
v 2407.215088 84.193947 -5667.550293
v 2407.275146 75.343414 -5667.568359
v 2407.275146 84.193947 -5667.568359
v 2335.302979 75.343414 -5667.740234
v 2335.302979 84.193947 -5667.740234
v 2335.365479 75.343414 -5667.734375
v 2335.365479 84.193947 -5667.734375
v 2335.425537 75.343414 -5667.715820
v 2335.425537 84.193947 -5667.715820
v 2335.480957 75.343414 -5667.686523
v 2335.480957 84.193947 -5667.686523
v 2335.529297 75.343414 -5667.646484
v 2335.529297 84.193947 -5667.646484
v 2335.569092 75.343414 -5667.598145
v 2335.569092 84.193947 -5667.598145
v 2335.598633 75.343414 -5667.542969
v 2335.598633 84.193947 -5667.542969
v 2335.616943 75.343414 -5667.482910
v 2335.616943 84.193947 -5667.482910
v 2335.623047 75.343414 -5667.420410
v 2335.623047 84.193947 -5667.420410
v 2335.616943 75.343414 -5667.357910
v 2335.616943 84.193947 -5667.357910
v 2335.598633 75.343414 -5667.297852
v 2335.598633 84.193947 -5667.297852
v 2335.569092 75.343414 -5667.242676
v 2335.569092 84.193947 -5667.242676
v 2335.529297 75.343414 -5667.193848
v 2335.529297 84.193947 -5667.193848
v 2335.480957 75.343414 -5667.154297
v 2335.480957 84.193947 -5667.154297
v 2335.425537 75.343414 -5667.124512
v 2335.425537 84.193947 -5667.124512
v 2335.365479 75.343414 -5667.106445
v 2335.365479 84.193947 -5667.106445
v 2335.302979 75.343414 -5667.100098
v 2335.302979 84.193947 -5667.100098
v 2335.240723 75.343414 -5667.106445
v 2335.240723 84.193947 -5667.106445
v 2335.180664 75.343414 -5667.124512
v 2335.180664 84.193947 -5667.124512
v 2335.125244 75.343414 -5667.154297
v 2335.125244 84.193947 -5667.154297
v 2335.076660 75.343414 -5667.193848
v 2335.076660 84.193947 -5667.193848
v 2335.037109 75.343414 -5667.242676
v 2335.036865 84.193947 -5667.242676
v 2335.007324 75.343414 -5667.297852
v 2335.007324 84.193947 -5667.297852
v 2334.989258 75.343414 -5667.357910
v 2334.989258 84.193947 -5667.357910
v 2334.983154 75.343414 -5667.420410
v 2334.983154 84.193947 -5667.420410
v 2334.989258 75.343414 -5667.482910
v 2334.989258 84.193947 -5667.482910
v 2335.007324 75.343414 -5667.542969
v 2335.007324 84.193947 -5667.542969
v 2335.037109 75.343414 -5667.598145
v 2335.036865 84.193947 -5667.598145
v 2335.076660 75.343414 -5667.646484
v 2335.076660 84.193947 -5667.646484
v 2335.125244 75.343414 -5667.686523
v 2335.125244 84.193947 -5667.686523
v 2335.180664 75.343414 -5667.715820
v 2335.180664 84.193947 -5667.715820
v 2335.240723 75.343414 -5667.734375
v 2335.240723 84.193947 -5667.734375
v 2326.269287 75.343414 -5667.740234
v 2326.269287 84.193947 -5667.740234
v 2326.331787 75.343414 -5667.734375
v 2326.331787 84.193947 -5667.734375
v 2326.391846 75.343414 -5667.715820
v 2326.391846 84.193947 -5667.715820
v 2326.447266 75.343414 -5667.686523
v 2326.447266 84.193947 -5667.686523
v 2326.495605 75.343414 -5667.646484
v 2326.495605 84.193947 -5667.646484
v 2326.535400 75.343414 -5667.598145
v 2326.535400 84.193947 -5667.598145
v 2326.564941 75.343414 -5667.542969
v 2326.564941 84.193947 -5667.542969
v 2326.583252 75.343414 -5667.482910
v 2326.583252 84.193947 -5667.482910
v 2326.589355 75.343414 -5667.420410
v 2326.589355 84.193947 -5667.420410
v 2326.583252 75.343414 -5667.357910
v 2326.583252 84.193947 -5667.357910
v 2326.564941 75.343414 -5667.297852
v 2326.564941 84.193947 -5667.297852
v 2326.535400 75.343414 -5667.242676
v 2326.535400 84.193947 -5667.242676
v 2326.495605 75.343414 -5667.193848
v 2326.495605 84.193947 -5667.193848
v 2326.447266 75.343414 -5667.154297
v 2326.447266 84.193947 -5667.154297
v 2326.391846 75.343414 -5667.124512
v 2326.391846 84.193947 -5667.124512
v 2326.331787 75.343414 -5667.106445
v 2326.331787 84.193947 -5667.106445
v 2326.269287 75.343414 -5667.100098
v 2326.269287 84.193947 -5667.100098
v 2326.207031 75.343414 -5667.106445
v 2326.207031 84.193947 -5667.106445
v 2326.146973 75.343414 -5667.124512
v 2326.146973 84.193947 -5667.124512
v 2326.091553 75.343414 -5667.154297
v 2326.091553 84.193947 -5667.154297
v 2326.042969 75.343414 -5667.193848
v 2326.042969 84.193947 -5667.193848
v 2326.003418 75.343414 -5667.242676
v 2326.003418 84.193947 -5667.242676
v 2325.973633 75.343414 -5667.297852
v 2325.973633 84.193947 -5667.297852
v 2325.955566 75.343414 -5667.357910
v 2325.955566 84.193947 -5667.357910
v 2325.949463 75.343414 -5667.420410
v 2325.949463 84.193947 -5667.420410
v 2325.955566 75.343414 -5667.482910
v 2325.955566 84.193947 -5667.482910
v 2325.973633 75.343414 -5667.542969
v 2325.973633 84.193947 -5667.542969
v 2326.003418 75.343414 -5667.598145
v 2326.003418 84.193947 -5667.598145
v 2326.042969 75.343414 -5667.646484
v 2326.042969 84.193947 -5667.646484
v 2326.091553 75.343414 -5667.686523
v 2326.091553 84.193947 -5667.686523
v 2326.146973 75.343414 -5667.715820
v 2326.146973 84.193947 -5667.715820
v 2326.207031 75.343414 -5667.734375
v 2326.207031 84.193947 -5667.734375
v 2353.288818 75.343414 -5667.740234
v 2353.288818 84.193947 -5667.740234
v 2353.351318 75.343414 -5667.734375
v 2353.351318 84.193947 -5667.734375
v 2353.411377 75.343414 -5667.715820
v 2353.411377 84.193947 -5667.715820
v 2353.466797 75.343414 -5667.686523
v 2353.466797 84.193947 -5667.686523
v 2353.515137 75.343414 -5667.646484
v 2353.515137 84.193947 -5667.646484
v 2353.554932 75.343414 -5667.598145
v 2353.554932 84.193947 -5667.598145
v 2353.584473 75.343414 -5667.542969
v 2353.584473 84.193947 -5667.542969
v 2353.602783 75.343414 -5667.482910
v 2353.602783 84.193947 -5667.482910
v 2353.608887 75.343414 -5667.420410
v 2353.608887 84.193947 -5667.420410
v 2353.602783 75.343414 -5667.357910
v 2353.602783 84.193947 -5667.357910
v 2353.584473 75.343414 -5667.297852
v 2353.584473 84.193947 -5667.297852
v 2353.554932 75.343414 -5667.242676
v 2353.554932 84.193947 -5667.242676
v 2353.515137 75.343414 -5667.193848
v 2353.515137 84.193947 -5667.193848
v 2353.466797 75.343414 -5667.154297
v 2353.466797 84.193947 -5667.154297
v 2353.411377 75.343414 -5667.124512
v 2353.411377 84.193947 -5667.124512
v 2353.351318 75.343414 -5667.106445
v 2353.351318 84.193947 -5667.106445
v 2353.288818 75.343414 -5667.100098
v 2353.288818 84.193947 -5667.100098
v 2353.226562 75.343414 -5667.106445
v 2353.226562 84.193947 -5667.106445
v 2353.166504 75.343414 -5667.124512
v 2353.166504 84.193947 -5667.124512
v 2353.111084 75.343414 -5667.154297
v 2353.111084 84.193947 -5667.154297
v 2353.062500 75.343414 -5667.193848
v 2353.062500 84.193947 -5667.193848
v 2353.022949 75.343414 -5667.242676
v 2353.022705 84.193947 -5667.242676
v 2352.993164 75.343414 -5667.297852
v 2352.993164 84.193947 -5667.297852
v 2352.975098 75.343414 -5667.357910
v 2352.975098 84.193947 -5667.357910
v 2352.968994 75.343414 -5667.420410
v 2352.968994 84.193947 -5667.420410
v 2352.975098 75.343414 -5667.482910
v 2352.975098 84.193947 -5667.482910
v 2352.993164 75.343414 -5667.542969
v 2352.993164 84.193947 -5667.542969
v 2353.022949 75.343414 -5667.598145
v 2353.022705 84.193947 -5667.598145
v 2353.062500 75.343414 -5667.646484
v 2353.062500 84.193947 -5667.646484
v 2353.111084 75.343414 -5667.686523
v 2353.111084 84.193947 -5667.686523
v 2353.166504 75.343414 -5667.715820
v 2353.166504 84.193947 -5667.715820
v 2353.226562 75.343414 -5667.734375
v 2353.226562 84.193947 -5667.734375
v 2344.350098 75.343414 -5667.740234
v 2344.350098 84.193947 -5667.740234
v 2344.412598 75.343414 -5667.734375
v 2344.412598 84.193947 -5667.734375
v 2344.472656 75.343414 -5667.715820
v 2344.472656 84.193947 -5667.715820
v 2344.527832 75.343414 -5667.686523
v 2344.527832 84.193947 -5667.686523
v 2344.576416 75.343414 -5667.646484
v 2344.576416 84.193947 -5667.646484
v 2344.616211 75.343414 -5667.598145
v 2344.616211 84.193947 -5667.598145
v 2344.645752 75.343414 -5667.542969
v 2344.645752 84.193947 -5667.542969
v 2344.664062 75.343414 -5667.482910
v 2344.664062 84.193947 -5667.482910
v 2344.670166 75.343414 -5667.420410
v 2344.670166 84.193947 -5667.420410
v 2344.664062 75.343414 -5667.357910
v 2344.664062 84.193947 -5667.357910
v 2344.645752 75.343414 -5667.297852
v 2344.645752 84.193947 -5667.297852
v 2344.616211 75.343414 -5667.242676
v 2344.616211 84.193947 -5667.242676
v 2344.576416 75.343414 -5667.193848
v 2344.576416 84.193947 -5667.193848
v 2344.527832 75.343414 -5667.154297
v 2344.527832 84.193947 -5667.154297
v 2344.472656 75.343414 -5667.124512
v 2344.472656 84.193947 -5667.124512
v 2344.412598 75.343414 -5667.106445
v 2344.412598 84.193947 -5667.106445
v 2344.350098 75.343414 -5667.100098
v 2344.350098 84.193947 -5667.100098
v 2344.287842 75.343414 -5667.106445
v 2344.287842 84.193947 -5667.106445
v 2344.227783 75.343414 -5667.124512
v 2344.227783 84.193947 -5667.124512
v 2344.172363 75.343414 -5667.154297
v 2344.172363 84.193947 -5667.154297
v 2344.124023 75.343414 -5667.193848
v 2344.124023 84.193947 -5667.193848
v 2344.083984 75.343414 -5667.242676
v 2344.083984 84.193947 -5667.242676
v 2344.054443 75.343414 -5667.297852
v 2344.054443 84.193947 -5667.297852
v 2344.036377 75.343414 -5667.357910
v 2344.036377 84.193947 -5667.357910
v 2344.030273 75.343414 -5667.420410
v 2344.030273 84.193947 -5667.420410
v 2344.036377 75.343414 -5667.482910
v 2344.036377 84.193947 -5667.482910
v 2344.054443 75.343414 -5667.542969
v 2344.054443 84.193947 -5667.542969
v 2344.083984 75.343414 -5667.598145
v 2344.083984 84.193947 -5667.598145
v 2344.124023 75.343414 -5667.646484
v 2344.124023 84.193947 -5667.646484
v 2344.172363 75.343414 -5667.686523
v 2344.172363 84.193947 -5667.686523
v 2344.227783 75.343414 -5667.715820
v 2344.227783 84.193947 -5667.715820
v 2344.287842 75.343414 -5667.734375
v 2344.287842 84.193947 -5667.734375
v 2371.355713 75.343414 -5667.740234
v 2371.355713 84.193947 -5667.740234
v 2371.418213 75.343414 -5667.734375
v 2371.418213 84.193947 -5667.734375
v 2371.478271 75.343414 -5667.715820
v 2371.478271 84.193947 -5667.715820
v 2371.533691 75.343414 -5667.686523
v 2371.533691 84.193947 -5667.686523
v 2371.582031 75.343414 -5667.646484
v 2371.582031 84.193947 -5667.646484
v 2371.621826 75.343414 -5667.598145
v 2371.621826 84.193947 -5667.598145
v 2371.651367 75.343414 -5667.542969
v 2371.651367 84.193947 -5667.542969
v 2371.669678 75.343414 -5667.482910
v 2371.669678 84.193947 -5667.482910
v 2371.675781 75.343414 -5667.420410
v 2371.675781 84.193947 -5667.420410
v 2371.669678 75.343414 -5667.357910
v 2371.669678 84.193947 -5667.357910
v 2371.651367 75.343414 -5667.297852
v 2371.651367 84.193947 -5667.297852
v 2371.621826 75.343414 -5667.242676
v 2371.621826 84.193947 -5667.242676
v 2371.582031 75.343414 -5667.193848
v 2371.582031 84.193947 -5667.193848
v 2371.533691 75.343414 -5667.154297
v 2371.533691 84.193947 -5667.154297
v 2371.478271 75.343414 -5667.124512
v 2371.478271 84.193947 -5667.124512
v 2371.418213 75.343414 -5667.106445
v 2371.418213 84.193947 -5667.106445
v 2371.355713 75.343414 -5667.100098
v 2371.355713 84.193947 -5667.100098
v 2371.293457 75.343414 -5667.106445
v 2371.293457 84.193947 -5667.106445
v 2371.233398 75.343414 -5667.124512
v 2371.233398 84.193947 -5667.124512
v 2371.177979 75.343414 -5667.154297
v 2371.177979 84.193947 -5667.154297
v 2371.129395 75.343414 -5667.193848
v 2371.129395 84.193947 -5667.193848
v 2371.089600 75.343414 -5667.242676
v 2371.089600 84.193947 -5667.242676
v 2371.060059 75.343414 -5667.297852
v 2371.060059 84.193947 -5667.297852
v 2371.041992 75.343414 -5667.357910
v 2371.041992 84.193947 -5667.357910
v 2371.035889 75.343414 -5667.420410
v 2371.035889 84.193947 -5667.420410
v 2371.041992 75.343414 -5667.482910
v 2371.041992 84.193947 -5667.482910
v 2371.060059 75.343414 -5667.542969
v 2371.060059 84.193947 -5667.542969
v 2371.089600 75.343414 -5667.598145
v 2371.089600 84.193947 -5667.598145
v 2371.129395 75.343414 -5667.646484
v 2371.129395 84.193947 -5667.646484
v 2371.177979 75.343414 -5667.686523
v 2371.177979 84.193947 -5667.686523
v 2371.233398 75.343414 -5667.715820
v 2371.233398 84.193947 -5667.715820
v 2371.293457 75.343414 -5667.734375
v 2371.293457 84.193947 -5667.734375
v 2362.317383 75.343414 -5667.740234
v 2362.317383 84.193947 -5667.740234
v 2362.379883 75.343414 -5667.734375
v 2362.379883 84.193947 -5667.734375
v 2362.439941 75.343414 -5667.715820
v 2362.439941 84.193947 -5667.715820
v 2362.495361 75.343414 -5667.686523
v 2362.495361 84.193947 -5667.686523
v 2362.543701 75.343414 -5667.646484
v 2362.543701 84.193947 -5667.646484
v 2362.583496 75.343414 -5667.598145
v 2362.583496 84.193947 -5667.598145
v 2362.613037 75.343414 -5667.542969
v 2362.613037 84.193947 -5667.542969
v 2362.631348 75.343414 -5667.482910
v 2362.631348 84.193947 -5667.482910
v 2362.637451 75.343414 -5667.420410
v 2362.637451 84.193947 -5667.420410
v 2362.631348 75.343414 -5667.357910
v 2362.631348 84.193947 -5667.357910
v 2362.613037 75.343414 -5667.297852
v 2362.613037 84.193947 -5667.297852
v 2362.583496 75.343414 -5667.242676
v 2362.583496 84.193947 -5667.242676
v 2362.543701 75.343414 -5667.193848
v 2362.543701 84.193947 -5667.193848
v 2362.495361 75.343414 -5667.154297
v 2362.495361 84.193947 -5667.154297
v 2362.439941 75.343414 -5667.124512
v 2362.439941 84.193947 -5667.124512
v 2362.379883 75.343414 -5667.106445
v 2362.379883 84.193947 -5667.106445
v 2362.317383 75.343414 -5667.100098
v 2362.317383 84.193947 -5667.100098
v 2362.255127 75.343414 -5667.106445
v 2362.255127 84.193947 -5667.106445
v 2362.195068 75.343414 -5667.124512
v 2362.195068 84.193947 -5667.124512
v 2362.139648 75.343414 -5667.154297
v 2362.139648 84.193947 -5667.154297
v 2362.091309 75.343414 -5667.193848
v 2362.091309 84.193947 -5667.193848
v 2362.051270 75.343414 -5667.242676
v 2362.051270 84.193947 -5667.242676
v 2362.021729 75.343414 -5667.297852
v 2362.021729 84.193947 -5667.297852
v 2362.003662 75.343414 -5667.357910
v 2362.003662 84.193947 -5667.357910
v 2361.997559 75.343414 -5667.420410
v 2361.997559 84.193947 -5667.420410
v 2362.003662 75.343414 -5667.482910
v 2362.003662 84.193947 -5667.482910
v 2362.021729 75.343414 -5667.542969
v 2362.021729 84.193947 -5667.542969
v 2362.051270 75.343414 -5667.598145
v 2362.051270 84.193947 -5667.598145
v 2362.091309 75.343414 -5667.646484
v 2362.091309 84.193947 -5667.646484
v 2362.139648 75.343414 -5667.686523
v 2362.139648 84.193947 -5667.686523
v 2362.195068 75.343414 -5667.715820
v 2362.195068 84.193947 -5667.715820
v 2362.255127 75.343414 -5667.734375
v 2362.255127 84.193947 -5667.734375
v 2380.400146 75.343414 -5667.740234
v 2380.400146 84.193947 -5667.740234
v 2380.462646 75.343414 -5667.734375
v 2380.462646 84.193947 -5667.734375
v 2380.522705 75.343414 -5667.715820
v 2380.522705 84.193947 -5667.715820
v 2380.578125 75.343414 -5667.686523
v 2380.578125 84.193947 -5667.686523
v 2380.626465 75.343414 -5667.646484
v 2380.626465 84.193947 -5667.646484
v 2380.666260 75.343414 -5667.598145
v 2380.666260 84.193947 -5667.598145
v 2380.695801 75.343414 -5667.542969
v 2380.695801 84.193947 -5667.542969
v 2380.714111 75.343414 -5667.482910
v 2380.714111 84.193947 -5667.482910
v 2380.720215 75.343414 -5667.420410
v 2380.720215 84.193947 -5667.420410
v 2380.714111 75.343414 -5667.357910
v 2380.714111 84.193947 -5667.357910
v 2380.695801 75.343414 -5667.297852
v 2380.695801 84.193947 -5667.297852
v 2380.666260 75.343414 -5667.242676
v 2380.666260 84.193947 -5667.242676
v 2380.626465 75.343414 -5667.193848
v 2380.626465 84.193947 -5667.193848
v 2380.578125 75.343414 -5667.154297
v 2380.578125 84.193947 -5667.154297
v 2380.522705 75.343414 -5667.124512
v 2380.522705 84.193947 -5667.124512
v 2380.462646 75.343414 -5667.106445
v 2380.462646 84.193947 -5667.106445
v 2380.400146 75.343414 -5667.100098
v 2380.400146 84.193947 -5667.100098
v 2380.337891 75.343414 -5667.106445
v 2380.337891 84.193947 -5667.106445
v 2380.277832 75.343414 -5667.124512
v 2380.277832 84.193947 -5667.124512
v 2380.222412 75.343414 -5667.154297
v 2380.222412 84.193947 -5667.154297
v 2380.173828 75.343414 -5667.193848
v 2380.173828 84.193947 -5667.193848
v 2380.134033 75.343414 -5667.242676
v 2380.134033 84.193947 -5667.242676
v 2380.104492 75.343414 -5667.297852
v 2380.104492 84.193947 -5667.297852
v 2380.086426 75.343414 -5667.357910
v 2380.086426 84.193947 -5667.357910
v 2380.080322 75.343414 -5667.420410
v 2380.080322 84.193947 -5667.420410
v 2380.086426 75.343414 -5667.482910
v 2380.086426 84.193947 -5667.482910
v 2380.104492 75.343414 -5667.542969
v 2380.104492 84.193947 -5667.542969
v 2380.134033 75.343414 -5667.598145
v 2380.134033 84.193947 -5667.598145
v 2380.173828 75.343414 -5667.646484
v 2380.173828 84.193947 -5667.646484
v 2380.222412 75.343414 -5667.686523
v 2380.222412 84.193947 -5667.686523
v 2380.277832 75.343414 -5667.715820
v 2380.277832 84.193947 -5667.715820
v 2380.337891 75.343414 -5667.734375
v 2380.337891 84.193947 -5667.734375
v 2398.334961 75.343414 -5667.633301
v 2398.334961 84.193947 -5667.633301
v 2398.397461 75.343414 -5667.626953
v 2398.397461 84.193947 -5667.626953
v 2398.457520 75.343414 -5667.608887
v 2398.457520 84.193947 -5667.608887
v 2398.512695 75.343414 -5667.579102
v 2398.512939 84.193947 -5667.579102
v 2398.561279 75.343414 -5667.539551
v 2398.561279 84.193947 -5667.539551
v 2398.601074 75.343414 -5667.490723
v 2398.601074 84.193947 -5667.490723
v 2398.630615 75.343414 -5667.435547
v 2398.630615 84.193947 -5667.435547
v 2398.648926 75.343414 -5667.375488
v 2398.648926 84.193947 -5667.375488
v 2398.655029 75.343414 -5667.312988
v 2398.655029 84.193947 -5667.312988
v 2398.648926 75.343414 -5667.250488
v 2398.648926 84.193947 -5667.250488
v 2398.630615 75.343414 -5667.190918
v 2398.630615 84.193947 -5667.190918
v 2398.601074 75.343414 -5667.135254
v 2398.601074 84.193947 -5667.135254
v 2398.561279 75.343414 -5667.086914
v 2398.561279 84.193947 -5667.086914
v 2398.512695 75.343414 -5667.046875
v 2398.512939 84.193947 -5667.046875
v 2398.457520 75.343414 -5667.017578
v 2398.457520 84.193947 -5667.017578
v 2398.397461 75.343414 -5666.999512
v 2398.397461 84.193947 -5666.999512
v 2398.334961 75.343414 -5666.993164
v 2398.334961 84.193947 -5666.993164
v 2398.272705 75.343414 -5666.999512
v 2398.272705 84.193947 -5666.999512
v 2398.212646 75.343414 -5667.017578
v 2398.212646 84.193947 -5667.017578
v 2398.157227 75.343414 -5667.046875
v 2398.157227 84.193947 -5667.046875
v 2398.108643 75.343414 -5667.086914
v 2398.108887 84.193947 -5667.086914
v 2398.068848 75.343414 -5667.135254
v 2398.069092 84.193947 -5667.135254
v 2398.039307 75.343414 -5667.190918
v 2398.039307 84.193947 -5667.190918
v 2398.021240 75.343414 -5667.250488
v 2398.021240 84.193947 -5667.250488
v 2398.015137 75.343414 -5667.312988
v 2398.015137 84.193947 -5667.312988
v 2398.021240 75.343414 -5667.375488
v 2398.021240 84.193947 -5667.375488
v 2398.039307 75.343414 -5667.435547
v 2398.039307 84.193947 -5667.435547
v 2398.068848 75.343414 -5667.490723
v 2398.069092 84.193947 -5667.490723
v 2398.108643 75.343414 -5667.539551
v 2398.108887 84.193947 -5667.539551
v 2398.157227 75.343414 -5667.579102
v 2398.157227 84.193947 -5667.579102
v 2398.212646 75.343414 -5667.608887
v 2398.212646 84.193947 -5667.608887
v 2398.272705 75.343414 -5667.626953
v 2398.272705 84.193947 -5667.626953
v 2434.312744 75.343414 -5667.477539
v 2434.312744 84.193947 -5667.477539
v 2434.375244 75.343414 -5667.471191
v 2434.375244 84.193947 -5667.471191
v 2434.435303 75.343414 -5667.453125
v 2434.435303 84.193947 -5667.453125
v 2434.490723 75.343414 -5667.423828
v 2434.490723 84.193947 -5667.423828
v 2434.539062 75.343414 -5667.383789
v 2434.539062 84.193947 -5667.383789
v 2434.578857 75.343414 -5667.335449
v 2434.578857 84.193947 -5667.335449
v 2434.608398 75.343414 -5667.279785
v 2434.608398 84.193947 -5667.279785
v 2434.626709 75.343414 -5667.219727
v 2434.626709 84.193947 -5667.219727
v 2434.632812 75.343414 -5667.157715
v 2434.632812 84.193947 -5667.157715
v 2434.626709 75.343414 -5667.095215
v 2434.626709 84.193947 -5667.095215
v 2434.608398 75.343414 -5667.035156
v 2434.608398 84.193947 -5667.035156
v 2434.578857 75.343414 -5666.979980
v 2434.578857 84.193947 -5666.979980
v 2434.539062 75.343414 -5666.931152
v 2434.539062 84.193947 -5666.931152
v 2434.490723 75.343414 -5666.891602
v 2434.490723 84.193947 -5666.891602
v 2434.435303 75.343414 -5666.861816
v 2434.435303 84.193947 -5666.861816
v 2434.375244 75.343414 -5666.843750
v 2434.375244 84.193947 -5666.843750
v 2434.312744 75.343414 -5666.837402
v 2434.312744 84.193947 -5666.837402
v 2434.250488 75.343414 -5666.843750
v 2434.250488 84.193947 -5666.843750
v 2434.190430 75.343414 -5666.861816
v 2434.190430 84.193947 -5666.861816
v 2434.135010 75.343414 -5666.891602
v 2434.135010 84.193947 -5666.891602
v 2434.086426 75.343414 -5666.931152
v 2434.086426 84.193947 -5666.931152
v 2434.046875 75.343414 -5666.979980
v 2434.046875 84.193947 -5666.979980
v 2434.017090 75.343414 -5667.035156
v 2434.017090 84.193947 -5667.035156
v 2433.999023 75.343414 -5667.095215
v 2433.999023 84.193947 -5667.095215
v 2433.992920 75.343414 -5667.157715
v 2433.992920 84.193947 -5667.157715
v 2433.999023 75.343414 -5667.219727
v 2433.999023 84.193947 -5667.219727
v 2434.017090 75.343414 -5667.279785
v 2434.017090 84.193947 -5667.279785
v 2434.046875 75.343414 -5667.335449
v 2434.046875 84.193947 -5667.335449
v 2434.086426 75.343414 -5667.383789
v 2434.086426 84.193947 -5667.383789
v 2434.135010 75.343414 -5667.423828
v 2434.135010 84.193947 -5667.423828
v 2434.190430 75.343414 -5667.453125
v 2434.190430 84.193947 -5667.453125
v 2434.250488 75.343414 -5667.471191
v 2434.250488 84.193947 -5667.471191
v 2389.358643 75.343414 -5667.687988
v 2389.358643 84.193947 -5667.687988
v 2389.421143 75.343414 -5667.682129
v 2389.421143 84.193947 -5667.682129
v 2389.481201 75.343414 -5667.664062
v 2389.481201 84.193947 -5667.664062
v 2389.536377 75.343414 -5667.634277
v 2389.536621 84.193947 -5667.634277
v 2389.584961 75.343414 -5667.594238
v 2389.584961 84.193947 -5667.594238
v 2389.624756 75.343414 -5667.545898
v 2389.624756 84.193947 -5667.545898
v 2389.654297 75.343414 -5667.490723
v 2389.654297 84.193947 -5667.490723
v 2389.672607 75.343414 -5667.430664
v 2389.672607 84.193947 -5667.430664
v 2389.678711 75.343414 -5667.368164
v 2389.678711 84.193947 -5667.368164
v 2389.672607 75.343414 -5667.305664
v 2389.672607 84.193947 -5667.305664
v 2389.654297 75.343414 -5667.245605
v 2389.654297 84.193947 -5667.245605
v 2389.624756 75.343414 -5667.190430
v 2389.624756 84.193947 -5667.190430
v 2389.584961 75.343414 -5667.142090
v 2389.584961 84.193947 -5667.142090
v 2389.536377 75.343414 -5667.102051
v 2389.536621 84.193947 -5667.102051
v 2389.481201 75.343414 -5667.072754
v 2389.481201 84.193947 -5667.072754
v 2389.421143 75.343414 -5667.054199
v 2389.421143 84.193947 -5667.054199
v 2389.358643 75.343414 -5667.048340
v 2389.358643 84.193947 -5667.048340
v 2389.296387 75.343414 -5667.054199
v 2389.296387 84.193947 -5667.054199
v 2389.236328 75.343414 -5667.072754
v 2389.236328 84.193947 -5667.072754
v 2389.180908 75.343414 -5667.102051
v 2389.180908 84.193947 -5667.102051
v 2389.132324 75.343414 -5667.142090
v 2389.132568 84.193947 -5667.142090
v 2389.092529 75.343414 -5667.190430
v 2389.092773 84.193947 -5667.190430
v 2389.062988 75.343414 -5667.245605
v 2389.062988 84.193947 -5667.245605
v 2389.044922 75.343414 -5667.305664
v 2389.044922 84.193947 -5667.305664
v 2389.038818 75.343414 -5667.368164
v 2389.038818 84.193947 -5667.368164
v 2389.044922 75.343414 -5667.430664
v 2389.044922 84.193947 -5667.430664
v 2389.062988 75.343414 -5667.490723
v 2389.062988 84.193947 -5667.490723
v 2389.092529 75.343414 -5667.545898
v 2389.092773 84.193947 -5667.545898
v 2389.132324 75.343414 -5667.594238
v 2389.132568 84.193947 -5667.594238
v 2389.180908 75.343414 -5667.634277
v 2389.180908 84.193947 -5667.634277
v 2389.236328 75.343414 -5667.664062
v 2389.236328 84.193947 -5667.664062
v 2389.296387 75.343414 -5667.682129
v 2389.296387 84.193947 -5667.682129
v 2425.240234 75.343414 -5667.477539
v 2425.240234 84.193947 -5667.477539
v 2425.302734 75.343414 -5667.471191
v 2425.302734 84.193947 -5667.471191
v 2425.362793 75.343414 -5667.453125
v 2425.362793 84.193947 -5667.453125
v 2425.417969 75.343414 -5667.423828
v 2425.417969 84.193947 -5667.423828
v 2425.466553 75.343414 -5667.383789
v 2425.466553 84.193947 -5667.383789
v 2425.506348 75.343414 -5667.335449
v 2425.506348 84.193947 -5667.335449
v 2425.535889 75.343414 -5667.279785
v 2425.535889 84.193947 -5667.279785
v 2425.554199 75.343414 -5667.219727
v 2425.554199 84.193947 -5667.219727
v 2425.560303 75.343414 -5667.157715
v 2425.560303 84.193947 -5667.157715
v 2425.554199 75.343414 -5667.095215
v 2425.554199 84.193947 -5667.095215
v 2425.535889 75.343414 -5667.035156
v 2425.535889 84.193947 -5667.035156
v 2425.506348 75.343414 -5666.979980
v 2425.506348 84.193947 -5666.979980
v 2425.466553 75.343414 -5666.931152
v 2425.466553 84.193947 -5666.931152
v 2425.417969 75.343414 -5666.891602
v 2425.417969 84.193947 -5666.891602
v 2425.362793 75.343414 -5666.861816
v 2425.362793 84.193947 -5666.861816
v 2425.302734 75.343414 -5666.843750
v 2425.302734 84.193947 -5666.843750
v 2425.240234 75.343414 -5666.837402
v 2425.240234 84.193947 -5666.837402
v 2425.177979 75.343414 -5666.843750
v 2425.177979 84.193947 -5666.843750
v 2425.117920 75.343414 -5666.861816
v 2425.117920 84.193947 -5666.861816
v 2425.062500 75.343414 -5666.891602
v 2425.062500 84.193947 -5666.891602
v 2425.014160 75.343414 -5666.931152
v 2425.014160 84.193947 -5666.931152
v 2424.974121 75.343414 -5666.979980
v 2424.974121 84.193947 -5666.979980
v 2424.944580 75.343414 -5667.035156
v 2424.944580 84.193947 -5667.035156
v 2424.926514 75.343414 -5667.095215
v 2424.926514 84.193947 -5667.095215
v 2424.920410 75.343414 -5667.157715
v 2424.920410 84.193947 -5667.157715
v 2424.926514 75.343414 -5667.219727
v 2424.926514 84.193947 -5667.219727
v 2424.944580 75.343414 -5667.279785
v 2424.944580 84.193947 -5667.279785
v 2424.974121 75.343414 -5667.335449
v 2424.974121 84.193947 -5667.335449
v 2425.014160 75.343414 -5667.383789
v 2425.014160 84.193947 -5667.383789
v 2425.062500 75.343414 -5667.423828
v 2425.062500 84.193947 -5667.423828
v 2425.117920 75.343414 -5667.453125
v 2425.117920 84.193947 -5667.453125
v 2425.177979 75.343414 -5667.471191
v 2425.177979 84.193947 -5667.471191
v 2416.281738 75.343414 -5667.477539
v 2416.281738 84.193947 -5667.477539
v 2416.344238 75.343414 -5667.471191
v 2416.344238 84.193947 -5667.471191
v 2416.404297 75.343414 -5667.453125
v 2416.404297 84.193947 -5667.453125
v 2416.459473 75.343414 -5667.423828
v 2416.459473 84.193947 -5667.423828
v 2416.508057 75.343414 -5667.383789
v 2416.508057 84.193947 -5667.383789
v 2416.547852 75.343414 -5667.335449
v 2416.547852 84.193947 -5667.335449
v 2416.577393 75.343414 -5667.279785
v 2416.577393 84.193947 -5667.279785
v 2416.595703 75.343414 -5667.219727
v 2416.595703 84.193947 -5667.219727
v 2416.601807 75.343414 -5667.157715
v 2416.601807 84.193947 -5667.157715
v 2416.595703 75.343414 -5667.095215
v 2416.595703 84.193947 -5667.095215
v 2416.577393 75.343414 -5667.035156
v 2416.577393 84.193947 -5667.035156
v 2416.547852 75.343414 -5666.979980
v 2416.547852 84.193947 -5666.979980
v 2416.508057 75.343414 -5666.931152
v 2416.508057 84.193947 -5666.931152
v 2416.459473 75.343414 -5666.891602
v 2416.459473 84.193947 -5666.891602
v 2416.404297 75.343414 -5666.861816
v 2416.404297 84.193947 -5666.861816
v 2416.344238 75.343414 -5666.843750
v 2416.344238 84.193947 -5666.843750
v 2416.281738 75.343414 -5666.837402
v 2416.281738 84.193947 -5666.837402
v 2416.219482 75.343414 -5666.843750
v 2416.219482 84.193947 -5666.843750
v 2416.159424 75.343414 -5666.861816
v 2416.159424 84.193947 -5666.861816
v 2416.104004 75.343414 -5666.891602
v 2416.104004 84.193947 -5666.891602
v 2416.055664 75.343414 -5666.931152
v 2416.055664 84.193947 -5666.931152
v 2416.015625 75.343414 -5666.979980
v 2416.015625 84.193947 -5666.979980
v 2415.986084 75.343414 -5667.035156
v 2415.986084 84.193947 -5667.035156
v 2415.968018 75.343414 -5667.095215
v 2415.968018 84.193947 -5667.095215
v 2415.961914 75.343414 -5667.157715
v 2415.961914 84.193947 -5667.157715
v 2415.968018 75.343414 -5667.219727
v 2415.968018 84.193947 -5667.219727
v 2415.986084 75.343414 -5667.279785
v 2415.986084 84.193947 -5667.279785
v 2416.015625 75.343414 -5667.335449
v 2416.015625 84.193947 -5667.335449
v 2416.055664 75.343414 -5667.383789
v 2416.055664 84.193947 -5667.383789
v 2416.104004 75.343414 -5667.423828
v 2416.104004 84.193947 -5667.423828
v 2416.159424 75.343414 -5667.453125
v 2416.159424 84.193947 -5667.453125
v 2416.219482 75.343414 -5667.471191
v 2416.219482 84.193947 -5667.471191
v 2443.252441 75.343414 -5667.477539
v 2443.252441 84.193947 -5667.477539
v 2443.314941 75.343414 -5667.471191
v 2443.314941 84.193947 -5667.471191
v 2443.375000 75.343414 -5667.453125
v 2443.375000 84.193947 -5667.453125
v 2443.430176 75.343414 -5667.423828
v 2443.430176 84.193947 -5667.423828
v 2443.478760 75.343414 -5667.383789
v 2443.478760 84.193947 -5667.383789
v 2443.518555 75.343414 -5667.335449
v 2443.518555 84.193947 -5667.335449
v 2443.548096 75.343414 -5667.279785
v 2443.548096 84.193947 -5667.279785
v 2443.566406 75.343414 -5667.219727
v 2443.566406 84.193947 -5667.219727
v 2443.572510 75.343414 -5667.157715
v 2443.572510 84.193947 -5667.157715
v 2443.566406 75.343414 -5667.095215
v 2443.566406 84.193947 -5667.095215
v 2443.548096 75.343414 -5667.035156
v 2443.548096 84.193947 -5667.035156
v 2443.518555 75.343414 -5666.979980
v 2443.518555 84.193947 -5666.979980
v 2443.478760 75.343414 -5666.931152
v 2443.478760 84.193947 -5666.931152
v 2443.430176 75.343414 -5666.891602
v 2443.430176 84.193947 -5666.891602
v 2443.375000 75.343414 -5666.861816
v 2443.375000 84.193947 -5666.861816
v 2443.314941 75.343414 -5666.843750
v 2443.314941 84.193947 -5666.843750
v 2443.252441 75.343414 -5666.837402
v 2443.252441 84.193947 -5666.837402
v 2443.190186 75.343414 -5666.843750
v 2443.190186 84.193947 -5666.843750
v 2443.130127 75.343414 -5666.861816
v 2443.130127 84.193947 -5666.861816
v 2443.074707 75.343414 -5666.891602
v 2443.074707 84.193947 -5666.891602
v 2443.026367 75.343414 -5666.931152
v 2443.026367 84.193947 -5666.931152
v 2442.986328 75.343414 -5666.979980
v 2442.986328 84.193947 -5666.979980
v 2442.956787 75.343414 -5667.035156
v 2442.956787 84.193947 -5667.035156
v 2442.938721 75.343414 -5667.095215
v 2442.938721 84.193947 -5667.095215
v 2442.932617 75.343414 -5667.157715
v 2442.932617 84.193947 -5667.157715
v 2442.938721 75.343414 -5667.219727
v 2442.938721 84.193947 -5667.219727
v 2442.956787 75.343414 -5667.279785
v 2442.956787 84.193947 -5667.279785
v 2442.986328 75.343414 -5667.335449
v 2442.986328 84.193947 -5667.335449
v 2443.026367 75.343414 -5667.383789
v 2443.026367 84.193947 -5667.383789
v 2443.074707 75.343414 -5667.423828
v 2443.074707 84.193947 -5667.423828
v 2443.130127 75.343414 -5667.453125
v 2443.130127 84.193947 -5667.453125
v 2443.190186 75.343414 -5667.471191
v 2443.190186 84.193947 -5667.471191
v 2452.103760 75.343414 -5667.432129
v 2452.103760 84.193947 -5667.432129
v 2452.166260 75.343414 -5667.426270
v 2452.166260 84.193947 -5667.426270
v 2452.226318 75.343414 -5667.408203
v 2452.226318 84.193947 -5667.408203
v 2452.281738 75.343414 -5667.378418
v 2452.281738 84.193947 -5667.378418
v 2452.330078 75.343414 -5667.338867
v 2452.330078 84.193947 -5667.338867
v 2452.369873 75.343414 -5667.290039
v 2452.369873 84.193947 -5667.290039
v 2452.399414 75.343414 -5667.234863
v 2452.399414 84.193947 -5667.234863
v 2452.417725 75.343414 -5667.174805
v 2452.417725 84.193947 -5667.174805
v 2452.423828 75.343414 -5667.112305
v 2452.423828 84.193947 -5667.112305
v 2452.417725 75.343414 -5667.049805
v 2452.417725 84.193947 -5667.049805
v 2452.399414 75.343414 -5666.989746
v 2452.399414 84.193947 -5666.989746
v 2452.369873 75.343414 -5666.934570
v 2452.369873 84.193947 -5666.934570
v 2452.330078 75.343414 -5666.886230
v 2452.330078 84.193947 -5666.886230
v 2452.281738 75.343414 -5666.846191
v 2452.281738 84.193947 -5666.846191
v 2452.226318 75.343414 -5666.816895
v 2452.226318 84.193947 -5666.816895
v 2452.166260 75.343414 -5666.798340
v 2452.166260 84.193947 -5666.798340
v 2452.103760 75.343414 -5666.792480
v 2452.103760 84.193947 -5666.792480
v 2452.041504 75.343414 -5666.798340
v 2452.041504 84.193947 -5666.798340
v 2451.981445 75.343414 -5666.816895
v 2451.981445 84.193947 -5666.816895
v 2451.926025 75.343414 -5666.846191
v 2451.926025 84.193947 -5666.846191
v 2451.877441 75.343414 -5666.886230
v 2451.877441 84.193947 -5666.886230
v 2451.837891 75.343414 -5666.934570
v 2451.837891 84.193947 -5666.934570
v 2451.808105 75.343414 -5666.989746
v 2451.808105 84.193947 -5666.989746
v 2451.790039 75.343414 -5667.049805
v 2451.790039 84.193947 -5667.049805
v 2451.783936 75.343414 -5667.112305
v 2451.783936 84.193947 -5667.112305
v 2451.790039 75.343414 -5667.174805
v 2451.790039 84.193947 -5667.174805
v 2451.808105 75.343414 -5667.234863
v 2451.808105 84.193947 -5667.234863
v 2451.837891 75.343414 -5667.290039
v 2451.837891 84.193947 -5667.290039
v 2451.877441 75.343414 -5667.338867
v 2451.877441 84.193947 -5667.338867
v 2451.926025 75.343414 -5667.378418
v 2451.926025 84.193947 -5667.378418
v 2451.981445 75.343414 -5667.408203
v 2451.981445 84.193947 -5667.408203
v 2452.041504 75.343414 -5667.426270
v 2452.041504 84.193947 -5667.426270
v 2461.224854 75.343414 -5667.377930
v 2461.224854 84.193947 -5667.377930
v 2461.287354 75.343414 -5667.372070
v 2461.287354 84.193947 -5667.372070
v 2461.347412 75.343414 -5667.353516
v 2461.347412 84.193947 -5667.353516
v 2461.402832 75.343414 -5667.324219
v 2461.402832 84.193947 -5667.324219
v 2461.451172 75.343414 -5667.284180
v 2461.451172 84.193947 -5667.284180
v 2461.490967 75.343414 -5667.235840
v 2461.490967 84.193947 -5667.235840
v 2461.520508 75.343414 -5667.180664
v 2461.520508 84.193947 -5667.180664
v 2461.538818 75.343414 -5667.120605
v 2461.538818 84.193947 -5667.120605
v 2461.544922 75.343414 -5667.058105
v 2461.544922 84.193947 -5667.058105
v 2461.538818 75.343414 -5666.995605
v 2461.538818 84.193947 -5666.995605
v 2461.520508 75.343414 -5666.935547
v 2461.520508 84.193947 -5666.935547
v 2461.490967 75.343414 -5666.880371
v 2461.490967 84.193947 -5666.880371
v 2461.451172 75.343414 -5666.831543
v 2461.451172 84.193947 -5666.831543
v 2461.402832 75.343414 -5666.791992
v 2461.402832 84.193947 -5666.791992
v 2461.347412 75.343414 -5666.762207
v 2461.347412 84.193947 -5666.762207
v 2461.287354 75.343414 -5666.744141
v 2461.287354 84.193947 -5666.744141
v 2461.224854 75.343414 -5666.738281
v 2461.224854 84.193947 -5666.738281
v 2461.162598 75.343414 -5666.744141
v 2461.162598 84.193947 -5666.744141
v 2461.102539 75.343414 -5666.762207
v 2461.102539 84.193947 -5666.762207
v 2461.047119 75.343414 -5666.791992
v 2461.047119 84.193947 -5666.791992
v 2460.998535 75.343414 -5666.831543
v 2460.998535 84.193947 -5666.831543
v 2460.958984 75.343414 -5666.880371
v 2460.958984 84.193947 -5666.880371
v 2460.929199 75.343414 -5666.935547
v 2460.929199 84.193947 -5666.935547
v 2460.911133 75.343414 -5666.995605
v 2460.911133 84.193947 -5666.995605
v 2460.905029 75.343414 -5667.058105
v 2460.905029 84.193947 -5667.058105
v 2460.911133 75.343414 -5667.120605
v 2460.911133 84.193947 -5667.120605
v 2460.929199 75.343414 -5667.180664
v 2460.929199 84.193947 -5667.180664
v 2460.958984 75.343414 -5667.235840
v 2460.958984 84.193947 -5667.235840
v 2460.998535 75.343414 -5667.284180
v 2460.998535 84.193947 -5667.284180
v 2461.047119 75.343414 -5667.324219
v 2461.047119 84.193947 -5667.324219
v 2461.102539 75.343414 -5667.353516
v 2461.102539 84.193947 -5667.353516
v 2461.162598 75.343414 -5667.372070
v 2461.162598 84.193947 -5667.372070
vn -0.0000 -1.0000 -0.0000
vn -1.0000 -0.0000 -0.0000
vn -0.0000 0.9986 0.0531
vn 1.0000 -0.0000 -0.0000
vn -0.0000 -0.1310 0.9914
vn -0.0000 -0.1245 -0.9922
vn -0.0980 -0.0000 0.9952
vn -0.2903 -0.0000 0.9569
vn -0.4714 -0.0000 0.8819
vn -0.6344 -0.0000 0.7730
vn -0.7730 -0.0000 0.6344
vn -0.8819 -0.0000 0.4714
vn -0.9569 -0.0000 0.2903
vn -0.9952 -0.0000 0.0980
vn -0.9952 -0.0000 -0.0980
vn -0.9569 -0.0000 -0.2903
vn -0.8819 -0.0000 -0.4714
vn -0.7730 -0.0000 -0.6344
vn -0.6344 -0.0000 -0.7730
vn -0.4714 -0.0000 -0.8819
vn -0.2903 -0.0000 -0.9569
vn -0.0980 -0.0000 -0.9952
vn 0.0980 -0.0000 -0.9952
vn 0.2903 -0.0000 -0.9569
vn 0.4714 -0.0000 -0.8819
vn 0.6344 -0.0000 -0.7730
vn 0.7730 -0.0000 -0.6344
vn 0.8819 -0.0000 -0.4714
vn 0.9569 -0.0000 -0.2903
vn 0.9952 -0.0000 -0.0980
vn 0.9952 -0.0000 0.0980
vn 0.9569 -0.0000 0.2903
vn 0.8819 -0.0000 0.4714
vn 0.7730 -0.0000 0.6344
vn 0.6344 -0.0000 0.7730
vn 0.4714 -0.0000 0.8819
vn 0.2903 -0.0000 0.9569
vn 0.0980 -0.0000 0.9952
vn -0.0000 1.0000 -0.0000
vn -0.9569 -0.0000 0.2904
vn -0.9569 -0.0000 -0.2904
vn 0.9569 -0.0000 -0.2904
vn 0.9569 -0.0000 0.2904
vn -0.9570 -0.0000 0.2902
vn -0.9570 -0.0000 -0.2902
vn 0.9570 -0.0000 -0.2902
vn 0.9570 -0.0000 0.2902
vn -0.4713 -0.0000 0.8819
vn -0.4713 -0.0000 -0.8819
vn 0.4713 -0.0000 -0.8819
vn 0.9952 -0.0000 -0.0979
vn 0.9952 -0.0000 0.0979
vn 0.4713 -0.0000 0.8819
vt 0.375000 0.000000
vt 0.625000 0.000000
vt 0.625000 0.250000
vt 0.375000 0.250000
vt 0.625000 0.500000
vt 0.375000 0.500000
vt 0.625000 0.750000
vt 0.375000 0.750000
vt 0.625000 1.000000
vt 0.375000 1.000000
vt 0.125000 0.500000
vt 0.125000 0.750000
vt 0.875000 0.500000
vt 0.875000 0.750000
vt 1.000000 0.500000
vt 1.000000 1.000000
vt 0.968750 1.000000
vt 0.968750 0.500000
vt 0.937500 1.000000
vt 0.937500 0.500000
vt 0.906250 1.000000
vt 0.906250 0.500000
vt 0.875000 1.000000
vt 0.843750 1.000000
vt 0.843750 0.500000
vt 0.812500 1.000000
vt 0.812500 0.500000
vt 0.781250 1.000000
vt 0.781250 0.500000
vt 0.750000 1.000000
vt 0.750000 0.500000
vt 0.718750 1.000000
vt 0.718750 0.500000
vt 0.687500 1.000000
vt 0.687500 0.500000
vt 0.656250 1.000000
vt 0.656250 0.500000
vt 0.593750 1.000000
vt 0.593750 0.500000
vt 0.562500 1.000000
vt 0.562500 0.500000
vt 0.531250 1.000000
vt 0.531250 0.500000
vt 0.500000 1.000000
vt 0.500000 0.500000
vt 0.468750 1.000000
vt 0.468750 0.500000
vt 0.437500 1.000000
vt 0.437500 0.500000
vt 0.406250 1.000000
vt 0.406250 0.500000
vt 0.343750 1.000000
vt 0.343750 0.500000
vt 0.312500 1.000000
vt 0.312500 0.500000
vt 0.281250 1.000000
vt 0.281250 0.500000
vt 0.250000 1.000000
vt 0.250000 0.500000
vt 0.218750 1.000000
vt 0.218750 0.500000
vt 0.187500 1.000000
vt 0.187500 0.500000
vt 0.156250 1.000000
vt 0.156250 0.500000
vt 0.125000 1.000000
vt 0.093750 1.000000
vt 0.093750 0.500000
vt 0.062500 1.000000
vt 0.062500 0.500000
vt 0.296822 0.485388
vt 0.250000 0.490000
vt 0.203178 0.485388
vt 0.158156 0.471731
vt 0.116663 0.449553
vt 0.080294 0.419706
vt 0.050447 0.383337
vt 0.028269 0.341844
vt 0.014612 0.296822
vt 0.010000 0.250000
vt 0.014612 0.203178
vt 0.028269 0.158156
vt 0.050447 0.116663
vt 0.080294 0.080294
vt 0.116663 0.050447
vt 0.158156 0.028269
vt 0.203178 0.014612
vt 0.250000 0.010000
vt 0.296822 0.014612
vt 0.341844 0.028269
vt 0.383337 0.050447
vt 0.419706 0.080294
vt 0.449553 0.116663
vt 0.471731 0.158156
vt 0.485388 0.203178
vt 0.490000 0.250000
vt 0.485388 0.296822
vt 0.471731 0.341844
vt 0.449553 0.383337
vt 0.419706 0.419706
vt 0.383337 0.449553
vt 0.341844 0.471731
vt 0.031250 1.000000
vt 0.031250 0.500000
vt 0.000000 1.000000
vt 0.000000 0.500000
vt 0.750000 0.490000
vt 0.796822 0.485388
vt 0.841844 0.471731
vt 0.883337 0.449553
vt 0.919706 0.419706
vt 0.949553 0.383337
vt 0.971731 0.341844
vt 0.985388 0.296822
vt 0.990000 0.250000
vt 0.985388 0.203178
vt 0.971731 0.158156
vt 0.949553 0.116663
vt 0.919706 0.080294
vt 0.883337 0.050447
vt 0.841844 0.028269
vt 0.796822 0.014612
vt 0.750000 0.010000
vt 0.703178 0.014612
vt 0.658156 0.028269
vt 0.616663 0.050447
vt 0.580294 0.080294
vt 0.550447 0.116663
vt 0.528269 0.158156
vt 0.514612 0.203178
vt 0.510000 0.250000
vt 0.514612 0.296822
vt 0.528269 0.341844
vt 0.550447 0.383337
vt 0.580294 0.419706
vt 0.616663 0.449553
vt 0.658156 0.471731
vt 0.703178 0.485388
s 0
f 41/29/13 43/32/13 44/31/13 42/30/13
f 43/32/14 47/34/14 48/33/14 44/31/14
f 47/34/15 45/36/15 46/35/15 48/33/15
f 45/36/16 41/38/16 42/37/16 46/35/16
f 43/39/17 41/40/17 45/36/17 47/34/17
f 48/33/18 46/35/18 42/42/18 44/41/18
f 49/43/19 51/46/19 52/45/19 50/44/19
f 51/46/20 53/48/20 54/47/20 52/45/20
f 53/48/21 55/50/21 56/49/21 54/47/21
f 55/50/22 57/41/22 58/51/22 56/49/22
f 57/41/23 59/53/23 60/52/23 58/51/23
f 59/53/24 61/55/24 62/54/24 60/52/24
f 61/55/25 63/57/25 64/56/25 62/54/25
f 63/57/26 65/59/26 66/58/26 64/56/26
f 65/59/27 67/61/27 68/60/27 66/58/27
f 67/61/28 69/63/28 70/62/28 68/60/28
f 69/63/29 71/65/29 72/64/29 70/62/29
f 71/65/30 73/33/30 74/37/30 72/64/30
f 73/33/31 75/67/31 76/66/31 74/37/31
f 75/67/32 77/69/32 78/68/32 76/66/32
f 77/69/33 79/71/33 80/70/33 78/68/33
f 79/71/34 81/73/34 82/72/34 80/70/34
f 81/73/35 83/75/35 84/74/35 82/72/35
f 83/75/36 85/77/36 86/76/36 84/74/36
f 85/77/37 87/79/37 88/78/37 86/76/37
f 87/79/38 89/34/38 90/38/38 88/78/38
f 89/34/39 91/81/39 92/80/39 90/38/39
f 91/81/40 93/83/40 94/82/40 92/80/40
f 93/83/41 95/85/41 96/84/41 94/82/41
f 95/85/42 97/87/42 98/86/42 96/84/42
f 97/87/43 99/89/43 100/88/43 98/86/43
f 99/89/44 101/91/44 102/90/44 100/88/44
f 101/91/45 103/93/45 104/92/45 102/90/45
f 103/93/46 105/39/46 106/94/46 104/92/46
f 105/39/47 107/96/47 108/95/47 106/94/47
f 107/96/48 109/98/48 110/97/48 108/95/48
f 52/99/13 54/130/13 56/129/13 58/128/13 60/127/13 62/126/13 64/125/13 66/124/13 68/123/13 70/122/13 72/121/13 74/120/13 76/119/13 78/118/13 80/117/13 82/116/13 84/115/13 86/114/13 88/113/13 90/112/13 92/111/13 94/110/13 96/109/13 98/108/13 100/107/13 102/106/13 104/105/13 106/104/13 108/103/13 110/102/13 112/101/13 50/100/13
f 109/98/49 111/132/49 112/131/49 110/97/49
f 111/132/50 49/134/50 50/133/50 112/131/50
f 49/135/51 111/166/51 109/165/51 107/164/51 105/163/51 103/162/51 101/161/51 99/160/51 97/159/51 95/158/51 93/157/51 91/156/51 89/155/51 87/154/51 85/153/51 83/152/51 81/151/51 79/150/51 77/149/51 75/148/51 73/147/51 71/146/51 69/145/51 67/144/51 65/143/51 63/142/51 61/141/51 59/140/51 57/139/51 55/138/51 53/137/51 51/136/51
f 113/43/19 115/46/19 116/45/19 114/44/19
f 115/46/20 117/48/20 118/47/20 116/45/20
f 117/48/21 119/50/21 120/49/21 118/47/21
f 119/50/22 121/41/22 122/51/22 120/49/22
f 121/41/23 123/53/23 124/52/23 122/51/23
f 123/53/24 125/55/24 126/54/24 124/52/24
f 125/55/25 127/57/25 128/56/25 126/54/25
f 127/57/26 129/59/26 130/58/26 128/56/26
f 129/59/27 131/61/27 132/60/27 130/58/27
f 131/61/28 133/63/28 134/62/28 132/60/28
f 133/63/29 135/65/29 136/64/29 134/62/29
f 135/65/30 137/33/30 138/37/30 136/64/30
f 137/33/31 139/67/31 140/66/31 138/37/31
f 139/67/32 141/69/32 142/68/32 140/66/32
f 141/69/33 143/71/33 144/70/33 142/68/33
f 143/71/34 145/73/34 146/72/34 144/70/34
f 145/73/35 147/75/35 148/74/35 146/72/35
f 147/75/36 149/77/36 150/76/36 148/74/36
f 149/77/37 151/79/37 152/78/37 150/76/37
f 151/79/38 153/34/38 154/38/38 152/78/38
f 153/34/39 155/81/39 156/80/39 154/38/39
f 155/81/40 157/83/40 158/82/40 156/80/40
f 157/83/41 159/85/41 160/84/41 158/82/41
f 159/85/42 161/87/42 162/86/42 160/84/42
f 161/87/43 163/89/43 164/88/43 162/86/43
f 163/89/44 165/91/44 166/90/44 164/88/44
f 165/91/45 167/93/45 168/92/45 166/90/45
f 167/93/46 169/39/46 170/94/46 168/92/46
f 169/39/47 171/96/47 172/95/47 170/94/47
f 171/96/48 173/98/48 174/97/48 172/95/48
f 116/99/13 118/130/13 120/129/13 122/128/13 124/127/13 126/126/13 128/125/13 130/124/13 132/123/13 134/122/13 136/121/13 138/120/13 140/119/13 142/118/13 144/117/13 146/116/13 148/115/13 150/114/13 152/113/13 154/112/13 156/111/13 158/110/13 160/109/13 162/108/13 164/107/13 166/106/13 168/105/13 170/104/13 172/103/13 174/102/13 176/101/13 114/100/13
f 173/98/49 175/132/49 176/131/49 174/97/49
f 175/132/50 113/134/50 114/133/50 176/131/50
f 113/135/51 175/166/51 173/165/51 171/164/51 169/163/51 167/162/51 165/161/51 163/160/51 161/159/51 159/158/51 157/157/51 155/156/51 153/155/51 151/154/51 149/153/51 147/152/51 145/151/51 143/150/51 141/149/51 139/148/51 137/147/51 135/146/51 133/145/51 131/144/51 129/143/51 127/142/51 125/141/51 123/140/51 121/139/51 119/138/51 117/137/51 115/136/51
f 177/43/19 179/46/19 180/45/19 178/44/19
f 179/46/20 181/48/20 182/47/20 180/45/20
f 181/48/21 183/50/21 184/49/21 182/47/21
f 183/50/22 185/41/22 186/51/22 184/49/22
f 185/41/23 187/53/23 188/52/23 186/51/23
f 187/53/24 189/55/24 190/54/24 188/52/24
f 189/55/52 191/57/52 192/56/52 190/54/52
f 191/57/26 193/59/26 194/58/26 192/56/26
f 193/59/27 195/61/27 196/60/27 194/58/27
f 195/61/53 197/63/53 198/62/53 196/60/53
f 197/63/29 199/65/29 200/64/29 198/62/29
f 199/65/30 201/33/30 202/37/30 200/64/30
f 201/33/31 203/67/31 204/66/31 202/37/31
f 203/67/32 205/69/32 206/68/32 204/66/32
f 205/69/33 207/71/33 208/70/33 206/68/33
f 207/71/34 209/73/34 210/72/34 208/70/34
f 209/73/35 211/75/35 212/74/35 210/72/35
f 211/75/36 213/77/36 214/76/36 212/74/36
f 213/77/37 215/79/37 216/78/37 214/76/37
f 215/79/38 217/34/38 218/38/38 216/78/38
f 217/34/39 219/81/39 220/80/39 218/38/39
f 219/81/40 221/83/40 222/82/40 220/80/40
f 221/83/54 223/85/54 224/84/54 222/82/54
f 223/85/42 225/87/42 226/86/42 224/84/42
f 225/87/43 227/89/43 228/88/43 226/86/43
f 227/89/55 229/91/55 230/90/55 228/88/55
f 229/91/45 231/93/45 232/92/45 230/90/45
f 231/93/46 233/39/46 234/94/46 232/92/46
f 233/39/47 235/96/47 236/95/47 234/94/47
f 235/96/48 237/98/48 238/97/48 236/95/48
f 180/99/13 182/130/13 184/129/13 186/128/13 188/127/13 190/126/13 192/125/13 194/124/13 196/123/13 198/122/13 200/121/13 202/120/13 204/119/13 206/118/13 208/117/13 210/116/13 212/115/13 214/114/13 216/113/13 218/112/13 220/111/13 222/110/13 224/109/13 226/108/13 228/107/13 230/106/13 232/105/13 234/104/13 236/103/13 238/102/13 240/101/13 178/100/13
f 237/98/49 239/132/49 240/131/49 238/97/49
f 239/132/50 177/134/50 178/133/50 240/131/50
f 177/135/51 239/166/51 237/165/51 235/164/51 233/163/51 231/162/51 229/161/51 227/160/51 225/159/51 223/158/51 221/157/51 219/156/51 217/155/51 215/154/51 213/153/51 211/152/51 209/151/51 207/150/51 205/149/51 203/148/51 201/147/51 199/146/51 197/145/51 195/144/51 193/143/51 191/142/51 189/141/51 187/140/51 185/139/51 183/138/51 181/137/51 179/136/51
f 241/43/19 243/46/19 244/45/19 242/44/19
f 243/46/20 245/48/20 246/47/20 244/45/20
f 245/48/21 247/50/21 248/49/21 246/47/21
f 247/50/22 249/41/22 250/51/22 248/49/22
f 249/41/23 251/53/23 252/52/23 250/51/23
f 251/53/24 253/55/24 254/54/24 252/52/24
f 253/55/25 255/57/25 256/56/25 254/54/25
f 255/57/26 257/59/26 258/58/26 256/56/26
f 257/59/27 259/61/27 260/60/27 258/58/27
f 259/61/28 261/63/28 262/62/28 260/60/28
f 261/63/29 263/65/29 264/64/29 262/62/29
f 263/65/30 265/33/30 266/37/30 264/64/30
f 265/33/31 267/67/31 268/66/31 266/37/31
f 267/67/32 269/69/32 270/68/32 268/66/32
f 269/69/33 271/71/33 272/70/33 270/68/33
f 271/71/34 273/73/34 274/72/34 272/70/34
f 273/73/35 275/75/35 276/74/35 274/72/35
f 275/75/36 277/77/36 278/76/36 276/74/36
f 277/77/37 279/79/37 280/78/37 278/76/37
f 279/79/38 281/34/38 282/38/38 280/78/38
f 281/34/39 283/81/39 284/80/39 282/38/39
f 283/81/40 285/83/40 286/82/40 284/80/40
f 285/83/41 287/85/41 288/84/41 286/82/41
f 287/85/42 289/87/42 290/86/42 288/84/42
f 289/87/43 291/89/43 292/88/43 290/86/43
f 291/89/44 293/91/44 294/90/44 292/88/44
f 293/91/45 295/93/45 296/92/45 294/90/45
f 295/93/46 297/39/46 298/94/46 296/92/46
f 297/39/47 299/96/47 300/95/47 298/94/47
f 299/96/48 301/98/48 302/97/48 300/95/48
f 244/99/13 246/130/13 248/129/13 250/128/13 252/127/13 254/126/13 256/125/13 258/124/13 260/123/13 262/122/13 264/121/13 266/120/13 268/119/13 270/118/13 272/117/13 274/116/13 276/115/13 278/114/13 280/113/13 282/112/13 284/111/13 286/110/13 288/109/13 290/108/13 292/107/13 294/106/13 296/105/13 298/104/13 300/103/13 302/102/13 304/101/13 242/100/13
f 301/98/49 303/132/49 304/131/49 302/97/49
f 303/132/50 241/134/50 242/133/50 304/131/50
f 241/135/51 303/166/51 301/165/51 299/164/51 297/163/51 295/162/51 293/161/51 291/160/51 289/159/51 287/158/51 285/157/51 283/156/51 281/155/51 279/154/51 277/153/51 275/152/51 273/151/51 271/150/51 269/149/51 267/148/51 265/147/51 263/146/51 261/145/51 259/144/51 257/143/51 255/142/51 253/141/51 251/140/51 249/139/51 247/138/51 245/137/51 243/136/51
f 305/43/19 307/46/19 308/45/19 306/44/19
f 307/46/20 309/48/20 310/47/20 308/45/20
f 309/48/21 311/50/21 312/49/21 310/47/21
f 311/50/22 313/41/22 314/51/22 312/49/22
f 313/41/23 315/53/23 316/52/23 314/51/23
f 315/53/24 317/55/24 318/54/24 316/52/24
f 317/55/52 319/57/52 320/56/52 318/54/52
f 319/57/26 321/59/26 322/58/26 320/56/26
f 321/59/27 323/61/27 324/60/27 322/58/27
f 323/61/53 325/63/53 326/62/53 324/60/53
f 325/63/29 327/65/29 328/64/29 326/62/29
f 327/65/30 329/33/30 330/37/30 328/64/30
f 329/33/31 331/67/31 332/66/31 330/37/31
f 331/67/32 333/69/32 334/68/32 332/66/32
f 333/69/33 335/71/33 336/70/33 334/68/33
f 335/71/34 337/73/34 338/72/34 336/70/34
f 337/73/35 339/75/35 340/74/35 338/72/35
f 339/75/36 341/77/36 342/76/36 340/74/36
f 341/77/37 343/79/37 344/78/37 342/76/37
f 343/79/38 345/34/38 346/38/38 344/78/38
f 345/34/39 347/81/39 348/80/39 346/38/39
f 347/81/40 349/83/40 350/82/40 348/80/40
f 349/83/54 351/85/54 352/84/54 350/82/54
f 351/85/42 353/87/42 354/86/42 352/84/42
f 353/87/43 355/89/43 356/88/43 354/86/43
f 355/89/55 357/91/55 358/90/55 356/88/55
f 357/91/45 359/93/45 360/92/45 358/90/45
f 359/93/46 361/39/46 362/94/46 360/92/46
f 361/39/47 363/96/47 364/95/47 362/94/47
f 363/96/48 365/98/48 366/97/48 364/95/48
f 308/99/13 310/130/13 312/129/13 314/128/13 316/127/13 318/126/13 320/125/13 322/124/13 324/123/13 326/122/13 328/121/13 330/120/13 332/119/13 334/118/13 336/117/13 338/116/13 340/115/13 342/114/13 344/113/13 346/112/13 348/111/13 350/110/13 352/109/13 354/108/13 356/107/13 358/106/13 360/105/13 362/104/13 364/103/13 366/102/13 368/101/13 306/100/13
f 365/98/49 367/132/49 368/131/49 366/97/49
f 367/132/50 305/134/50 306/133/50 368/131/50
f 305/135/51 367/166/51 365/165/51 363/164/51 361/163/51 359/162/51 357/161/51 355/160/51 353/159/51 351/158/51 349/157/51 347/156/51 345/155/51 343/154/51 341/153/51 339/152/51 337/151/51 335/150/51 333/149/51 331/148/51 329/147/51 327/146/51 325/145/51 323/144/51 321/143/51 319/142/51 317/141/51 315/140/51 313/139/51 311/138/51 309/137/51 307/136/51
f 369/43/19 371/46/19 372/45/19 370/44/19
f 371/46/20 373/48/20 374/47/20 372/45/20
f 373/48/21 375/50/21 376/49/21 374/47/21
f 375/50/22 377/41/22 378/51/22 376/49/22
f 377/41/23 379/53/23 380/52/23 378/51/23
f 379/53/24 381/55/24 382/54/24 380/52/24
f 381/55/56 383/57/56 384/56/56 382/54/56
f 383/57/26 385/59/26 386/58/26 384/56/26
f 385/59/27 387/61/27 388/60/27 386/58/27
f 387/61/57 389/63/57 390/62/57 388/60/57
f 389/63/29 391/65/29 392/64/29 390/62/29
f 391/65/30 393/33/30 394/37/30 392/64/30
f 393/33/31 395/67/31 396/66/31 394/37/31
f 395/67/32 397/69/32 398/68/32 396/66/32
f 397/69/33 399/71/33 400/70/33 398/68/33
f 399/71/34 401/73/34 402/72/34 400/70/34
f 401/73/35 403/75/35 404/74/35 402/72/35
f 403/75/36 405/77/36 406/76/36 404/74/36
f 405/77/37 407/79/37 408/78/37 406/76/37
f 407/79/38 409/34/38 410/38/38 408/78/38
f 409/34/39 411/81/39 412/80/39 410/38/39
f 411/81/40 413/83/40 414/82/40 412/80/40
f 413/83/58 415/85/58 416/84/58 414/82/58
f 415/85/42 417/87/42 418/86/42 416/84/42
f 417/87/43 419/89/43 420/88/43 418/86/43
f 419/89/59 421/91/59 422/90/59 420/88/59
f 421/91/45 423/93/45 424/92/45 422/90/45
f 423/93/46 425/39/46 426/94/46 424/92/46
f 425/39/47 427/96/47 428/95/47 426/94/47
f 427/96/48 429/98/48 430/97/48 428/95/48
f 372/99/13 374/130/13 376/129/13 378/128/13 380/127/13 382/126/13 384/125/13 386/124/13 388/123/13 390/122/13 392/121/13 394/120/13 396/119/13 398/118/13 400/117/13 402/116/13 404/115/13 406/114/13 408/113/13 410/112/13 412/111/13 414/110/13 416/109/13 418/108/13 420/107/13 422/106/13 424/105/13 426/104/13 428/103/13 430/102/13 432/101/13 370/100/13
f 429/98/49 431/132/49 432/131/49 430/97/49
f 431/132/50 369/134/50 370/133/50 432/131/50
f 369/135/51 431/166/51 429/165/51 427/164/51 425/163/51 423/162/51 421/161/51 419/160/51 417/159/51 415/158/51 413/157/51 411/156/51 409/155/51 407/154/51 405/153/51 403/152/51 401/151/51 399/150/51 397/149/51 395/148/51 393/147/51 391/146/51 389/145/51 387/144/51 385/143/51 383/142/51 381/141/51 379/140/51 377/139/51 375/138/51 373/137/51 371/136/51
f 433/43/19 435/46/19 436/45/19 434/44/19
f 435/46/20 437/48/20 438/47/20 436/45/20
f 437/48/21 439/50/21 440/49/21 438/47/21
f 439/50/22 441/41/22 442/51/22 440/49/22
f 441/41/23 443/53/23 444/52/23 442/51/23
f 443/53/24 445/55/24 446/54/24 444/52/24
f 445/55/56 447/57/56 448/56/56 446/54/56
f 447/57/26 449/59/26 450/58/26 448/56/26
f 449/59/27 451/61/27 452/60/27 450/58/27
f 451/61/57 453/63/57 454/62/57 452/60/57
f 453/63/29 455/65/29 456/64/29 454/62/29
f 455/65/30 457/33/30 458/37/30 456/64/30
f 457/33/31 459/67/31 460/66/31 458/37/31
f 459/67/32 461/69/32 462/68/32 460/66/32
f 461/69/33 463/71/33 464/70/33 462/68/33
f 463/71/34 465/73/34 466/72/34 464/70/34
f 465/73/35 467/75/35 468/74/35 466/72/35
f 467/75/36 469/77/36 470/76/36 468/74/36
f 469/77/37 471/79/37 472/78/37 470/76/37
f 471/79/38 473/34/38 474/38/38 472/78/38
f 473/34/39 475/81/39 476/80/39 474/38/39
f 475/81/40 477/83/40 478/82/40 476/80/40
f 477/83/41 479/85/41 480/84/41 478/82/41
f 479/85/42 481/87/42 482/86/42 480/84/42
f 481/87/43 483/89/43 484/88/43 482/86/43
f 483/89/44 485/91/44 486/90/44 484/88/44
f 485/91/45 487/93/45 488/92/45 486/90/45
f 487/93/46 489/39/46 490/94/46 488/92/46
f 489/39/47 491/96/47 492/95/47 490/94/47
f 491/96/48 493/98/48 494/97/48 492/95/48
f 436/99/13 438/130/13 440/129/13 442/128/13 444/127/13 446/126/13 448/125/13 450/124/13 452/123/13 454/122/13 456/121/13 458/120/13 460/119/13 462/118/13 464/117/13 466/116/13 468/115/13 470/114/13 472/113/13 474/112/13 476/111/13 478/110/13 480/109/13 482/108/13 484/107/13 486/106/13 488/105/13 490/104/13 492/103/13 494/102/13 496/101/13 434/100/13
f 493/98/49 495/132/49 496/131/49 494/97/49
f 495/132/50 433/134/50 434/133/50 496/131/50
f 433/135/51 495/166/51 493/165/51 491/164/51 489/163/51 487/162/51 485/161/51 483/160/51 481/159/51 479/158/51 477/157/51 475/156/51 473/155/51 471/154/51 469/153/51 467/152/51 465/151/51 463/150/51 461/149/51 459/148/51 457/147/51 455/146/51 453/145/51 451/144/51 449/143/51 447/142/51 445/141/51 443/140/51 441/139/51 439/138/51 437/137/51 435/136/51
f 497/43/19 499/46/19 500/45/19 498/44/19
f 499/46/20 501/48/20 502/47/20 500/45/20
f 501/48/21 503/50/21 504/49/21 502/47/21
f 503/50/22 505/41/22 506/51/22 504/49/22
f 505/41/23 507/53/23 508/52/23 506/51/23
f 507/53/24 509/55/24 510/54/24 508/52/24
f 509/55/56 511/57/56 512/56/56 510/54/56
f 511/57/26 513/59/26 514/58/26 512/56/26
f 513/59/27 515/61/27 516/60/27 514/58/27
f 515/61/57 517/63/57 518/62/57 516/60/57
f 517/63/29 519/65/29 520/64/29 518/62/29
f 519/65/30 521/33/30 522/37/30 520/64/30
f 521/33/31 523/67/31 524/66/31 522/37/31
f 523/67/32 525/69/32 526/68/32 524/66/32
f 525/69/33 527/71/33 528/70/33 526/68/33
f 527/71/34 529/73/34 530/72/34 528/70/34
f 529/73/35 531/75/35 532/74/35 530/72/35
f 531/75/36 533/77/36 534/76/36 532/74/36
f 533/77/37 535/79/37 536/78/37 534/76/37
f 535/79/38 537/34/38 538/38/38 536/78/38
f 537/34/39 539/81/39 540/80/39 538/38/39
f 539/81/40 541/83/40 542/82/40 540/80/40
f 541/83/58 543/85/58 544/84/58 542/82/58
f 543/85/42 545/87/42 546/86/42 544/84/42
f 545/87/43 547/89/43 548/88/43 546/86/43
f 547/89/59 549/91/59 550/90/59 548/88/59
f 549/91/45 551/93/45 552/92/45 550/90/45
f 551/93/46 553/39/46 554/94/46 552/92/46
f 553/39/47 555/96/47 556/95/47 554/94/47
f 555/96/48 557/98/48 558/97/48 556/95/48
f 500/99/13 502/130/13 504/129/13 506/128/13 508/127/13 510/126/13 512/125/13 514/124/13 516/123/13 518/122/13 520/121/13 522/120/13 524/119/13 526/118/13 528/117/13 530/116/13 532/115/13 534/114/13 536/113/13 538/112/13 540/111/13 542/110/13 544/109/13 546/108/13 548/107/13 550/106/13 552/105/13 554/104/13 556/103/13 558/102/13 560/101/13 498/100/13
f 557/98/49 559/132/49 560/131/49 558/97/49
f 559/132/50 497/134/50 498/133/50 560/131/50
f 497/135/51 559/166/51 557/165/51 555/164/51 553/163/51 551/162/51 549/161/51 547/160/51 545/159/51 543/158/51 541/157/51 539/156/51 537/155/51 535/154/51 533/153/51 531/152/51 529/151/51 527/150/51 525/149/51 523/148/51 521/147/51 519/146/51 517/145/51 515/144/51 513/143/51 511/142/51 509/141/51 507/140/51 505/139/51 503/138/51 501/137/51 499/136/51
f 561/43/19 563/46/19 564/45/19 562/44/19
f 563/46/20 565/48/20 566/47/20 564/45/20
f 565/48/21 567/50/21 568/49/21 566/47/21
f 567/50/22 569/41/22 570/51/22 568/49/22
f 569/41/23 571/53/23 572/52/23 570/51/23
f 571/53/24 573/55/24 574/54/24 572/52/24
f 573/55/25 575/57/25 576/56/25 574/54/25
f 575/57/26 577/59/26 578/58/26 576/56/26
f 577/59/27 579/61/27 580/60/27 578/58/27
f 579/61/28 581/63/28 582/62/28 580/60/28
f 581/63/29 583/65/29 584/64/29 582/62/29
f 583/65/30 585/33/30 586/37/30 584/64/30
f 585/33/31 587/67/31 588/66/31 586/37/31
f 587/67/32 589/69/32 590/68/32 588/66/32
f 589/69/33 591/71/33 592/70/33 590/68/33
f 591/71/34 593/73/34 594/72/34 592/70/34
f 593/73/35 595/75/35 596/74/35 594/72/35
f 595/75/36 597/77/36 598/76/36 596/74/36
f 597/77/37 599/79/37 600/78/37 598/76/37
f 599/79/38 601/34/38 602/38/38 600/78/38
f 601/34/39 603/81/39 604/80/39 602/38/39
f 603/81/40 605/83/40 606/82/40 604/80/40
f 605/83/41 607/85/41 608/84/41 606/82/41
f 607/85/42 609/87/42 610/86/42 608/84/42
f 609/87/43 611/89/43 612/88/43 610/86/43
f 611/89/44 613/91/44 614/90/44 612/88/44
f 613/91/45 615/93/45 616/92/45 614/90/45
f 615/93/46 617/39/46 618/94/46 616/92/46
f 617/39/47 619/96/47 620/95/47 618/94/47
f 619/96/48 621/98/48 622/97/48 620/95/48
f 564/99/13 566/130/13 568/129/13 570/128/13 572/127/13 574/126/13 576/125/13 578/124/13 580/123/13 582/122/13 584/121/13 586/120/13 588/119/13 590/118/13 592/117/13 594/116/13 596/115/13 598/114/13 600/113/13 602/112/13 604/111/13 606/110/13 608/109/13 610/108/13 612/107/13 614/106/13 616/105/13 618/104/13 620/103/13 622/102/13 624/101/13 562/100/13
f 621/98/49 623/132/49 624/131/49 622/97/49
f 623/132/50 561/134/50 562/133/50 624/131/50
f 561/135/51 623/166/51 621/165/51 619/164/51 617/163/51 615/162/51 613/161/51 611/160/51 609/159/51 607/158/51 605/157/51 603/156/51 601/155/51 599/154/51 597/153/51 595/152/51 593/151/51 591/150/51 589/149/51 587/148/51 585/147/51 583/146/51 581/145/51 579/144/51 577/143/51 575/142/51 573/141/51 571/140/51 569/139/51 567/138/51 565/137/51 563/136/51
f 625/43/19 627/46/19 628/45/19 626/44/19
f 627/46/20 629/48/20 630/47/20 628/45/20
f 629/48/21 631/50/21 632/49/21 630/47/21
f 631/50/22 633/41/22 634/51/22 632/49/22
f 633/41/23 635/53/23 636/52/23 634/51/23
f 635/53/24 637/55/24 638/54/24 636/52/24
f 637/55/25 639/57/25 640/56/25 638/54/25
f 639/57/26 641/59/26 642/58/26 640/56/26
f 641/59/27 643/61/27 644/60/27 642/58/27
f 643/61/28 645/63/28 646/62/28 644/60/28
f 645/63/29 647/65/29 648/64/29 646/62/29
f 647/65/30 649/33/30 650/37/30 648/64/30
f 649/33/31 651/67/31 652/66/31 650/37/31
f 651/67/32 653/69/32 654/68/32 652/66/32
f 653/69/33 655/71/33 656/70/33 654/68/33
f 655/71/34 657/73/34 658/72/34 656/70/34
f 657/73/35 659/75/35 660/74/35 658/72/35
f 659/75/36 661/77/36 662/76/36 660/74/36
f 661/77/37 663/79/37 664/78/37 662/76/37
f 663/79/38 665/34/38 666/38/38 664/78/38
f 665/34/39 667/81/39 668/80/39 666/38/39
f 667/81/40 669/83/40 670/82/40 668/80/40
f 669/83/41 671/85/41 672/84/41 670/82/41
f 671/85/42 673/87/42 674/86/42 672/84/42
f 673/87/43 675/89/43 676/88/43 674/86/43
f 675/89/44 677/91/44 678/90/44 676/88/44
f 677/91/45 679/93/45 680/92/45 678/90/45
f 679/93/46 681/39/46 682/94/46 680/92/46
f 681/39/47 683/96/47 684/95/47 682/94/47
f 683/96/48 685/98/48 686/97/48 684/95/48
f 628/99/13 630/130/13 632/129/13 634/128/13 636/127/13 638/126/13 640/125/13 642/124/13 644/123/13 646/122/13 648/121/13 650/120/13 652/119/13 654/118/13 656/117/13 658/116/13 660/115/13 662/114/13 664/113/13 666/112/13 668/111/13 670/110/13 672/109/13 674/108/13 676/107/13 678/106/13 680/105/13 682/104/13 684/103/13 686/102/13 688/101/13 626/100/13
f 685/98/49 687/132/49 688/131/49 686/97/49
f 687/132/50 625/134/50 626/133/50 688/131/50
f 625/135/51 687/166/51 685/165/51 683/164/51 681/163/51 679/162/51 677/161/51 675/160/51 673/159/51 671/158/51 669/157/51 667/156/51 665/155/51 663/154/51 661/153/51 659/152/51 657/151/51 655/150/51 653/149/51 651/148/51 649/147/51 647/146/51 645/145/51 643/144/51 641/143/51 639/142/51 637/141/51 635/140/51 633/139/51 631/138/51 629/137/51 627/136/51
f 689/43/19 691/46/19 692/45/19 690/44/19
f 691/46/20 693/48/20 694/47/20 692/45/20
f 693/48/21 695/50/21 696/49/21 694/47/21
f 695/50/22 697/41/22 698/51/22 696/49/22
f 697/41/23 699/53/23 700/52/23 698/51/23
f 699/53/24 701/55/24 702/54/24 700/52/24
f 701/55/25 703/57/25 704/56/25 702/54/25
f 703/57/26 705/59/26 706/58/26 704/56/26
f 705/59/27 707/61/27 708/60/27 706/58/27
f 707/61/28 709/63/28 710/62/28 708/60/28
f 709/63/29 711/65/29 712/64/29 710/62/29
f 711/65/30 713/33/30 714/37/30 712/64/30
f 713/33/31 715/67/31 716/66/31 714/37/31
f 715/67/32 717/69/32 718/68/32 716/66/32
f 717/69/33 719/71/33 720/70/33 718/68/33
f 719/71/34 721/73/34 722/72/34 720/70/34
f 721/73/35 723/75/35 724/74/35 722/72/35
f 723/75/36 725/77/36 726/76/36 724/74/36
f 725/77/37 727/79/37 728/78/37 726/76/37
f 727/79/38 729/34/38 730/38/38 728/78/38
f 729/34/39 731/81/39 732/80/39 730/38/39
f 731/81/40 733/83/40 734/82/40 732/80/40
f 733/83/41 735/85/41 736/84/41 734/82/41
f 735/85/42 737/87/42 738/86/42 736/84/42
f 737/87/43 739/89/43 740/88/43 738/86/43
f 739/89/44 741/91/44 742/90/44 740/88/44
f 741/91/45 743/93/45 744/92/45 742/90/45
f 743/93/46 745/39/46 746/94/46 744/92/46
f 745/39/47 747/96/47 748/95/47 746/94/47
f 747/96/48 749/98/48 750/97/48 748/95/48
f 692/99/13 694/130/13 696/129/13 698/128/13 700/127/13 702/126/13 704/125/13 706/124/13 708/123/13 710/122/13 712/121/13 714/120/13 716/119/13 718/118/13 720/117/13 722/116/13 724/115/13 726/114/13 728/113/13 730/112/13 732/111/13 734/110/13 736/109/13 738/108/13 740/107/13 742/106/13 744/105/13 746/104/13 748/103/13 750/102/13 752/101/13 690/100/13
f 749/98/49 751/132/49 752/131/49 750/97/49
f 751/132/50 689/134/50 690/133/50 752/131/50
f 689/135/51 751/166/51 749/165/51 747/164/51 745/163/51 743/162/51 741/161/51 739/160/51 737/159/51 735/158/51 733/157/51 731/156/51 729/155/51 727/154/51 725/153/51 723/152/51 721/151/51 719/150/51 717/149/51 715/148/51 713/147/51 711/146/51 709/145/51 707/144/51 705/143/51 703/142/51 701/141/51 699/140/51 697/139/51 695/138/51 693/137/51 691/136/51
f 753/43/19 755/46/19 756/45/19 754/44/19
f 755/46/20 757/48/20 758/47/20 756/45/20
f 757/48/21 759/50/21 760/49/21 758/47/21
f 759/50/22 761/41/22 762/51/22 760/49/22
f 761/41/23 763/53/23 764/52/23 762/51/23
f 763/53/24 765/55/24 766/54/24 764/52/24
f 765/55/25 767/57/25 768/56/25 766/54/25
f 767/57/26 769/59/26 770/58/26 768/56/26
f 769/59/27 771/61/27 772/60/27 770/58/27
f 771/61/28 773/63/28 774/62/28 772/60/28
f 773/63/29 775/65/29 776/64/29 774/62/29
f 775/65/30 777/33/30 778/37/30 776/64/30
f 777/33/31 779/67/31 780/66/31 778/37/31
f 779/67/32 781/69/32 782/68/32 780/66/32
f 781/69/33 783/71/33 784/70/33 782/68/33
f 783/71/34 785/73/34 786/72/34 784/70/34
f 785/73/35 787/75/35 788/74/35 786/72/35
f 787/75/36 789/77/36 790/76/36 788/74/36
f 789/77/37 791/79/37 792/78/37 790/76/37
f 791/79/38 793/34/38 794/38/38 792/78/38
f 793/34/39 795/81/39 796/80/39 794/38/39
f 795/81/40 797/83/40 798/82/40 796/80/40
f 797/83/41 799/85/41 800/84/41 798/82/41
f 799/85/42 801/87/42 802/86/42 800/84/42
f 801/87/43 803/89/43 804/88/43 802/86/43
f 803/89/44 805/91/44 806/90/44 804/88/44
f 805/91/45 807/93/45 808/92/45 806/90/45
f 807/93/46 809/39/46 810/94/46 808/92/46
f 809/39/47 811/96/47 812/95/47 810/94/47
f 811/96/48 813/98/48 814/97/48 812/95/48
f 756/99/13 758/130/13 760/129/13 762/128/13 764/127/13 766/126/13 768/125/13 770/124/13 772/123/13 774/122/13 776/121/13 778/120/13 780/119/13 782/118/13 784/117/13 786/116/13 788/115/13 790/114/13 792/113/13 794/112/13 796/111/13 798/110/13 800/109/13 802/108/13 804/107/13 806/106/13 808/105/13 810/104/13 812/103/13 814/102/13 816/101/13 754/100/13
f 813/98/49 815/132/49 816/131/49 814/97/49
f 815/132/50 753/134/50 754/133/50 816/131/50
f 753/135/51 815/166/51 813/165/51 811/164/51 809/163/51 807/162/51 805/161/51 803/160/51 801/159/51 799/158/51 797/157/51 795/156/51 793/155/51 791/154/51 789/153/51 787/152/51 785/151/51 783/150/51 781/149/51 779/148/51 777/147/51 775/146/51 773/145/51 771/144/51 769/143/51 767/142/51 765/141/51 763/140/51 761/139/51 759/138/51 757/137/51 755/136/51
f 817/43/19 819/46/19 820/45/19 818/44/19
f 819/46/20 821/48/20 822/47/20 820/45/20
f 821/48/21 823/50/21 824/49/21 822/47/21
f 823/50/22 825/41/22 826/51/22 824/49/22
f 825/41/23 827/53/23 828/52/23 826/51/23
f 827/53/24 829/55/24 830/54/24 828/52/24
f 829/55/25 831/57/25 832/56/25 830/54/25
f 831/57/26 833/59/26 834/58/26 832/56/26
f 833/59/27 835/61/27 836/60/27 834/58/27
f 835/61/28 837/63/28 838/62/28 836/60/28
f 837/63/29 839/65/29 840/64/29 838/62/29
f 839/65/30 841/33/30 842/37/30 840/64/30
f 841/33/31 843/67/31 844/66/31 842/37/31
f 843/67/32 845/69/32 846/68/32 844/66/32
f 845/69/33 847/71/33 848/70/33 846/68/33
f 847/71/34 849/73/34 850/72/34 848/70/34
f 849/73/35 851/75/35 852/74/35 850/72/35
f 851/75/36 853/77/36 854/76/36 852/74/36
f 853/77/37 855/79/37 856/78/37 854/76/37
f 855/79/38 857/34/38 858/38/38 856/78/38
f 857/34/39 859/81/39 860/80/39 858/38/39
f 859/81/40 861/83/40 862/82/40 860/80/40
f 861/83/41 863/85/41 864/84/41 862/82/41
f 863/85/42 865/87/42 866/86/42 864/84/42
f 865/87/43 867/89/43 868/88/43 866/86/43
f 867/89/44 869/91/44 870/90/44 868/88/44
f 869/91/45 871/93/45 872/92/45 870/90/45
f 871/93/46 873/39/46 874/94/46 872/92/46
f 873/39/47 875/96/47 876/95/47 874/94/47
f 875/96/48 877/98/48 878/97/48 876/95/48
f 820/99/13 822/130/13 824/129/13 826/128/13 828/127/13 830/126/13 832/125/13 834/124/13 836/123/13 838/122/13 840/121/13 842/120/13 844/119/13 846/118/13 848/117/13 850/116/13 852/115/13 854/114/13 856/113/13 858/112/13 860/111/13 862/110/13 864/109/13 866/108/13 868/107/13 870/106/13 872/105/13 874/104/13 876/103/13 878/102/13 880/101/13 818/100/13
f 877/98/49 879/132/49 880/131/49 878/97/49
f 879/132/50 817/134/50 818/133/50 880/131/50
f 817/135/51 879/166/51 877/165/51 875/164/51 873/163/51 871/162/51 869/161/51 867/160/51 865/159/51 863/158/51 861/157/51 859/156/51 857/155/51 855/154/51 853/153/51 851/152/51 849/151/51 847/150/51 845/149/51 843/148/51 841/147/51 839/146/51 837/145/51 835/144/51 833/143/51 831/142/51 829/141/51 827/140/51 825/139/51 823/138/51 821/137/51 819/136/51
f 881/43/19 883/46/19 884/45/19 882/44/19
f 883/46/20 885/48/20 886/47/20 884/45/20
f 885/48/21 887/50/21 888/49/21 886/47/21
f 887/50/22 889/41/22 890/51/22 888/49/22
f 889/41/23 891/53/23 892/52/23 890/51/23
f 891/53/24 893/55/24 894/54/24 892/52/24
f 893/55/25 895/57/25 896/56/25 894/54/25
f 895/57/26 897/59/26 898/58/26 896/56/26
f 897/59/27 899/61/27 900/60/27 898/58/27
f 899/61/28 901/63/28 902/62/28 900/60/28
f 901/63/29 903/65/29 904/64/29 902/62/29
f 903/65/30 905/33/30 906/37/30 904/64/30
f 905/33/31 907/67/31 908/66/31 906/37/31
f 907/67/32 909/69/32 910/68/32 908/66/32
f 909/69/33 911/71/33 912/70/33 910/68/33
f 911/71/34 913/73/34 914/72/34 912/70/34
f 913/73/35 915/75/35 916/74/35 914/72/35
f 915/75/36 917/77/36 918/76/36 916/74/36
f 917/77/37 919/79/37 920/78/37 918/76/37
f 919/79/38 921/34/38 922/38/38 920/78/38
f 921/34/39 923/81/39 924/80/39 922/38/39
f 923/81/40 925/83/40 926/82/40 924/80/40
f 925/83/54 927/85/54 928/84/54 926/82/54
f 927/85/42 929/87/42 930/86/42 928/84/42
f 929/87/43 931/89/43 932/88/43 930/86/43
f 931/89/55 933/91/55 934/90/55 932/88/55
f 933/91/45 935/93/45 936/92/45 934/90/45
f 935/93/46 937/39/46 938/94/46 936/92/46
f 937/39/47 939/96/47 940/95/47 938/94/47
f 939/96/48 941/98/48 942/97/48 940/95/48
f 884/99/13 886/130/13 888/129/13 890/128/13 892/127/13 894/126/13 896/125/13 898/124/13 900/123/13 902/122/13 904/121/13 906/120/13 908/119/13 910/118/13 912/117/13 914/116/13 916/115/13 918/114/13 920/113/13 922/112/13 924/111/13 926/110/13 928/109/13 930/108/13 932/107/13 934/106/13 936/105/13 938/104/13 940/103/13 942/102/13 944/101/13 882/100/13
f 941/98/49 943/132/49 944/131/49 942/97/49
f 943/132/50 881/134/50 882/133/50 944/131/50
f 881/135/51 943/166/51 941/165/51 939/164/51 937/163/51 935/162/51 933/161/51 931/160/51 929/159/51 927/158/51 925/157/51 923/156/51 921/155/51 919/154/51 917/153/51 915/152/51 913/151/51 911/150/51 909/149/51 907/148/51 905/147/51 903/146/51 901/145/51 899/144/51 897/143/51 895/142/51 893/141/51 891/140/51 889/139/51 887/138/51 885/137/51 883/136/51
f 945/43/19 947/46/19 948/45/19 946/44/19
f 947/46/20 949/48/20 950/47/20 948/45/20
f 949/48/60 951/50/60 952/49/60 950/47/60
f 951/50/22 953/41/22 954/51/22 952/49/22
f 953/41/23 955/53/23 956/52/23 954/51/23
f 955/53/24 957/55/24 958/54/24 956/52/24
f 957/55/52 959/57/52 960/56/52 958/54/52
f 959/57/26 961/59/26 962/58/26 960/56/26
f 961/59/27 963/61/27 964/60/27 962/58/27
f 963/61/53 965/63/53 966/62/53 964/60/53
f 965/63/29 967/65/29 968/64/29 966/62/29
f 967/65/30 969/33/30 970/37/30 968/64/30
f 969/33/31 971/67/31 972/66/31 970/37/31
f 971/67/61 973/69/61 974/68/61 972/66/61
f 973/69/33 975/71/33 976/70/33 974/68/33
f 975/71/34 977/73/34 978/72/34 976/70/34
f 977/73/35 979/75/35 980/74/35 978/72/35
f 979/75/36 981/77/36 982/76/36 980/74/36
f 981/77/62 983/79/62 984/78/62 982/76/62
f 983/79/38 985/34/38 986/38/38 984/78/38
f 985/34/39 987/81/39 988/80/39 986/38/39
f 987/81/40 989/83/40 990/82/40 988/80/40
f 989/83/54 991/85/54 992/84/54 990/82/54
f 991/85/63 993/87/63 994/86/63 992/84/63
f 993/87/64 995/89/64 996/88/64 994/86/64
f 995/89/55 997/91/55 998/90/55 996/88/55
f 997/91/45 999/93/45 1000/92/45 998/90/45
f 999/93/46 1001/39/46 1002/94/46 1000/92/46
f 1001/39/47 1003/96/47 1004/95/47 1002/94/47
f 1003/96/65 1005/98/65 1006/97/65 1004/95/65
f 948/99/13 950/130/13 952/129/13 954/128/13 956/127/13 958/126/13 960/125/13 962/124/13 964/123/13 966/122/13 968/121/13 970/120/13 972/119/13 974/118/13 976/117/13 978/116/13 980/115/13 982/114/13 984/113/13 986/112/13 988/111/13 990/110/13 992/109/13 994/108/13 996/107/13 998/106/13 1000/105/13 1002/104/13 1004/103/13 1006/102/13 1008/101/13 946/100/13
f 1005/98/49 1007/132/49 1008/131/49 1006/97/49
f 1007/132/50 945/134/50 946/133/50 1008/131/50
f 945/135/51 1007/166/51 1005/165/51 1003/164/51 1001/163/51 999/162/51 997/161/51 995/160/51 993/159/51 991/158/51 989/157/51 987/156/51 985/155/51 983/154/51 981/153/51 979/152/51 977/151/51 975/150/51 973/149/51 971/148/51 969/147/51 967/146/51 965/145/51 963/144/51 961/143/51 959/142/51 957/141/51 955/140/51 953/139/51 951/138/51 949/137/51 947/136/51
f 1009/43/19 1011/46/19 1012/45/19 1010/44/19
f 1011/46/20 1013/48/20 1014/47/20 1012/45/20
f 1013/48/21 1015/50/21 1016/49/21 1014/47/21
f 1015/50/22 1017/41/22 1018/51/22 1016/49/22
f 1017/41/23 1019/53/23 1020/52/23 1018/51/23
f 1019/53/24 1021/55/24 1022/54/24 1020/52/24
f 1021/55/52 1023/57/52 1024/56/52 1022/54/52
f 1023/57/26 1025/59/26 1026/58/26 1024/56/26
f 1025/59/27 1027/61/27 1028/60/27 1026/58/27
f 1027/61/53 1029/63/53 1030/62/53 1028/60/53
f 1029/63/29 1031/65/29 1032/64/29 1030/62/29
f 1031/65/30 1033/33/30 1034/37/30 1032/64/30
f 1033/33/31 1035/67/31 1036/66/31 1034/37/31
f 1035/67/32 1037/69/32 1038/68/32 1036/66/32
f 1037/69/33 1039/71/33 1040/70/33 1038/68/33
f 1039/71/34 1041/73/34 1042/72/34 1040/70/34
f 1041/73/35 1043/75/35 1044/74/35 1042/72/35
f 1043/75/36 1045/77/36 1046/76/36 1044/74/36
f 1045/77/62 1047/79/62 1048/78/62 1046/76/62
f 1047/79/38 1049/34/38 1050/38/38 1048/78/38
f 1049/34/39 1051/81/39 1052/80/39 1050/38/39
f 1051/81/40 1053/83/40 1054/82/40 1052/80/40
f 1053/83/54 1055/85/54 1056/84/54 1054/82/54
f 1055/85/63 1057/87/63 1058/86/63 1056/84/63
f 1057/87/64 1059/89/64 1060/88/64 1058/86/64
f 1059/89/55 1061/91/55 1062/90/55 1060/88/55
f 1061/91/45 1063/93/45 1064/92/45 1062/90/45
f 1063/93/46 1065/39/46 1066/94/46 1064/92/46
f 1065/39/47 1067/96/47 1068/95/47 1066/94/47
f 1067/96/65 1069/98/65 1070/97/65 1068/95/65
f 1012/99/13 1014/130/13 1016/129/13 1018/128/13 1020/127/13 1022/126/13 1024/125/13 1026/124/13 1028/123/13 1030/122/13 1032/121/13 1034/120/13 1036/119/13 1038/118/13 1040/117/13 1042/116/13 1044/115/13 1046/114/13 1048/113/13 1050/112/13 1052/111/13 1054/110/13 1056/109/13 1058/108/13 1060/107/13 1062/106/13 1064/105/13 1066/104/13 1068/103/13 1070/102/13 1072/101/13 1010/100/13
f 1069/98/49 1071/132/49 1072/131/49 1070/97/49
f 1071/132/50 1009/134/50 1010/133/50 1072/131/50
f 1009/135/51 1071/166/51 1069/165/51 1067/164/51 1065/163/51 1063/162/51 1061/161/51 1059/160/51 1057/159/51 1055/158/51 1053/157/51 1051/156/51 1049/155/51 1047/154/51 1045/153/51 1043/152/51 1041/151/51 1039/150/51 1037/149/51 1035/148/51 1033/147/51 1031/146/51 1029/145/51 1027/144/51 1025/143/51 1023/142/51 1021/141/51 1019/140/51 1017/139/51 1015/138/51 1013/137/51 1011/136/51
o 柱1
v 2469.406494 82.642738 -5716.640625
v 2469.406494 82.642738 -5717.817383
v 2317.666748 82.642738 -5716.640625
v 2317.666748 82.642738 -5717.817383
v 2469.406494 84.348557 -5716.434082
v 2469.406494 84.191147 -5718.023926
v 2317.666748 84.348557 -5716.434082
v 2317.666748 84.191147 -5718.023926
v 2407.337402 75.343414 -5717.437988
v 2407.337402 84.193947 -5717.437988
v 2407.399902 75.343414 -5717.431641
v 2407.399902 84.193947 -5717.431641
v 2407.459961 75.343414 -5717.413574
v 2407.459961 84.193947 -5717.413574
v 2407.515137 75.343414 -5717.383789
v 2407.515137 84.193947 -5717.383789
v 2407.563721 75.343414 -5717.344238
v 2407.563721 84.193947 -5717.344238
v 2407.603516 75.343414 -5717.295410
v 2407.603516 84.193947 -5717.295410
v 2407.633057 75.343414 -5717.240234
v 2407.633057 84.193947 -5717.240234
v 2407.651367 75.343414 -5717.180176
v 2407.651367 84.193947 -5717.180176
v 2407.657471 75.343414 -5717.117676
v 2407.657471 84.193947 -5717.117676
v 2407.651367 75.343414 -5717.055176
v 2407.651367 84.193947 -5717.055176
v 2407.633057 75.343414 -5716.995117
v 2407.633057 84.193947 -5716.995117
v 2407.603516 75.343414 -5716.939941
v 2407.603516 84.193947 -5716.939941
v 2407.563721 75.343414 -5716.891602
v 2407.563721 84.193947 -5716.891602
v 2407.515137 75.343414 -5716.851562
v 2407.515137 84.193947 -5716.851562
v 2407.459961 75.343414 -5716.822266
v 2407.459961 84.193947 -5716.822266
v 2407.399902 75.343414 -5716.803711
v 2407.399902 84.193947 -5716.803711
v 2407.337402 75.343414 -5716.797852
v 2407.337402 84.193947 -5716.797852
v 2407.275146 75.343414 -5716.803711
v 2407.275146 84.193947 -5716.803711
v 2407.215088 75.343414 -5716.822266
v 2407.215088 84.193947 -5716.822266
v 2407.159668 75.343414 -5716.851562
v 2407.159668 84.193947 -5716.851562
v 2407.111328 75.343414 -5716.891602
v 2407.111328 84.193947 -5716.891602
v 2407.071289 75.343414 -5716.939941
v 2407.071289 84.193947 -5716.939941
v 2407.041748 75.343414 -5716.995117
v 2407.041748 84.193947 -5716.995117
v 2407.023682 75.343414 -5717.055176
v 2407.023682 84.193947 -5717.055176
v 2407.017578 75.343414 -5717.117676
v 2407.017578 84.193947 -5717.117676
v 2407.023682 75.343414 -5717.180176
v 2407.023682 84.193947 -5717.180176
v 2407.041748 75.343414 -5717.240234
v 2407.041748 84.193947 -5717.240234
v 2407.071289 75.343414 -5717.295410
v 2407.071289 84.193947 -5717.295410
v 2407.111328 75.343414 -5717.344238
v 2407.111328 84.193947 -5717.344238
v 2407.159668 75.343414 -5717.383789
v 2407.159668 84.193947 -5717.383789
v 2407.215088 75.343414 -5717.413574
v 2407.215088 84.193947 -5717.413574
v 2407.275146 75.343414 -5717.431641
v 2407.275146 84.193947 -5717.431641
v 2335.302979 75.343414 -5717.603516
v 2335.302979 84.193947 -5717.603516
v 2335.365479 75.343414 -5717.597656
v 2335.365479 84.193947 -5717.597656
v 2335.425537 75.343414 -5717.579102
v 2335.425537 84.193947 -5717.579102
v 2335.480957 75.343414 -5717.549805
v 2335.480957 84.193947 -5717.549805
v 2335.529297 75.343414 -5717.509766
v 2335.529297 84.193947 -5717.509766
v 2335.569092 75.343414 -5717.461426
v 2335.569092 84.193947 -5717.461426
v 2335.598633 75.343414 -5717.406250
v 2335.598633 84.193947 -5717.406250
v 2335.616943 75.343414 -5717.346191
v 2335.616943 84.193947 -5717.346191
v 2335.623047 75.343414 -5717.283691
v 2335.623047 84.193947 -5717.283691
v 2335.616943 75.343414 -5717.221191
v 2335.616943 84.193947 -5717.221191
v 2335.598633 75.343414 -5717.161133
v 2335.598633 84.193947 -5717.161133
v 2335.569092 75.343414 -5717.105957
v 2335.569092 84.193947 -5717.105957
v 2335.529297 75.343414 -5717.057129
v 2335.529297 84.193947 -5717.057129
v 2335.480957 75.343414 -5717.017578
v 2335.480957 84.193947 -5717.017578
v 2335.425537 75.343414 -5716.987793
v 2335.425537 84.193947 -5716.987793
v 2335.365479 75.343414 -5716.969727
v 2335.365479 84.193947 -5716.969727
v 2335.302979 75.343414 -5716.963379
v 2335.302979 84.193947 -5716.963379
v 2335.240723 75.343414 -5716.969727
v 2335.240723 84.193947 -5716.969727
v 2335.180664 75.343414 -5716.987793
v 2335.180664 84.193947 -5716.987793
v 2335.125244 75.343414 -5717.017578
v 2335.125244 84.193947 -5717.017578
v 2335.076660 75.343414 -5717.057129
v 2335.076660 84.193947 -5717.057129
v 2335.037109 75.343414 -5717.105957
v 2335.036865 84.193947 -5717.105957
v 2335.007324 75.343414 -5717.161133
v 2335.007324 84.193947 -5717.161133
v 2334.989258 75.343414 -5717.221191
v 2334.989258 84.193947 -5717.221191
v 2334.983154 75.343414 -5717.283691
v 2334.983154 84.193947 -5717.283691
v 2334.989258 75.343414 -5717.346191
v 2334.989258 84.193947 -5717.346191
v 2335.007324 75.343414 -5717.406250
v 2335.007324 84.193947 -5717.406250
v 2335.037109 75.343414 -5717.461426
v 2335.036865 84.193947 -5717.461426
v 2335.076660 75.343414 -5717.509766
v 2335.076660 84.193947 -5717.509766
v 2335.125244 75.343414 -5717.549805
v 2335.125244 84.193947 -5717.549805
v 2335.180664 75.343414 -5717.579102
v 2335.180664 84.193947 -5717.579102
v 2335.240723 75.343414 -5717.597656
v 2335.240723 84.193947 -5717.597656
v 2326.269287 75.343414 -5717.603516
v 2326.269287 84.193947 -5717.603516
v 2326.331787 75.343414 -5717.597656
v 2326.331787 84.193947 -5717.597656
v 2326.391846 75.343414 -5717.579102
v 2326.391846 84.193947 -5717.579102
v 2326.447266 75.343414 -5717.549805
v 2326.447266 84.193947 -5717.549805
v 2326.495605 75.343414 -5717.509766
v 2326.495605 84.193947 -5717.509766
v 2326.535400 75.343414 -5717.461426
v 2326.535400 84.193947 -5717.461426
v 2326.564941 75.343414 -5717.406250
v 2326.564941 84.193947 -5717.406250
v 2326.583252 75.343414 -5717.346191
v 2326.583252 84.193947 -5717.346191
v 2326.589355 75.343414 -5717.283691
v 2326.589355 84.193947 -5717.283691
v 2326.583252 75.343414 -5717.221191
v 2326.583252 84.193947 -5717.221191
v 2326.564941 75.343414 -5717.161133
v 2326.564941 84.193947 -5717.161133
v 2326.535400 75.343414 -5717.105957
v 2326.535400 84.193947 -5717.105957
v 2326.495605 75.343414 -5717.057129
v 2326.495605 84.193947 -5717.057129
v 2326.447266 75.343414 -5717.017578
v 2326.447266 84.193947 -5717.017578
v 2326.391846 75.343414 -5716.987793
v 2326.391846 84.193947 -5716.987793
v 2326.331787 75.343414 -5716.969727
v 2326.331787 84.193947 -5716.969727
v 2326.269287 75.343414 -5716.963379
v 2326.269287 84.193947 -5716.963379
v 2326.207031 75.343414 -5716.969727
v 2326.207031 84.193947 -5716.969727
v 2326.146973 75.343414 -5716.987793
v 2326.146973 84.193947 -5716.987793
v 2326.091553 75.343414 -5717.017578
v 2326.091553 84.193947 -5717.017578
v 2326.042969 75.343414 -5717.057129
v 2326.042969 84.193947 -5717.057129
v 2326.003418 75.343414 -5717.105957
v 2326.003418 84.193947 -5717.105957
v 2325.973633 75.343414 -5717.161133
v 2325.973633 84.193947 -5717.161133
v 2325.955566 75.343414 -5717.221191
v 2325.955566 84.193947 -5717.221191
v 2325.949463 75.343414 -5717.283691
v 2325.949463 84.193947 -5717.283691
v 2325.955566 75.343414 -5717.346191
v 2325.955566 84.193947 -5717.346191
v 2325.973633 75.343414 -5717.406250
v 2325.973633 84.193947 -5717.406250
v 2326.003418 75.343414 -5717.461426
v 2326.003418 84.193947 -5717.461426
v 2326.042969 75.343414 -5717.509766
v 2326.042969 84.193947 -5717.509766
v 2326.091553 75.343414 -5717.549805
v 2326.091553 84.193947 -5717.549805
v 2326.146973 75.343414 -5717.579102
v 2326.146973 84.193947 -5717.579102
v 2326.207031 75.343414 -5717.597656
v 2326.207031 84.193947 -5717.597656
v 2353.288818 75.343414 -5717.603516
v 2353.288818 84.193947 -5717.603516
v 2353.351318 75.343414 -5717.597656
v 2353.351318 84.193947 -5717.597656
v 2353.411377 75.343414 -5717.579102
v 2353.411377 84.193947 -5717.579102
v 2353.466797 75.343414 -5717.549805
v 2353.466797 84.193947 -5717.549805
v 2353.515137 75.343414 -5717.509766
v 2353.515137 84.193947 -5717.509766
v 2353.554932 75.343414 -5717.461426
v 2353.554932 84.193947 -5717.461426
v 2353.584473 75.343414 -5717.406250
v 2353.584473 84.193947 -5717.406250
v 2353.602783 75.343414 -5717.346191
v 2353.602783 84.193947 -5717.346191
v 2353.608887 75.343414 -5717.283691
v 2353.608887 84.193947 -5717.283691
v 2353.602783 75.343414 -5717.221191
v 2353.602783 84.193947 -5717.221191
v 2353.584473 75.343414 -5717.161133
v 2353.584473 84.193947 -5717.161133
v 2353.554932 75.343414 -5717.105957
v 2353.554932 84.193947 -5717.105957
v 2353.515137 75.343414 -5717.057129
v 2353.515137 84.193947 -5717.057129
v 2353.466797 75.343414 -5717.017578
v 2353.466797 84.193947 -5717.017578
v 2353.411377 75.343414 -5716.987793
v 2353.411377 84.193947 -5716.987793
v 2353.351318 75.343414 -5716.969727
v 2353.351318 84.193947 -5716.969727
v 2353.288818 75.343414 -5716.963379
v 2353.288818 84.193947 -5716.963379
v 2353.226562 75.343414 -5716.969727
v 2353.226562 84.193947 -5716.969727
v 2353.166504 75.343414 -5716.987793
v 2353.166504 84.193947 -5716.987793
v 2353.111084 75.343414 -5717.017578
v 2353.111084 84.193947 -5717.017578
v 2353.062500 75.343414 -5717.057129
v 2353.062500 84.193947 -5717.057129
v 2353.022949 75.343414 -5717.105957
v 2353.022705 84.193947 -5717.105957
v 2352.993164 75.343414 -5717.161133
v 2352.993164 84.193947 -5717.161133
v 2352.975098 75.343414 -5717.221191
v 2352.975098 84.193947 -5717.221191
v 2352.968994 75.343414 -5717.283691
v 2352.968994 84.193947 -5717.283691
v 2352.975098 75.343414 -5717.346191
v 2352.975098 84.193947 -5717.346191
v 2352.993164 75.343414 -5717.406250
v 2352.993164 84.193947 -5717.406250
v 2353.022949 75.343414 -5717.461426
v 2353.022705 84.193947 -5717.461426
v 2353.062500 75.343414 -5717.509766
v 2353.062500 84.193947 -5717.509766
v 2353.111084 75.343414 -5717.549805
v 2353.111084 84.193947 -5717.549805
v 2353.166504 75.343414 -5717.579102
v 2353.166504 84.193947 -5717.579102
v 2353.226562 75.343414 -5717.597656
v 2353.226562 84.193947 -5717.597656
v 2344.350098 75.343414 -5717.603516
v 2344.350098 84.193947 -5717.603516
v 2344.412598 75.343414 -5717.597656
v 2344.412598 84.193947 -5717.597656
v 2344.472656 75.343414 -5717.579102
v 2344.472656 84.193947 -5717.579102
v 2344.527832 75.343414 -5717.549805
v 2344.527832 84.193947 -5717.549805
v 2344.576416 75.343414 -5717.509766
v 2344.576416 84.193947 -5717.509766
v 2344.616211 75.343414 -5717.461426
v 2344.616211 84.193947 -5717.461426
v 2344.645752 75.343414 -5717.406250
v 2344.645752 84.193947 -5717.406250
v 2344.664062 75.343414 -5717.346191
v 2344.664062 84.193947 -5717.346191
v 2344.670166 75.343414 -5717.283691
v 2344.670166 84.193947 -5717.283691
v 2344.664062 75.343414 -5717.221191
v 2344.664062 84.193947 -5717.221191
v 2344.645752 75.343414 -5717.161133
v 2344.645752 84.193947 -5717.161133
v 2344.616211 75.343414 -5717.105957
v 2344.616211 84.193947 -5717.105957
v 2344.576416 75.343414 -5717.057129
v 2344.576416 84.193947 -5717.057129
v 2344.527832 75.343414 -5717.017578
v 2344.527832 84.193947 -5717.017578
v 2344.472656 75.343414 -5716.987793
v 2344.472656 84.193947 -5716.987793
v 2344.412598 75.343414 -5716.969727
v 2344.412598 84.193947 -5716.969727
v 2344.350098 75.343414 -5716.963379
v 2344.350098 84.193947 -5716.963379
v 2344.287842 75.343414 -5716.969727
v 2344.287842 84.193947 -5716.969727
v 2344.227783 75.343414 -5716.987793
v 2344.227783 84.193947 -5716.987793
v 2344.172363 75.343414 -5717.017578
v 2344.172363 84.193947 -5717.017578
v 2344.124023 75.343414 -5717.057129
v 2344.124023 84.193947 -5717.057129
v 2344.083984 75.343414 -5717.105957
v 2344.083984 84.193947 -5717.105957
v 2344.054443 75.343414 -5717.161133
v 2344.054443 84.193947 -5717.161133
v 2344.036377 75.343414 -5717.221191
v 2344.036377 84.193947 -5717.221191
v 2344.030273 75.343414 -5717.283691
v 2344.030273 84.193947 -5717.283691
v 2344.036377 75.343414 -5717.346191
v 2344.036377 84.193947 -5717.346191
v 2344.054443 75.343414 -5717.406250
v 2344.054443 84.193947 -5717.406250
v 2344.083984 75.343414 -5717.461426
v 2344.083984 84.193947 -5717.461426
v 2344.124023 75.343414 -5717.509766
v 2344.124023 84.193947 -5717.509766
v 2344.172363 75.343414 -5717.549805
v 2344.172363 84.193947 -5717.549805
v 2344.227783 75.343414 -5717.579102
v 2344.227783 84.193947 -5717.579102
v 2344.287842 75.343414 -5717.597656
v 2344.287842 84.193947 -5717.597656
v 2371.355713 75.343414 -5717.603516
v 2371.355713 84.193947 -5717.603516
v 2371.418213 75.343414 -5717.597656
v 2371.418213 84.193947 -5717.597656
v 2371.478271 75.343414 -5717.579102
v 2371.478271 84.193947 -5717.579102
v 2371.533691 75.343414 -5717.549805
v 2371.533691 84.193947 -5717.549805
v 2371.582031 75.343414 -5717.509766
v 2371.582031 84.193947 -5717.509766
v 2371.621826 75.343414 -5717.461426
v 2371.621826 84.193947 -5717.461426
v 2371.651367 75.343414 -5717.406250
v 2371.651367 84.193947 -5717.406250
v 2371.669678 75.343414 -5717.346191
v 2371.669678 84.193947 -5717.346191
v 2371.675781 75.343414 -5717.283691
v 2371.675781 84.193947 -5717.283691
v 2371.669678 75.343414 -5717.221191
v 2371.669678 84.193947 -5717.221191
v 2371.651367 75.343414 -5717.161133
v 2371.651367 84.193947 -5717.161133
v 2371.621826 75.343414 -5717.105957
v 2371.621826 84.193947 -5717.105957
v 2371.582031 75.343414 -5717.057129
v 2371.582031 84.193947 -5717.057129
v 2371.533691 75.343414 -5717.017578
v 2371.533691 84.193947 -5717.017578
v 2371.478271 75.343414 -5716.987793
v 2371.478271 84.193947 -5716.987793
v 2371.418213 75.343414 -5716.969727
v 2371.418213 84.193947 -5716.969727
v 2371.355713 75.343414 -5716.963379
v 2371.355713 84.193947 -5716.963379
v 2371.293457 75.343414 -5716.969727
v 2371.293457 84.193947 -5716.969727
v 2371.233398 75.343414 -5716.987793
v 2371.233398 84.193947 -5716.987793
v 2371.177979 75.343414 -5717.017578
v 2371.177979 84.193947 -5717.017578
v 2371.129395 75.343414 -5717.057129
v 2371.129395 84.193947 -5717.057129
v 2371.089600 75.343414 -5717.105957
v 2371.089600 84.193947 -5717.105957
v 2371.060059 75.343414 -5717.161133
v 2371.060059 84.193947 -5717.161133
v 2371.041992 75.343414 -5717.221191
v 2371.041992 84.193947 -5717.221191
v 2371.035889 75.343414 -5717.283691
v 2371.035889 84.193947 -5717.283691
v 2371.041992 75.343414 -5717.346191
v 2371.041992 84.193947 -5717.346191
v 2371.060059 75.343414 -5717.406250
v 2371.060059 84.193947 -5717.406250
v 2371.089600 75.343414 -5717.461426
v 2371.089600 84.193947 -5717.461426
v 2371.129395 75.343414 -5717.509766
v 2371.129395 84.193947 -5717.509766
v 2371.177979 75.343414 -5717.549805
v 2371.177979 84.193947 -5717.549805
v 2371.233398 75.343414 -5717.579102
v 2371.233398 84.193947 -5717.579102
v 2371.293457 75.343414 -5717.597656
v 2371.293457 84.193947 -5717.597656
v 2362.317383 75.343414 -5717.603516
v 2362.317383 84.193947 -5717.603516
v 2362.379883 75.343414 -5717.597656
v 2362.379883 84.193947 -5717.597656
v 2362.439941 75.343414 -5717.579102
v 2362.439941 84.193947 -5717.579102
v 2362.495361 75.343414 -5717.549805
v 2362.495361 84.193947 -5717.549805
v 2362.543701 75.343414 -5717.509766
v 2362.543701 84.193947 -5717.509766
v 2362.583496 75.343414 -5717.461426
v 2362.583496 84.193947 -5717.461426
v 2362.613037 75.343414 -5717.406250
v 2362.613037 84.193947 -5717.406250
v 2362.631348 75.343414 -5717.346191
v 2362.631348 84.193947 -5717.346191
v 2362.637451 75.343414 -5717.283691
v 2362.637451 84.193947 -5717.283691
v 2362.631348 75.343414 -5717.221191
v 2362.631348 84.193947 -5717.221191
v 2362.613037 75.343414 -5717.161133
v 2362.613037 84.193947 -5717.161133
v 2362.583496 75.343414 -5717.105957
v 2362.583496 84.193947 -5717.105957
v 2362.543701 75.343414 -5717.057129
v 2362.543701 84.193947 -5717.057129
v 2362.495361 75.343414 -5717.017578
v 2362.495361 84.193947 -5717.017578
v 2362.439941 75.343414 -5716.987793
v 2362.439941 84.193947 -5716.987793
v 2362.379883 75.343414 -5716.969727
v 2362.379883 84.193947 -5716.969727
v 2362.317383 75.343414 -5716.963379
v 2362.317383 84.193947 -5716.963379
v 2362.255127 75.343414 -5716.969727
v 2362.255127 84.193947 -5716.969727
v 2362.195068 75.343414 -5716.987793
v 2362.195068 84.193947 -5716.987793
v 2362.139648 75.343414 -5717.017578
v 2362.139648 84.193947 -5717.017578
v 2362.091309 75.343414 -5717.057129
v 2362.091309 84.193947 -5717.057129
v 2362.051270 75.343414 -5717.105957
v 2362.051270 84.193947 -5717.105957
v 2362.021729 75.343414 -5717.161133
v 2362.021729 84.193947 -5717.161133
v 2362.003662 75.343414 -5717.221191
v 2362.003662 84.193947 -5717.221191
v 2361.997559 75.343414 -5717.283691
v 2361.997559 84.193947 -5717.283691
v 2362.003662 75.343414 -5717.346191
v 2362.003662 84.193947 -5717.346191
v 2362.021729 75.343414 -5717.406250
v 2362.021729 84.193947 -5717.406250
v 2362.051270 75.343414 -5717.461426
v 2362.051270 84.193947 -5717.461426
v 2362.091309 75.343414 -5717.509766
v 2362.091309 84.193947 -5717.509766
v 2362.139648 75.343414 -5717.549805
v 2362.139648 84.193947 -5717.549805
v 2362.195068 75.343414 -5717.579102
v 2362.195068 84.193947 -5717.579102
v 2362.255127 75.343414 -5717.597656
v 2362.255127 84.193947 -5717.597656
v 2380.400146 75.343414 -5717.603516
v 2380.400146 84.193947 -5717.603516
v 2380.462646 75.343414 -5717.597656
v 2380.462646 84.193947 -5717.597656
v 2380.522705 75.343414 -5717.579102
v 2380.522705 84.193947 -5717.579102
v 2380.578125 75.343414 -5717.549805
v 2380.578125 84.193947 -5717.549805
v 2380.626465 75.343414 -5717.509766
v 2380.626465 84.193947 -5717.509766
v 2380.666260 75.343414 -5717.461426
v 2380.666260 84.193947 -5717.461426
v 2380.695801 75.343414 -5717.406250
v 2380.695801 84.193947 -5717.406250
v 2380.714111 75.343414 -5717.346191
v 2380.714111 84.193947 -5717.346191
v 2380.720215 75.343414 -5717.283691
v 2380.720215 84.193947 -5717.283691
v 2380.714111 75.343414 -5717.221191
v 2380.714111 84.193947 -5717.221191
v 2380.695801 75.343414 -5717.161133
v 2380.695801 84.193947 -5717.161133
v 2380.666260 75.343414 -5717.105957
v 2380.666260 84.193947 -5717.105957
v 2380.626465 75.343414 -5717.057129
v 2380.626465 84.193947 -5717.057129
v 2380.578125 75.343414 -5717.017578
v 2380.578125 84.193947 -5717.017578
v 2380.522705 75.343414 -5716.987793
v 2380.522705 84.193947 -5716.987793
v 2380.462646 75.343414 -5716.969727
v 2380.462646 84.193947 -5716.969727
v 2380.400146 75.343414 -5716.963379
v 2380.400146 84.193947 -5716.963379
v 2380.337891 75.343414 -5716.969727
v 2380.337891 84.193947 -5716.969727
v 2380.277832 75.343414 -5716.987793
v 2380.277832 84.193947 -5716.987793
v 2380.222412 75.343414 -5717.017578
v 2380.222412 84.193947 -5717.017578
v 2380.173828 75.343414 -5717.057129
v 2380.173828 84.193947 -5717.057129
v 2380.134033 75.343414 -5717.105957
v 2380.134033 84.193947 -5717.105957
v 2380.104492 75.343414 -5717.161133
v 2380.104492 84.193947 -5717.161133
v 2380.086426 75.343414 -5717.221191
v 2380.086426 84.193947 -5717.221191
v 2380.080322 75.343414 -5717.283691
v 2380.080322 84.193947 -5717.283691
v 2380.086426 75.343414 -5717.346191
v 2380.086426 84.193947 -5717.346191
v 2380.104492 75.343414 -5717.406250
v 2380.104492 84.193947 -5717.406250
v 2380.134033 75.343414 -5717.461426
v 2380.134033 84.193947 -5717.461426
v 2380.173828 75.343414 -5717.509766
v 2380.173828 84.193947 -5717.509766
v 2380.222412 75.343414 -5717.549805
v 2380.222412 84.193947 -5717.549805
v 2380.277832 75.343414 -5717.579102
v 2380.277832 84.193947 -5717.579102
v 2380.337891 75.343414 -5717.597656
v 2380.337891 84.193947 -5717.597656
v 2398.334961 75.343414 -5717.496582
v 2398.334961 84.193947 -5717.496582
v 2398.397461 75.343414 -5717.490234
v 2398.397461 84.193947 -5717.490234
v 2398.457520 75.343414 -5717.472168
v 2398.457520 84.193947 -5717.472168
v 2398.512695 75.343414 -5717.442383
v 2398.512939 84.193947 -5717.442383
v 2398.561279 75.343414 -5717.402832
v 2398.561279 84.193947 -5717.402832
v 2398.601074 75.343414 -5717.354004
v 2398.601074 84.193947 -5717.354004
v 2398.630615 75.343414 -5717.298828
v 2398.630615 84.193947 -5717.298828
v 2398.648926 75.343414 -5717.238770
v 2398.648926 84.193947 -5717.238770
v 2398.655029 75.343414 -5717.176270
v 2398.655029 84.193947 -5717.176270
v 2398.648926 75.343414 -5717.113770
v 2398.648926 84.193947 -5717.113770
v 2398.630615 75.343414 -5717.054199
v 2398.630615 84.193947 -5717.054199
v 2398.601074 75.343414 -5716.998535
v 2398.601074 84.193947 -5716.998535
v 2398.561279 75.343414 -5716.950195
v 2398.561279 84.193947 -5716.950195
v 2398.512695 75.343414 -5716.910156
v 2398.512939 84.193947 -5716.910156
v 2398.457520 75.343414 -5716.880859
v 2398.457520 84.193947 -5716.880859
v 2398.397461 75.343414 -5716.862793
v 2398.397461 84.193947 -5716.862793
v 2398.334961 75.343414 -5716.856445
v 2398.334961 84.193947 -5716.856445
v 2398.272705 75.343414 -5716.862793
v 2398.272705 84.193947 -5716.862793
v 2398.212646 75.343414 -5716.880859
v 2398.212646 84.193947 -5716.880859
v 2398.157227 75.343414 -5716.910156
v 2398.157227 84.193947 -5716.910156
v 2398.108643 75.343414 -5716.950195
v 2398.108887 84.193947 -5716.950195
v 2398.068848 75.343414 -5716.998535
v 2398.069092 84.193947 -5716.998535
v 2398.039307 75.343414 -5717.054199
v 2398.039307 84.193947 -5717.054199
v 2398.021240 75.343414 -5717.113770
v 2398.021240 84.193947 -5717.113770
v 2398.015137 75.343414 -5717.176270
v 2398.015137 84.193947 -5717.176270
v 2398.021240 75.343414 -5717.238770
v 2398.021240 84.193947 -5717.238770
v 2398.039307 75.343414 -5717.298828
v 2398.039307 84.193947 -5717.298828
v 2398.068848 75.343414 -5717.354004
v 2398.069092 84.193947 -5717.354004
v 2398.108643 75.343414 -5717.402832
v 2398.108887 84.193947 -5717.402832
v 2398.157227 75.343414 -5717.442383
v 2398.157227 84.193947 -5717.442383
v 2398.212646 75.343414 -5717.472168
v 2398.212646 84.193947 -5717.472168
v 2398.272705 75.343414 -5717.490234
v 2398.272705 84.193947 -5717.490234
v 2434.312744 75.343414 -5717.340820
v 2434.312744 84.193947 -5717.340820
v 2434.375244 75.343414 -5717.334473
v 2434.375244 84.193947 -5717.334473
v 2434.435303 75.343414 -5717.316406
v 2434.435303 84.193947 -5717.316406
v 2434.490723 75.343414 -5717.287109
v 2434.490723 84.193947 -5717.287109
v 2434.539062 75.343414 -5717.247070
v 2434.539062 84.193947 -5717.247070
v 2434.578857 75.343414 -5717.198730
v 2434.578857 84.193947 -5717.198730
v 2434.608398 75.343414 -5717.143066
v 2434.608398 84.193947 -5717.143066
v 2434.626709 75.343414 -5717.083008
v 2434.626709 84.193947 -5717.083008
v 2434.632812 75.343414 -5717.020996
v 2434.632812 84.193947 -5717.020996
v 2434.626709 75.343414 -5716.958496
v 2434.626709 84.193947 -5716.958496
v 2434.608398 75.343414 -5716.898438
v 2434.608398 84.193947 -5716.898438
v 2434.578857 75.343414 -5716.843262
v 2434.578857 84.193947 -5716.843262
v 2434.539062 75.343414 -5716.794434
v 2434.539062 84.193947 -5716.794434
v 2434.490723 75.343414 -5716.754883
v 2434.490723 84.193947 -5716.754883
v 2434.435303 75.343414 -5716.725098
v 2434.435303 84.193947 -5716.725098
v 2434.375244 75.343414 -5716.707031
v 2434.375244 84.193947 -5716.707031
v 2434.312744 75.343414 -5716.700684
v 2434.312744 84.193947 -5716.700684
v 2434.250488 75.343414 -5716.707031
v 2434.250488 84.193947 -5716.707031
v 2434.190430 75.343414 -5716.725098
v 2434.190430 84.193947 -5716.725098
v 2434.135010 75.343414 -5716.754883
v 2434.135010 84.193947 -5716.754883
v 2434.086426 75.343414 -5716.794434
v 2434.086426 84.193947 -5716.794434
v 2434.046875 75.343414 -5716.843262
v 2434.046875 84.193947 -5716.843262
v 2434.017090 75.343414 -5716.898438
v 2434.017090 84.193947 -5716.898438
v 2433.999023 75.343414 -5716.958496
v 2433.999023 84.193947 -5716.958496
v 2433.992920 75.343414 -5717.020996
v 2433.992920 84.193947 -5717.020996
v 2433.999023 75.343414 -5717.083008
v 2433.999023 84.193947 -5717.083008
v 2434.017090 75.343414 -5717.143066
v 2434.017090 84.193947 -5717.143066
v 2434.046875 75.343414 -5717.198730
v 2434.046875 84.193947 -5717.198730
v 2434.086426 75.343414 -5717.247070
v 2434.086426 84.193947 -5717.247070
v 2434.135010 75.343414 -5717.287109
v 2434.135010 84.193947 -5717.287109
v 2434.190430 75.343414 -5717.316406
v 2434.190430 84.193947 -5717.316406
v 2434.250488 75.343414 -5717.334473
v 2434.250488 84.193947 -5717.334473
v 2389.358643 75.343414 -5717.551270
v 2389.358643 84.193947 -5717.551270
v 2389.421143 75.343414 -5717.545410
v 2389.421143 84.193947 -5717.545410
v 2389.481201 75.343414 -5717.527344
v 2389.481201 84.193947 -5717.527344
v 2389.536377 75.343414 -5717.497559
v 2389.536621 84.193947 -5717.497559
v 2389.584961 75.343414 -5717.457520
v 2389.584961 84.193947 -5717.457520
v 2389.624756 75.343414 -5717.409180
v 2389.624756 84.193947 -5717.409180
v 2389.654297 75.343414 -5717.354004
v 2389.654297 84.193947 -5717.354004
v 2389.672607 75.343414 -5717.293945
v 2389.672607 84.193947 -5717.293945
v 2389.678711 75.343414 -5717.231445
v 2389.678711 84.193947 -5717.231445
v 2389.672607 75.343414 -5717.168945
v 2389.672607 84.193947 -5717.168945
v 2389.654297 75.343414 -5717.108887
v 2389.654297 84.193947 -5717.108887
v 2389.624756 75.343414 -5717.053711
v 2389.624756 84.193947 -5717.053711
v 2389.584961 75.343414 -5717.005371
v 2389.584961 84.193947 -5717.005371
v 2389.536377 75.343414 -5716.965332
v 2389.536621 84.193947 -5716.965332
v 2389.481201 75.343414 -5716.936035
v 2389.481201 84.193947 -5716.936035
v 2389.421143 75.343414 -5716.917480
v 2389.421143 84.193947 -5716.917480
v 2389.358643 75.343414 -5716.911621
v 2389.358643 84.193947 -5716.911621
v 2389.296387 75.343414 -5716.917480
v 2389.296387 84.193947 -5716.917480
v 2389.236328 75.343414 -5716.936035
v 2389.236328 84.193947 -5716.936035
v 2389.180908 75.343414 -5716.965332
v 2389.180908 84.193947 -5716.965332
v 2389.132324 75.343414 -5717.005371
v 2389.132568 84.193947 -5717.005371
v 2389.092529 75.343414 -5717.053711
v 2389.092773 84.193947 -5717.053711
v 2389.062988 75.343414 -5717.108887
v 2389.062988 84.193947 -5717.108887
v 2389.044922 75.343414 -5717.168945
v 2389.044922 84.193947 -5717.168945
v 2389.038818 75.343414 -5717.231445
v 2389.038818 84.193947 -5717.231445
v 2389.044922 75.343414 -5717.293945
v 2389.044922 84.193947 -5717.293945
v 2389.062988 75.343414 -5717.354004
v 2389.062988 84.193947 -5717.354004
v 2389.092529 75.343414 -5717.409180
v 2389.092773 84.193947 -5717.409180
v 2389.132324 75.343414 -5717.457520
v 2389.132568 84.193947 -5717.457520
v 2389.180908 75.343414 -5717.497559
v 2389.180908 84.193947 -5717.497559
v 2389.236328 75.343414 -5717.527344
v 2389.236328 84.193947 -5717.527344
v 2389.296387 75.343414 -5717.545410
v 2389.296387 84.193947 -5717.545410
v 2425.240234 75.343414 -5717.340820
v 2425.240234 84.193947 -5717.340820
v 2425.302734 75.343414 -5717.334473
v 2425.302734 84.193947 -5717.334473
v 2425.362793 75.343414 -5717.316406
v 2425.362793 84.193947 -5717.316406
v 2425.417969 75.343414 -5717.287109
v 2425.417969 84.193947 -5717.287109
v 2425.466553 75.343414 -5717.247070
v 2425.466553 84.193947 -5717.247070
v 2425.506348 75.343414 -5717.198730
v 2425.506348 84.193947 -5717.198730
v 2425.535889 75.343414 -5717.143066
v 2425.535889 84.193947 -5717.143066
v 2425.554199 75.343414 -5717.083008
v 2425.554199 84.193947 -5717.083008
v 2425.560303 75.343414 -5717.020996
v 2425.560303 84.193947 -5717.020996
v 2425.554199 75.343414 -5716.958496
v 2425.554199 84.193947 -5716.958496
v 2425.535889 75.343414 -5716.898438
v 2425.535889 84.193947 -5716.898438
v 2425.506348 75.343414 -5716.843262
v 2425.506348 84.193947 -5716.843262
v 2425.466553 75.343414 -5716.794434
v 2425.466553 84.193947 -5716.794434
v 2425.417969 75.343414 -5716.754883
v 2425.417969 84.193947 -5716.754883
v 2425.362793 75.343414 -5716.725098
v 2425.362793 84.193947 -5716.725098
v 2425.302734 75.343414 -5716.707031
v 2425.302734 84.193947 -5716.707031
v 2425.240234 75.343414 -5716.700684
v 2425.240234 84.193947 -5716.700684
v 2425.177979 75.343414 -5716.707031
v 2425.177979 84.193947 -5716.707031
v 2425.117920 75.343414 -5716.725098
v 2425.117920 84.193947 -5716.725098
v 2425.062500 75.343414 -5716.754883
v 2425.062500 84.193947 -5716.754883
v 2425.014160 75.343414 -5716.794434
v 2425.014160 84.193947 -5716.794434
v 2424.974121 75.343414 -5716.843262
v 2424.974121 84.193947 -5716.843262
v 2424.944580 75.343414 -5716.898438
v 2424.944580 84.193947 -5716.898438
v 2424.926514 75.343414 -5716.958496
v 2424.926514 84.193947 -5716.958496
v 2424.920410 75.343414 -5717.020996
v 2424.920410 84.193947 -5717.020996
v 2424.926514 75.343414 -5717.083008
v 2424.926514 84.193947 -5717.083008
v 2424.944580 75.343414 -5717.143066
v 2424.944580 84.193947 -5717.143066
v 2424.974121 75.343414 -5717.198730
v 2424.974121 84.193947 -5717.198730
v 2425.014160 75.343414 -5717.247070
v 2425.014160 84.193947 -5717.247070
v 2425.062500 75.343414 -5717.287109
v 2425.062500 84.193947 -5717.287109
v 2425.117920 75.343414 -5717.316406
v 2425.117920 84.193947 -5717.316406
v 2425.177979 75.343414 -5717.334473
v 2425.177979 84.193947 -5717.334473
v 2416.281738 75.343414 -5717.340820
v 2416.281738 84.193947 -5717.340820
v 2416.344238 75.343414 -5717.334473
v 2416.344238 84.193947 -5717.334473
v 2416.404297 75.343414 -5717.316406
v 2416.404297 84.193947 -5717.316406
v 2416.459473 75.343414 -5717.287109
v 2416.459473 84.193947 -5717.287109
v 2416.508057 75.343414 -5717.247070
v 2416.508057 84.193947 -5717.247070
v 2416.547852 75.343414 -5717.198730
v 2416.547852 84.193947 -5717.198730
v 2416.577393 75.343414 -5717.143066
v 2416.577393 84.193947 -5717.143066
v 2416.595703 75.343414 -5717.083008
v 2416.595703 84.193947 -5717.083008
v 2416.601807 75.343414 -5717.020996
v 2416.601807 84.193947 -5717.020996
v 2416.595703 75.343414 -5716.958496
v 2416.595703 84.193947 -5716.958496
v 2416.577393 75.343414 -5716.898438
v 2416.577393 84.193947 -5716.898438
v 2416.547852 75.343414 -5716.843262
v 2416.547852 84.193947 -5716.843262
v 2416.508057 75.343414 -5716.794434
v 2416.508057 84.193947 -5716.794434
v 2416.459473 75.343414 -5716.754883
v 2416.459473 84.193947 -5716.754883
v 2416.404297 75.343414 -5716.725098
v 2416.404297 84.193947 -5716.725098
v 2416.344238 75.343414 -5716.707031
v 2416.344238 84.193947 -5716.707031
v 2416.281738 75.343414 -5716.700684
v 2416.281738 84.193947 -5716.700684
v 2416.219482 75.343414 -5716.707031
v 2416.219482 84.193947 -5716.707031
v 2416.159424 75.343414 -5716.725098
v 2416.159424 84.193947 -5716.725098
v 2416.104004 75.343414 -5716.754883
v 2416.104004 84.193947 -5716.754883
v 2416.055664 75.343414 -5716.794434
v 2416.055664 84.193947 -5716.794434
v 2416.015625 75.343414 -5716.843262
v 2416.015625 84.193947 -5716.843262
v 2415.986084 75.343414 -5716.898438
v 2415.986084 84.193947 -5716.898438
v 2415.968018 75.343414 -5716.958496
v 2415.968018 84.193947 -5716.958496
v 2415.961914 75.343414 -5717.020996
v 2415.961914 84.193947 -5717.020996
v 2415.968018 75.343414 -5717.083008
v 2415.968018 84.193947 -5717.083008
v 2415.986084 75.343414 -5717.143066
v 2415.986084 84.193947 -5717.143066
v 2416.015625 75.343414 -5717.198730
v 2416.015625 84.193947 -5717.198730
v 2416.055664 75.343414 -5717.247070
v 2416.055664 84.193947 -5717.247070
v 2416.104004 75.343414 -5717.287109
v 2416.104004 84.193947 -5717.287109
v 2416.159424 75.343414 -5717.316406
v 2416.159424 84.193947 -5717.316406
v 2416.219482 75.343414 -5717.334473
v 2416.219482 84.193947 -5717.334473
v 2443.252441 75.343414 -5717.340820
v 2443.252441 84.193947 -5717.340820
v 2443.314941 75.343414 -5717.334473
v 2443.314941 84.193947 -5717.334473
v 2443.375000 75.343414 -5717.316406
v 2443.375000 84.193947 -5717.316406
v 2443.430176 75.343414 -5717.287109
v 2443.430176 84.193947 -5717.287109
v 2443.478760 75.343414 -5717.247070
v 2443.478760 84.193947 -5717.247070
v 2443.518555 75.343414 -5717.198730
v 2443.518555 84.193947 -5717.198730
v 2443.548096 75.343414 -5717.143066
v 2443.548096 84.193947 -5717.143066
v 2443.566406 75.343414 -5717.083008
v 2443.566406 84.193947 -5717.083008
v 2443.572510 75.343414 -5717.020996
v 2443.572510 84.193947 -5717.020996
v 2443.566406 75.343414 -5716.958496
v 2443.566406 84.193947 -5716.958496
v 2443.548096 75.343414 -5716.898438
v 2443.548096 84.193947 -5716.898438
v 2443.518555 75.343414 -5716.843262
v 2443.518555 84.193947 -5716.843262
v 2443.478760 75.343414 -5716.794434
v 2443.478760 84.193947 -5716.794434
v 2443.430176 75.343414 -5716.754883
v 2443.430176 84.193947 -5716.754883
v 2443.375000 75.343414 -5716.725098
v 2443.375000 84.193947 -5716.725098
v 2443.314941 75.343414 -5716.707031
v 2443.314941 84.193947 -5716.707031
v 2443.252441 75.343414 -5716.700684
v 2443.252441 84.193947 -5716.700684
v 2443.190186 75.343414 -5716.707031
v 2443.190186 84.193947 -5716.707031
v 2443.130127 75.343414 -5716.725098
v 2443.130127 84.193947 -5716.725098
v 2443.074707 75.343414 -5716.754883
v 2443.074707 84.193947 -5716.754883
v 2443.026367 75.343414 -5716.794434
v 2443.026367 84.193947 -5716.794434
v 2442.986328 75.343414 -5716.843262
v 2442.986328 84.193947 -5716.843262
v 2442.956787 75.343414 -5716.898438
v 2442.956787 84.193947 -5716.898438
v 2442.938721 75.343414 -5716.958496
v 2442.938721 84.193947 -5716.958496
v 2442.932617 75.343414 -5717.020996
v 2442.932617 84.193947 -5717.020996
v 2442.938721 75.343414 -5717.083008
v 2442.938721 84.193947 -5717.083008
v 2442.956787 75.343414 -5717.143066
v 2442.956787 84.193947 -5717.143066
v 2442.986328 75.343414 -5717.198730
v 2442.986328 84.193947 -5717.198730
v 2443.026367 75.343414 -5717.247070
v 2443.026367 84.193947 -5717.247070
v 2443.074707 75.343414 -5717.287109
v 2443.074707 84.193947 -5717.287109
v 2443.130127 75.343414 -5717.316406
v 2443.130127 84.193947 -5717.316406
v 2443.190186 75.343414 -5717.334473
v 2443.190186 84.193947 -5717.334473
v 2452.103760 75.343414 -5717.295410
v 2452.103760 84.193947 -5717.295410
v 2452.166260 75.343414 -5717.289551
v 2452.166260 84.193947 -5717.289551
v 2452.226318 75.343414 -5717.271484
v 2452.226318 84.193947 -5717.271484
v 2452.281738 75.343414 -5717.241699
v 2452.281738 84.193947 -5717.241699
v 2452.330078 75.343414 -5717.202148
v 2452.330078 84.193947 -5717.202148
v 2452.369873 75.343414 -5717.153320
v 2452.369873 84.193947 -5717.153320
v 2452.399414 75.343414 -5717.098145
v 2452.399414 84.193947 -5717.098145
v 2452.417725 75.343414 -5717.038086
v 2452.417725 84.193947 -5717.038086
v 2452.423828 75.343414 -5716.975586
v 2452.423828 84.193947 -5716.975586
v 2452.417725 75.343414 -5716.913086
v 2452.417725 84.193947 -5716.913086
v 2452.399414 75.343414 -5716.853027
v 2452.399414 84.193947 -5716.853027
v 2452.369873 75.343414 -5716.797852
v 2452.369873 84.193947 -5716.797852
v 2452.330078 75.343414 -5716.749512
v 2452.330078 84.193947 -5716.749512
v 2452.281738 75.343414 -5716.709473
v 2452.281738 84.193947 -5716.709473
v 2452.226318 75.343414 -5716.680176
v 2452.226318 84.193947 -5716.680176
v 2452.166260 75.343414 -5716.661621
v 2452.166260 84.193947 -5716.661621
v 2452.103760 75.343414 -5716.655762
v 2452.103760 84.193947 -5716.655762
v 2452.041504 75.343414 -5716.661621
v 2452.041504 84.193947 -5716.661621
v 2451.981445 75.343414 -5716.680176
v 2451.981445 84.193947 -5716.680176
v 2451.926025 75.343414 -5716.709473
v 2451.926025 84.193947 -5716.709473
v 2451.877441 75.343414 -5716.749512
v 2451.877441 84.193947 -5716.749512
v 2451.837891 75.343414 -5716.797852
v 2451.837891 84.193947 -5716.797852
v 2451.808105 75.343414 -5716.853027
v 2451.808105 84.193947 -5716.853027
v 2451.790039 75.343414 -5716.913086
v 2451.790039 84.193947 -5716.913086
v 2451.783936 75.343414 -5716.975586
v 2451.783936 84.193947 -5716.975586
v 2451.790039 75.343414 -5717.038086
v 2451.790039 84.193947 -5717.038086
v 2451.808105 75.343414 -5717.098145
v 2451.808105 84.193947 -5717.098145
v 2451.837891 75.343414 -5717.153320
v 2451.837891 84.193947 -5717.153320
v 2451.877441 75.343414 -5717.202148
v 2451.877441 84.193947 -5717.202148
v 2451.926025 75.343414 -5717.241699
v 2451.926025 84.193947 -5717.241699
v 2451.981445 75.343414 -5717.271484
v 2451.981445 84.193947 -5717.271484
v 2452.041504 75.343414 -5717.289551
v 2452.041504 84.193947 -5717.289551
v 2461.224854 75.343414 -5717.241211
v 2461.224854 84.193947 -5717.241211
v 2461.287354 75.343414 -5717.235352
v 2461.287354 84.193947 -5717.235352
v 2461.347412 75.343414 -5717.216797
v 2461.347412 84.193947 -5717.216797
v 2461.402832 75.343414 -5717.187500
v 2461.402832 84.193947 -5717.187500
v 2461.451172 75.343414 -5717.147461
v 2461.451172 84.193947 -5717.147461
v 2461.490967 75.343414 -5717.099121
v 2461.490967 84.193947 -5717.099121
v 2461.520508 75.343414 -5717.043945
v 2461.520508 84.193947 -5717.043945
v 2461.538818 75.343414 -5716.983887
v 2461.538818 84.193947 -5716.983887
v 2461.544922 75.343414 -5716.921387
v 2461.544922 84.193947 -5716.921387
v 2461.538818 75.343414 -5716.858887
v 2461.538818 84.193947 -5716.858887
v 2461.520508 75.343414 -5716.798828
v 2461.520508 84.193947 -5716.798828
v 2461.490967 75.343414 -5716.743652
v 2461.490967 84.193947 -5716.743652
v 2461.451172 75.343414 -5716.694824
v 2461.451172 84.193947 -5716.694824
v 2461.402832 75.343414 -5716.655273
v 2461.402832 84.193947 -5716.655273
v 2461.347412 75.343414 -5716.625488
v 2461.347412 84.193947 -5716.625488
v 2461.287354 75.343414 -5716.607422
v 2461.287354 84.193947 -5716.607422
v 2461.224854 75.343414 -5716.601562
v 2461.224854 84.193947 -5716.601562
v 2461.162598 75.343414 -5716.607422
v 2461.162598 84.193947 -5716.607422
v 2461.102539 75.343414 -5716.625488
v 2461.102539 84.193947 -5716.625488
v 2461.047119 75.343414 -5716.655273
v 2461.047119 84.193947 -5716.655273
v 2460.998535 75.343414 -5716.694824
v 2460.998535 84.193947 -5716.694824
v 2460.958984 75.343414 -5716.743652
v 2460.958984 84.193947 -5716.743652
v 2460.929199 75.343414 -5716.798828
v 2460.929199 84.193947 -5716.798828
v 2460.911133 75.343414 -5716.858887
v 2460.911133 84.193947 -5716.858887
v 2460.905029 75.343414 -5716.921387
v 2460.905029 84.193947 -5716.921387
v 2460.911133 75.343414 -5716.983887
v 2460.911133 84.193947 -5716.983887
v 2460.929199 75.343414 -5717.043945
v 2460.929199 84.193947 -5717.043945
v 2460.958984 75.343414 -5717.099121
v 2460.958984 84.193947 -5717.099121
v 2460.998535 75.343414 -5717.147461
v 2460.998535 84.193947 -5717.147461
v 2461.047119 75.343414 -5717.187500
v 2461.047119 84.193947 -5717.187500
v 2461.102539 75.343414 -5717.216797
v 2461.102539 84.193947 -5717.216797
v 2461.162598 75.343414 -5717.235352
v 2461.162598 84.193947 -5717.235352
vn -0.0000 -1.0000 -0.0000
vn -1.0000 -0.0000 -0.0000
vn -0.0000 0.9951 -0.0985
vn 1.0000 -0.0000 -0.0000
vn -0.0000 -0.1202 0.9927
vn -0.0000 -0.1323 -0.9912
vn -0.0980 -0.0000 0.9952
vn -0.2903 -0.0000 0.9569
vn -0.4714 -0.0000 0.8819
vn -0.6344 -0.0000 0.7730
vn -0.7730 -0.0000 0.6344
vn -0.8819 -0.0000 0.4714
vn -0.9569 -0.0000 0.2903
vn -0.9952 -0.0000 0.0980
vn -0.9952 -0.0000 -0.0980
vn -0.9569 -0.0000 -0.2903
vn -0.8819 -0.0000 -0.4714
vn -0.7730 -0.0000 -0.6344
vn -0.6344 -0.0000 -0.7730
vn -0.4714 -0.0000 -0.8819
vn -0.2903 -0.0000 -0.9569
vn -0.0980 -0.0000 -0.9952
vn 0.0980 -0.0000 -0.9952
vn 0.2903 -0.0000 -0.9569
vn 0.4714 -0.0000 -0.8819
vn 0.6344 -0.0000 -0.7730
vn 0.7730 -0.0000 -0.6344
vn 0.8819 -0.0000 -0.4714
vn 0.9569 -0.0000 -0.2903
vn 0.9952 -0.0000 -0.0980
vn 0.9952 -0.0000 0.0980
vn 0.9569 -0.0000 0.2903
vn 0.8819 -0.0000 0.4714
vn 0.7730 -0.0000 0.6344
vn 0.6344 -0.0000 0.7730
vn 0.4714 -0.0000 0.8819
vn 0.2903 -0.0000 0.9569
vn 0.0980 -0.0000 0.9952
vn -0.0000 1.0000 -0.0000
vn -0.9569 -0.0000 0.2904
vn -0.9569 -0.0000 -0.2904
vn 0.9569 -0.0000 -0.2904
vn 0.9569 -0.0000 0.2904
vn -0.9570 -0.0000 0.2902
vn -0.9570 -0.0000 -0.2902
vn 0.9570 -0.0000 -0.2902
vn 0.9570 -0.0000 0.2902
vn -0.4713 -0.0000 0.8819
vn -0.4713 -0.0000 -0.8819
vn 0.4713 -0.0000 -0.8819
vn 0.9952 -0.0000 -0.0979
vn 0.9952 -0.0000 0.0979
vn 0.4713 -0.0000 0.8819
vt 0.375000 0.000000
vt 0.625000 0.000000
vt 0.625000 0.250000
vt 0.375000 0.250000
vt 0.625000 0.500000
vt 0.375000 0.500000
vt 0.625000 0.750000
vt 0.375000 0.750000
vt 0.625000 1.000000
vt 0.375000 1.000000
vt 0.125000 0.500000
vt 0.125000 0.750000
vt 0.875000 0.500000
vt 0.875000 0.750000
vt 1.000000 0.500000
vt 1.000000 1.000000
vt 0.968750 1.000000
vt 0.968750 0.500000
vt 0.937500 1.000000
vt 0.937500 0.500000
vt 0.906250 1.000000
vt 0.906250 0.500000
vt 0.875000 1.000000
vt 0.843750 1.000000
vt 0.843750 0.500000
vt 0.812500 1.000000
vt 0.812500 0.500000
vt 0.781250 1.000000
vt 0.781250 0.500000
vt 0.750000 1.000000
vt 0.750000 0.500000
vt 0.718750 1.000000
vt 0.718750 0.500000
vt 0.687500 1.000000
vt 0.687500 0.500000
vt 0.656250 1.000000
vt 0.656250 0.500000
vt 0.593750 1.000000
vt 0.593750 0.500000
vt 0.562500 1.000000
vt 0.562500 0.500000
vt 0.531250 1.000000
vt 0.531250 0.500000
vt 0.500000 1.000000
vt 0.500000 0.500000
vt 0.468750 1.000000
vt 0.468750 0.500000
vt 0.437500 1.000000
vt 0.437500 0.500000
vt 0.406250 1.000000
vt 0.406250 0.500000
vt 0.343750 1.000000
vt 0.343750 0.500000
vt 0.312500 1.000000
vt 0.312500 0.500000
vt 0.281250 1.000000
vt 0.281250 0.500000
vt 0.250000 1.000000
vt 0.250000 0.500000
vt 0.218750 1.000000
vt 0.218750 0.500000
vt 0.187500 1.000000
vt 0.187500 0.500000
vt 0.156250 1.000000
vt 0.156250 0.500000
vt 0.125000 1.000000
vt 0.093750 1.000000
vt 0.093750 0.500000
vt 0.062500 1.000000
vt 0.062500 0.500000
vt 0.296822 0.485388
vt 0.250000 0.490000
vt 0.203178 0.485388
vt 0.158156 0.471731
vt 0.116663 0.449553
vt 0.080294 0.419706
vt 0.050447 0.383337
vt 0.028269 0.341844
vt 0.014612 0.296822
vt 0.010000 0.250000
vt 0.014612 0.203178
vt 0.028269 0.158156
vt 0.050447 0.116663
vt 0.080294 0.080294
vt 0.116663 0.050447
vt 0.158156 0.028269
vt 0.203178 0.014612
vt 0.250000 0.010000
vt 0.296822 0.014612
vt 0.341844 0.028269
vt 0.383337 0.050447
vt 0.419706 0.080294
vt 0.449553 0.116663
vt 0.471731 0.158156
vt 0.485388 0.203178
vt 0.490000 0.250000
vt 0.485388 0.296822
vt 0.471731 0.341844
vt 0.449553 0.383337
vt 0.419706 0.419706
vt 0.383337 0.449553
vt 0.341844 0.471731
vt 0.031250 1.000000
vt 0.031250 0.500000
vt 0.000000 1.000000
vt 0.000000 0.500000
vt 0.750000 0.490000
vt 0.796822 0.485388
vt 0.841844 0.471731
vt 0.883337 0.449553
vt 0.919706 0.419706
vt 0.949553 0.383337
vt 0.971731 0.341844
vt 0.985388 0.296822
vt 0.990000 0.250000
vt 0.985388 0.203178
vt 0.971731 0.158156
vt 0.949553 0.116663
vt 0.919706 0.080294
vt 0.883337 0.050447
vt 0.841844 0.028269
vt 0.796822 0.014612
vt 0.750000 0.010000
vt 0.703178 0.014612
vt 0.658156 0.028269
vt 0.616663 0.050447
vt 0.580294 0.080294
vt 0.550447 0.116663
vt 0.528269 0.158156
vt 0.514612 0.203178
vt 0.510000 0.250000
vt 0.514612 0.296822
vt 0.528269 0.341844
vt 0.550447 0.383337
vt 0.580294 0.419706
vt 0.616663 0.449553
vt 0.658156 0.471731
vt 0.703178 0.485388
s 0
f 1073/167/66 1075/170/66 1076/169/66 1074/168/66
f 1075/170/67 1079/172/67 1080/171/67 1076/169/67
f 1079/172/68 1077/174/68 1078/173/68 1080/171/68
f 1077/174/69 1073/176/69 1074/175/69 1078/173/69
f 1075/177/70 1073/178/70 1077/174/70 1079/172/70
f 1080/171/71 1078/173/71 1074/180/71 1076/179/71
f 1081/181/72 1083/184/72 1084/183/72 1082/182/72
f 1083/184/73 1085/186/73 1086/185/73 1084/183/73
f 1085/186/74 1087/188/74 1088/187/74 1086/185/74
f 1087/188/75 1089/179/75 1090/189/75 1088/187/75
f 1089/179/76 1091/191/76 1092/190/76 1090/189/76
f 1091/191/77 1093/193/77 1094/192/77 1092/190/77
f 1093/193/78 1095/195/78 1096/194/78 1094/192/78
f 1095/195/79 1097/197/79 1098/196/79 1096/194/79
f 1097/197/80 1099/199/80 1100/198/80 1098/196/80
f 1099/199/81 1101/201/81 1102/200/81 1100/198/81
f 1101/201/82 1103/203/82 1104/202/82 1102/200/82
f 1103/203/83 1105/171/83 1106/175/83 1104/202/83
f 1105/171/84 1107/205/84 1108/204/84 1106/175/84
f 1107/205/85 1109/207/85 1110/206/85 1108/204/85
f 1109/207/86 1111/209/86 1112/208/86 1110/206/86
f 1111/209/87 1113/211/87 1114/210/87 1112/208/87
f 1113/211/88 1115/213/88 1116/212/88 1114/210/88
f 1115/213/89 1117/215/89 1118/214/89 1116/212/89
f 1117/215/90 1119/217/90 1120/216/90 1118/214/90
f 1119/217/91 1121/172/91 1122/176/91 1120/216/91
f 1121/172/92 1123/219/92 1124/218/92 1122/176/92
f 1123/219/93 1125/221/93 1126/220/93 1124/218/93
f 1125/221/94 1127/223/94 1128/222/94 1126/220/94
f 1127/223/95 1129/225/95 1130/224/95 1128/222/95
f 1129/225/96 1131/227/96 1132/226/96 1130/224/96
f 1131/227/97 1133/229/97 1134/228/97 1132/226/97
f 1133/229/98 1135/231/98 1136/230/98 1134/228/98
f 1135/231/99 1137/177/99 1138/232/99 1136/230/99
f 1137/177/100 1139/234/100 1140/233/100 1138/232/100
f 1139/234/101 1141/236/101 1142/235/101 1140/233/101
f 1084/237/66 1086/268/66 1088/267/66 1090/266/66 1092/265/66 1094/264/66 1096/263/66 1098/262/66 1100/261/66 1102/260/66 1104/259/66 1106/258/66 1108/257/66 1110/256/66 1112/255/66 1114/254/66 1116/253/66 1118/252/66 1120/251/66 1122/250/66 1124/249/66 1126/248/66 1128/247/66 1130/246/66 1132/245/66 1134/244/66 1136/243/66 1138/242/66 1140/241/66 1142/240/66 1144/239/66 1082/238/66
f 1141/236/102 1143/270/102 1144/269/102 1142/235/102
f 1143/270/103 1081/272/103 1082/271/103 1144/269/103
f 1081/273/104 1143/304/104 1141/303/104 1139/302/104 1137/301/104 1135/300/104 1133/299/104 1131/298/104 1129/297/104 1127/296/104 1125/295/104 1123/294/104 1121/293/104 1119/292/104 1117/291/104 1115/290/104 1113/289/104 1111/288/104 1109/287/104 1107/286/104 1105/285/104 1103/284/104 1101/283/104 1099/282/104 1097/281/104 1095/280/104 1093/279/104 1091/278/104 1089/277/104 1087/276/104 1085/275/104 1083/274/104
f 1145/181/72 1147/184/72 1148/183/72 1146/182/72
f 1147/184/73 1149/186/73 1150/185/73 1148/183/73
f 1149/186/74 1151/188/74 1152/187/74 1150/185/74
f 1151/188/75 1153/179/75 1154/189/75 1152/187/75
f 1153/179/76 1155/191/76 1156/190/76 1154/189/76
f 1155/191/77 1157/193/77 1158/192/77 1156/190/77
f 1157/193/78 1159/195/78 1160/194/78 1158/192/78
f 1159/195/79 1161/197/79 1162/196/79 1160/194/79
f 1161/197/80 1163/199/80 1164/198/80 1162/196/80
f 1163/199/81 1165/201/81 1166/200/81 1164/198/81
f 1165/201/82 1167/203/82 1168/202/82 1166/200/82
f 1167/203/83 1169/171/83 1170/175/83 1168/202/83
f 1169/171/84 1171/205/84 1172/204/84 1170/175/84
f 1171/205/85 1173/207/85 1174/206/85 1172/204/85
f 1173/207/86 1175/209/86 1176/208/86 1174/206/86
f 1175/209/87 1177/211/87 1178/210/87 1176/208/87
f 1177/211/88 1179/213/88 1180/212/88 1178/210/88
f 1179/213/89 1181/215/89 1182/214/89 1180/212/89
f 1181/215/90 1183/217/90 1184/216/90 1182/214/90
f 1183/217/91 1185/172/91 1186/176/91 1184/216/91
f 1185/172/92 1187/219/92 1188/218/92 1186/176/92
f 1187/219/93 1189/221/93 1190/220/93 1188/218/93
f 1189/221/94 1191/223/94 1192/222/94 1190/220/94
f 1191/223/95 1193/225/95 1194/224/95 1192/222/95
f 1193/225/96 1195/227/96 1196/226/96 1194/224/96
f 1195/227/97 1197/229/97 1198/228/97 1196/226/97
f 1197/229/98 1199/231/98 1200/230/98 1198/228/98
f 1199/231/99 1201/177/99 1202/232/99 1200/230/99
f 1201/177/100 1203/234/100 1204/233/100 1202/232/100
f 1203/234/101 1205/236/101 1206/235/101 1204/233/101
f 1148/237/66 1150/268/66 1152/267/66 1154/266/66 1156/265/66 1158/264/66 1160/263/66 1162/262/66 1164/261/66 1166/260/66 1168/259/66 1170/258/66 1172/257/66 1174/256/66 1176/255/66 1178/254/66 1180/253/66 1182/252/66 1184/251/66 1186/250/66 1188/249/66 1190/248/66 1192/247/66 1194/246/66 1196/245/66 1198/244/66 1200/243/66 1202/242/66 1204/241/66 1206/240/66 1208/239/66 1146/238/66
f 1205/236/102 1207/270/102 1208/269/102 1206/235/102
f 1207/270/103 1145/272/103 1146/271/103 1208/269/103
f 1145/273/104 1207/304/104 1205/303/104 1203/302/104 1201/301/104 1199/300/104 1197/299/104 1195/298/104 1193/297/104 1191/296/104 1189/295/104 1187/294/104 1185/293/104 1183/292/104 1181/291/104 1179/290/104 1177/289/104 1175/288/104 1173/287/104 1171/286/104 1169/285/104 1167/284/104 1165/283/104 1163/282/104 1161/281/104 1159/280/104 1157/279/104 1155/278/104 1153/277/104 1151/276/104 1149/275/104 1147/274/104
f 1209/181/72 1211/184/72 1212/183/72 1210/182/72
f 1211/184/73 1213/186/73 1214/185/73 1212/183/73
f 1213/186/74 1215/188/74 1216/187/74 1214/185/74
f 1215/188/75 1217/179/75 1218/189/75 1216/187/75
f 1217/179/76 1219/191/76 1220/190/76 1218/189/76
f 1219/191/77 1221/193/77 1222/192/77 1220/190/77
f 1221/193/105 1223/195/105 1224/194/105 1222/192/105
f 1223/195/79 1225/197/79 1226/196/79 1224/194/79
f 1225/197/80 1227/199/80 1228/198/80 1226/196/80
f 1227/199/106 1229/201/106 1230/200/106 1228/198/106
f 1229/201/82 1231/203/82 1232/202/82 1230/200/82
f 1231/203/83 1233/171/83 1234/175/83 1232/202/83
f 1233/171/84 1235/205/84 1236/204/84 1234/175/84
f 1235/205/85 1237/207/85 1238/206/85 1236/204/85
f 1237/207/86 1239/209/86 1240/208/86 1238/206/86
f 1239/209/87 1241/211/87 1242/210/87 1240/208/87
f 1241/211/88 1243/213/88 1244/212/88 1242/210/88
f 1243/213/89 1245/215/89 1246/214/89 1244/212/89
f 1245/215/90 1247/217/90 1248/216/90 1246/214/90
f 1247/217/91 1249/172/91 1250/176/91 1248/216/91
f 1249/172/92 1251/219/92 1252/218/92 1250/176/92
f 1251/219/93 1253/221/93 1254/220/93 1252/218/93
f 1253/221/107 1255/223/107 1256/222/107 1254/220/107
f 1255/223/95 1257/225/95 1258/224/95 1256/222/95
f 1257/225/96 1259/227/96 1260/226/96 1258/224/96
f 1259/227/108 1261/229/108 1262/228/108 1260/226/108
f 1261/229/98 1263/231/98 1264/230/98 1262/228/98
f 1263/231/99 1265/177/99 1266/232/99 1264/230/99
f 1265/177/100 1267/234/100 1268/233/100 1266/232/100
f 1267/234/101 1269/236/101 1270/235/101 1268/233/101
f 1212/237/66 1214/268/66 1216/267/66 1218/266/66 1220/265/66 1222/264/66 1224/263/66 1226/262/66 1228/261/66 1230/260/66 1232/259/66 1234/258/66 1236/257/66 1238/256/66 1240/255/66 1242/254/66 1244/253/66 1246/252/66 1248/251/66 1250/250/66 1252/249/66 1254/248/66 1256/247/66 1258/246/66 1260/245/66 1262/244/66 1264/243/66 1266/242/66 1268/241/66 1270/240/66 1272/239/66 1210/238/66
f 1269/236/102 1271/270/102 1272/269/102 1270/235/102
f 1271/270/103 1209/272/103 1210/271/103 1272/269/103
f 1209/273/104 1271/304/104 1269/303/104 1267/302/104 1265/301/104 1263/300/104 1261/299/104 1259/298/104 1257/297/104 1255/296/104 1253/295/104 1251/294/104 1249/293/104 1247/292/104 1245/291/104 1243/290/104 1241/289/104 1239/288/104 1237/287/104 1235/286/104 1233/285/104 1231/284/104 1229/283/104 1227/282/104 1225/281/104 1223/280/104 1221/279/104 1219/278/104 1217/277/104 1215/276/104 1213/275/104 1211/274/104
f 1273/181/72 1275/184/72 1276/183/72 1274/182/72
f 1275/184/73 1277/186/73 1278/185/73 1276/183/73
f 1277/186/74 1279/188/74 1280/187/74 1278/185/74
f 1279/188/75 1281/179/75 1282/189/75 1280/187/75
f 1281/179/76 1283/191/76 1284/190/76 1282/189/76
f 1283/191/77 1285/193/77 1286/192/77 1284/190/77
f 1285/193/78 1287/195/78 1288/194/78 1286/192/78
f 1287/195/79 1289/197/79 1290/196/79 1288/194/79
f 1289/197/80 1291/199/80 1292/198/80 1290/196/80
f 1291/199/81 1293/201/81 1294/200/81 1292/198/81
f 1293/201/82 1295/203/82 1296/202/82 1294/200/82
f 1295/203/83 1297/171/83 1298/175/83 1296/202/83
f 1297/171/84 1299/205/84 1300/204/84 1298/175/84
f 1299/205/85 1301/207/85 1302/206/85 1300/204/85
f 1301/207/86 1303/209/86 1304/208/86 1302/206/86
f 1303/209/87 1305/211/87 1306/210/87 1304/208/87
f 1305/211/88 1307/213/88 1308/212/88 1306/210/88
f 1307/213/89 1309/215/89 1310/214/89 1308/212/89
f 1309/215/90 1311/217/90 1312/216/90 1310/214/90
f 1311/217/91 1313/172/91 1314/176/91 1312/216/91
f 1313/172/92 1315/219/92 1316/218/92 1314/176/92
f 1315/219/93 1317/221/93 1318/220/93 1316/218/93
f 1317/221/94 1319/223/94 1320/222/94 1318/220/94
f 1319/223/95 1321/225/95 1322/224/95 1320/222/95
f 1321/225/96 1323/227/96 1324/226/96 1322/224/96
f 1323/227/97 1325/229/97 1326/228/97 1324/226/97
f 1325/229/98 1327/231/98 1328/230/98 1326/228/98
f 1327/231/99 1329/177/99 1330/232/99 1328/230/99
f 1329/177/100 1331/234/100 1332/233/100 1330/232/100
f 1331/234/101 1333/236/101 1334/235/101 1332/233/101
f 1276/237/66 1278/268/66 1280/267/66 1282/266/66 1284/265/66 1286/264/66 1288/263/66 1290/262/66 1292/261/66 1294/260/66 1296/259/66 1298/258/66 1300/257/66 1302/256/66 1304/255/66 1306/254/66 1308/253/66 1310/252/66 1312/251/66 1314/250/66 1316/249/66 1318/248/66 1320/247/66 1322/246/66 1324/245/66 1326/244/66 1328/243/66 1330/242/66 1332/241/66 1334/240/66 1336/239/66 1274/238/66
f 1333/236/102 1335/270/102 1336/269/102 1334/235/102
f 1335/270/103 1273/272/103 1274/271/103 1336/269/103
f 1273/273/104 1335/304/104 1333/303/104 1331/302/104 1329/301/104 1327/300/104 1325/299/104 1323/298/104 1321/297/104 1319/296/104 1317/295/104 1315/294/104 1313/293/104 1311/292/104 1309/291/104 1307/290/104 1305/289/104 1303/288/104 1301/287/104 1299/286/104 1297/285/104 1295/284/104 1293/283/104 1291/282/104 1289/281/104 1287/280/104 1285/279/104 1283/278/104 1281/277/104 1279/276/104 1277/275/104 1275/274/104
f 1337/181/72 1339/184/72 1340/183/72 1338/182/72
f 1339/184/73 1341/186/73 1342/185/73 1340/183/73
f 1341/186/74 1343/188/74 1344/187/74 1342/185/74
f 1343/188/75 1345/179/75 1346/189/75 1344/187/75
f 1345/179/76 1347/191/76 1348/190/76 1346/189/76
f 1347/191/77 1349/193/77 1350/192/77 1348/190/77
f 1349/193/105 1351/195/105 1352/194/105 1350/192/105
f 1351/195/79 1353/197/79 1354/196/79 1352/194/79
f 1353/197/80 1355/199/80 1356/198/80 1354/196/80
f 1355/199/106 1357/201/106 1358/200/106 1356/198/106
f 1357/201/82 1359/203/82 1360/202/82 1358/200/82
f 1359/203/83 1361/171/83 1362/175/83 1360/202/83
f 1361/171/84 1363/205/84 1364/204/84 1362/175/84
f 1363/205/85 1365/207/85 1366/206/85 1364/204/85
f 1365/207/86 1367/209/86 1368/208/86 1366/206/86
f 1367/209/87 1369/211/87 1370/210/87 1368/208/87
f 1369/211/88 1371/213/88 1372/212/88 1370/210/88
f 1371/213/89 1373/215/89 1374/214/89 1372/212/89
f 1373/215/90 1375/217/90 1376/216/90 1374/214/90
f 1375/217/91 1377/172/91 1378/176/91 1376/216/91
f 1377/172/92 1379/219/92 1380/218/92 1378/176/92
f 1379/219/93 1381/221/93 1382/220/93 1380/218/93
f 1381/221/107 1383/223/107 1384/222/107 1382/220/107
f 1383/223/95 1385/225/95 1386/224/95 1384/222/95
f 1385/225/96 1387/227/96 1388/226/96 1386/224/96
f 1387/227/108 1389/229/108 1390/228/108 1388/226/108
f 1389/229/98 1391/231/98 1392/230/98 1390/228/98
f 1391/231/99 1393/177/99 1394/232/99 1392/230/99
f 1393/177/100 1395/234/100 1396/233/100 1394/232/100
f 1395/234/101 1397/236/101 1398/235/101 1396/233/101
f 1340/237/66 1342/268/66 1344/267/66 1346/266/66 1348/265/66 1350/264/66 1352/263/66 1354/262/66 1356/261/66 1358/260/66 1360/259/66 1362/258/66 1364/257/66 1366/256/66 1368/255/66 1370/254/66 1372/253/66 1374/252/66 1376/251/66 1378/250/66 1380/249/66 1382/248/66 1384/247/66 1386/246/66 1388/245/66 1390/244/66 1392/243/66 1394/242/66 1396/241/66 1398/240/66 1400/239/66 1338/238/66
f 1397/236/102 1399/270/102 1400/269/102 1398/235/102
f 1399/270/103 1337/272/103 1338/271/103 1400/269/103
f 1337/273/104 1399/304/104 1397/303/104 1395/302/104 1393/301/104 1391/300/104 1389/299/104 1387/298/104 1385/297/104 1383/296/104 1381/295/104 1379/294/104 1377/293/104 1375/292/104 1373/291/104 1371/290/104 1369/289/104 1367/288/104 1365/287/104 1363/286/104 1361/285/104 1359/284/104 1357/283/104 1355/282/104 1353/281/104 1351/280/104 1349/279/104 1347/278/104 1345/277/104 1343/276/104 1341/275/104 1339/274/104
f 1401/181/72 1403/184/72 1404/183/72 1402/182/72
f 1403/184/73 1405/186/73 1406/185/73 1404/183/73
f 1405/186/74 1407/188/74 1408/187/74 1406/185/74
f 1407/188/75 1409/179/75 1410/189/75 1408/187/75
f 1409/179/76 1411/191/76 1412/190/76 1410/189/76
f 1411/191/77 1413/193/77 1414/192/77 1412/190/77
f 1413/193/109 1415/195/109 1416/194/109 1414/192/109
f 1415/195/79 1417/197/79 1418/196/79 1416/194/79
f 1417/197/80 1419/199/80 1420/198/80 1418/196/80
f 1419/199/110 1421/201/110 1422/200/110 1420/198/110
f 1421/201/82 1423/203/82 1424/202/82 1422/200/82
f 1423/203/83 1425/171/83 1426/175/83 1424/202/83
f 1425/171/84 1427/205/84 1428/204/84 1426/175/84
f 1427/205/85 1429/207/85 1430/206/85 1428/204/85
f 1429/207/86 1431/209/86 1432/208/86 1430/206/86
f 1431/209/87 1433/211/87 1434/210/87 1432/208/87
f 1433/211/88 1435/213/88 1436/212/88 1434/210/88
f 1435/213/89 1437/215/89 1438/214/89 1436/212/89
f 1437/215/90 1439/217/90 1440/216/90 1438/214/90
f 1439/217/91 1441/172/91 1442/176/91 1440/216/91
f 1441/172/92 1443/219/92 1444/218/92 1442/176/92
f 1443/219/93 1445/221/93 1446/220/93 1444/218/93
f 1445/221/111 1447/223/111 1448/222/111 1446/220/111
f 1447/223/95 1449/225/95 1450/224/95 1448/222/95
f 1449/225/96 1451/227/96 1452/226/96 1450/224/96
f 1451/227/112 1453/229/112 1454/228/112 1452/226/112
f 1453/229/98 1455/231/98 1456/230/98 1454/228/98
f 1455/231/99 1457/177/99 1458/232/99 1456/230/99
f 1457/177/100 1459/234/100 1460/233/100 1458/232/100
f 1459/234/101 1461/236/101 1462/235/101 1460/233/101
f 1404/237/66 1406/268/66 1408/267/66 1410/266/66 1412/265/66 1414/264/66 1416/263/66 1418/262/66 1420/261/66 1422/260/66 1424/259/66 1426/258/66 1428/257/66 1430/256/66 1432/255/66 1434/254/66 1436/253/66 1438/252/66 1440/251/66 1442/250/66 1444/249/66 1446/248/66 1448/247/66 1450/246/66 1452/245/66 1454/244/66 1456/243/66 1458/242/66 1460/241/66 1462/240/66 1464/239/66 1402/238/66
f 1461/236/102 1463/270/102 1464/269/102 1462/235/102
f 1463/270/103 1401/272/103 1402/271/103 1464/269/103
f 1401/273/104 1463/304/104 1461/303/104 1459/302/104 1457/301/104 1455/300/104 1453/299/104 1451/298/104 1449/297/104 1447/296/104 1445/295/104 1443/294/104 1441/293/104 1439/292/104 1437/291/104 1435/290/104 1433/289/104 1431/288/104 1429/287/104 1427/286/104 1425/285/104 1423/284/104 1421/283/104 1419/282/104 1417/281/104 1415/280/104 1413/279/104 1411/278/104 1409/277/104 1407/276/104 1405/275/104 1403/274/104
f 1465/181/72 1467/184/72 1468/183/72 1466/182/72
f 1467/184/73 1469/186/73 1470/185/73 1468/183/73
f 1469/186/74 1471/188/74 1472/187/74 1470/185/74
f 1471/188/75 1473/179/75 1474/189/75 1472/187/75
f 1473/179/76 1475/191/76 1476/190/76 1474/189/76
f 1475/191/77 1477/193/77 1478/192/77 1476/190/77
f 1477/193/109 1479/195/109 1480/194/109 1478/192/109
f 1479/195/79 1481/197/79 1482/196/79 1480/194/79
f 1481/197/80 1483/199/80 1484/198/80 1482/196/80
f 1483/199/110 1485/201/110 1486/200/110 1484/198/110
f 1485/201/82 1487/203/82 1488/202/82 1486/200/82
f 1487/203/83 1489/171/83 1490/175/83 1488/202/83
f 1489/171/84 1491/205/84 1492/204/84 1490/175/84
f 1491/205/85 1493/207/85 1494/206/85 1492/204/85
f 1493/207/86 1495/209/86 1496/208/86 1494/206/86
f 1495/209/87 1497/211/87 1498/210/87 1496/208/87
f 1497/211/88 1499/213/88 1500/212/88 1498/210/88
f 1499/213/89 1501/215/89 1502/214/89 1500/212/89
f 1501/215/90 1503/217/90 1504/216/90 1502/214/90
f 1503/217/91 1505/172/91 1506/176/91 1504/216/91
f 1505/172/92 1507/219/92 1508/218/92 1506/176/92
f 1507/219/93 1509/221/93 1510/220/93 1508/218/93
f 1509/221/94 1511/223/94 1512/222/94 1510/220/94
f 1511/223/95 1513/225/95 1514/224/95 1512/222/95
f 1513/225/96 1515/227/96 1516/226/96 1514/224/96
f 1515/227/97 1517/229/97 1518/228/97 1516/226/97
f 1517/229/98 1519/231/98 1520/230/98 1518/228/98
f 1519/231/99 1521/177/99 1522/232/99 1520/230/99
f 1521/177/100 1523/234/100 1524/233/100 1522/232/100
f 1523/234/101 1525/236/101 1526/235/101 1524/233/101
f 1468/237/66 1470/268/66 1472/267/66 1474/266/66 1476/265/66 1478/264/66 1480/263/66 1482/262/66 1484/261/66 1486/260/66 1488/259/66 1490/258/66 1492/257/66 1494/256/66 1496/255/66 1498/254/66 1500/253/66 1502/252/66 1504/251/66 1506/250/66 1508/249/66 1510/248/66 1512/247/66 1514/246/66 1516/245/66 1518/244/66 1520/243/66 1522/242/66 1524/241/66 1526/240/66 1528/239/66 1466/238/66
f 1525/236/102 1527/270/102 1528/269/102 1526/235/102
f 1527/270/103 1465/272/103 1466/271/103 1528/269/103
f 1465/273/104 1527/304/104 1525/303/104 1523/302/104 1521/301/104 1519/300/104 1517/299/104 1515/298/104 1513/297/104 1511/296/104 1509/295/104 1507/294/104 1505/293/104 1503/292/104 1501/291/104 1499/290/104 1497/289/104 1495/288/104 1493/287/104 1491/286/104 1489/285/104 1487/284/104 1485/283/104 1483/282/104 1481/281/104 1479/280/104 1477/279/104 1475/278/104 1473/277/104 1471/276/104 1469/275/104 1467/274/104
f 1529/181/72 1531/184/72 1532/183/72 1530/182/72
f 1531/184/73 1533/186/73 1534/185/73 1532/183/73
f 1533/186/74 1535/188/74 1536/187/74 1534/185/74
f 1535/188/75 1537/179/75 1538/189/75 1536/187/75
f 1537/179/76 1539/191/76 1540/190/76 1538/189/76
f 1539/191/77 1541/193/77 1542/192/77 1540/190/77
f 1541/193/109 1543/195/109 1544/194/109 1542/192/109
f 1543/195/79 1545/197/79 1546/196/79 1544/194/79
f 1545/197/80 1547/199/80 1548/198/80 1546/196/80
f 1547/199/110 1549/201/110 1550/200/110 1548/198/110
f 1549/201/82 1551/203/82 1552/202/82 1550/200/82
f 1551/203/83 1553/171/83 1554/175/83 1552/202/83
f 1553/171/84 1555/205/84 1556/204/84 1554/175/84
f 1555/205/85 1557/207/85 1558/206/85 1556/204/85
f 1557/207/86 1559/209/86 1560/208/86 1558/206/86
f 1559/209/87 1561/211/87 1562/210/87 1560/208/87
f 1561/211/88 1563/213/88 1564/212/88 1562/210/88
f 1563/213/89 1565/215/89 1566/214/89 1564/212/89
f 1565/215/90 1567/217/90 1568/216/90 1566/214/90
f 1567/217/91 1569/172/91 1570/176/91 1568/216/91
f 1569/172/92 1571/219/92 1572/218/92 1570/176/92
f 1571/219/93 1573/221/93 1574/220/93 1572/218/93
f 1573/221/111 1575/223/111 1576/222/111 1574/220/111
f 1575/223/95 1577/225/95 1578/224/95 1576/222/95
f 1577/225/96 1579/227/96 1580/226/96 1578/224/96
f 1579/227/112 1581/229/112 1582/228/112 1580/226/112
f 1581/229/98 1583/231/98 1584/230/98 1582/228/98
f 1583/231/99 1585/177/99 1586/232/99 1584/230/99
f 1585/177/100 1587/234/100 1588/233/100 1586/232/100
f 1587/234/101 1589/236/101 1590/235/101 1588/233/101
f 1532/237/66 1534/268/66 1536/267/66 1538/266/66 1540/265/66 1542/264/66 1544/263/66 1546/262/66 1548/261/66 1550/260/66 1552/259/66 1554/258/66 1556/257/66 1558/256/66 1560/255/66 1562/254/66 1564/253/66 1566/252/66 1568/251/66 1570/250/66 1572/249/66 1574/248/66 1576/247/66 1578/246/66 1580/245/66 1582/244/66 1584/243/66 1586/242/66 1588/241/66 1590/240/66 1592/239/66 1530/238/66
f 1589/236/102 1591/270/102 1592/269/102 1590/235/102
f 1591/270/103 1529/272/103 1530/271/103 1592/269/103
f 1529/273/104 1591/304/104 1589/303/104 1587/302/104 1585/301/104 1583/300/104 1581/299/104 1579/298/104 1577/297/104 1575/296/104 1573/295/104 1571/294/104 1569/293/104 1567/292/104 1565/291/104 1563/290/104 1561/289/104 1559/288/104 1557/287/104 1555/286/104 1553/285/104 1551/284/104 1549/283/104 1547/282/104 1545/281/104 1543/280/104 1541/279/104 1539/278/104 1537/277/104 1535/276/104 1533/275/104 1531/274/104
f 1593/181/72 1595/184/72 1596/183/72 1594/182/72
f 1595/184/73 1597/186/73 1598/185/73 1596/183/73
f 1597/186/74 1599/188/74 1600/187/74 1598/185/74
f 1599/188/75 1601/179/75 1602/189/75 1600/187/75
f 1601/179/76 1603/191/76 1604/190/76 1602/189/76
f 1603/191/77 1605/193/77 1606/192/77 1604/190/77
f 1605/193/78 1607/195/78 1608/194/78 1606/192/78
f 1607/195/79 1609/197/79 1610/196/79 1608/194/79
f 1609/197/80 1611/199/80 1612/198/80 1610/196/80
f 1611/199/81 1613/201/81 1614/200/81 1612/198/81
f 1613/201/82 1615/203/82 1616/202/82 1614/200/82
f 1615/203/83 1617/171/83 1618/175/83 1616/202/83
f 1617/171/84 1619/205/84 1620/204/84 1618/175/84
f 1619/205/85 1621/207/85 1622/206/85 1620/204/85
f 1621/207/86 1623/209/86 1624/208/86 1622/206/86
f 1623/209/87 1625/211/87 1626/210/87 1624/208/87
f 1625/211/88 1627/213/88 1628/212/88 1626/210/88
f 1627/213/89 1629/215/89 1630/214/89 1628/212/89
f 1629/215/90 1631/217/90 1632/216/90 1630/214/90
f 1631/217/91 1633/172/91 1634/176/91 1632/216/91
f 1633/172/92 1635/219/92 1636/218/92 1634/176/92
f 1635/219/93 1637/221/93 1638/220/93 1636/218/93
f 1637/221/94 1639/223/94 1640/222/94 1638/220/94
f 1639/223/95 1641/225/95 1642/224/95 1640/222/95
f 1641/225/96 1643/227/96 1644/226/96 1642/224/96
f 1643/227/97 1645/229/97 1646/228/97 1644/226/97
f 1645/229/98 1647/231/98 1648/230/98 1646/228/98
f 1647/231/99 1649/177/99 1650/232/99 1648/230/99
f 1649/177/100 1651/234/100 1652/233/100 1650/232/100
f 1651/234/101 1653/236/101 1654/235/101 1652/233/101
f 1596/237/66 1598/268/66 1600/267/66 1602/266/66 1604/265/66 1606/264/66 1608/263/66 1610/262/66 1612/261/66 1614/260/66 1616/259/66 1618/258/66 1620/257/66 1622/256/66 1624/255/66 1626/254/66 1628/253/66 1630/252/66 1632/251/66 1634/250/66 1636/249/66 1638/248/66 1640/247/66 1642/246/66 1644/245/66 1646/244/66 1648/243/66 1650/242/66 1652/241/66 1654/240/66 1656/239/66 1594/238/66
f 1653/236/102 1655/270/102 1656/269/102 1654/235/102
f 1655/270/103 1593/272/103 1594/271/103 1656/269/103
f 1593/273/104 1655/304/104 1653/303/104 1651/302/104 1649/301/104 1647/300/104 1645/299/104 1643/298/104 1641/297/104 1639/296/104 1637/295/104 1635/294/104 1633/293/104 1631/292/104 1629/291/104 1627/290/104 1625/289/104 1623/288/104 1621/287/104 1619/286/104 1617/285/104 1615/284/104 1613/283/104 1611/282/104 1609/281/104 1607/280/104 1605/279/104 1603/278/104 1601/277/104 1599/276/104 1597/275/104 1595/274/104
f 1657/181/72 1659/184/72 1660/183/72 1658/182/72
f 1659/184/73 1661/186/73 1662/185/73 1660/183/73
f 1661/186/74 1663/188/74 1664/187/74 1662/185/74
f 1663/188/75 1665/179/75 1666/189/75 1664/187/75
f 1665/179/76 1667/191/76 1668/190/76 1666/189/76
f 1667/191/77 1669/193/77 1670/192/77 1668/190/77
f 1669/193/78 1671/195/78 1672/194/78 1670/192/78
f 1671/195/79 1673/197/79 1674/196/79 1672/194/79
f 1673/197/80 1675/199/80 1676/198/80 1674/196/80
f 1675/199/81 1677/201/81 1678/200/81 1676/198/81
f 1677/201/82 1679/203/82 1680/202/82 1678/200/82
f 1679/203/83 1681/171/83 1682/175/83 1680/202/83
f 1681/171/84 1683/205/84 1684/204/84 1682/175/84
f 1683/205/85 1685/207/85 1686/206/85 1684/204/85
f 1685/207/86 1687/209/86 1688/208/86 1686/206/86
f 1687/209/87 1689/211/87 1690/210/87 1688/208/87
f 1689/211/88 1691/213/88 1692/212/88 1690/210/88
f 1691/213/89 1693/215/89 1694/214/89 1692/212/89
f 1693/215/90 1695/217/90 1696/216/90 1694/214/90
f 1695/217/91 1697/172/91 1698/176/91 1696/216/91
f 1697/172/92 1699/219/92 1700/218/92 1698/176/92
f 1699/219/93 1701/221/93 1702/220/93 1700/218/93
f 1701/221/94 1703/223/94 1704/222/94 1702/220/94
f 1703/223/95 1705/225/95 1706/224/95 1704/222/95
f 1705/225/96 1707/227/96 1708/226/96 1706/224/96
f 1707/227/97 1709/229/97 1710/228/97 1708/226/97
f 1709/229/98 1711/231/98 1712/230/98 1710/228/98
f 1711/231/99 1713/177/99 1714/232/99 1712/230/99
f 1713/177/100 1715/234/100 1716/233/100 1714/232/100
f 1715/234/101 1717/236/101 1718/235/101 1716/233/101
f 1660/237/66 1662/268/66 1664/267/66 1666/266/66 1668/265/66 1670/264/66 1672/263/66 1674/262/66 1676/261/66 1678/260/66 1680/259/66 1682/258/66 1684/257/66 1686/256/66 1688/255/66 1690/254/66 1692/253/66 1694/252/66 1696/251/66 1698/250/66 1700/249/66 1702/248/66 1704/247/66 1706/246/66 1708/245/66 1710/244/66 1712/243/66 1714/242/66 1716/241/66 1718/240/66 1720/239/66 1658/238/66
f 1717/236/102 1719/270/102 1720/269/102 1718/235/102
f 1719/270/103 1657/272/103 1658/271/103 1720/269/103
f 1657/273/104 1719/304/104 1717/303/104 1715/302/104 1713/301/104 1711/300/104 1709/299/104 1707/298/104 1705/297/104 1703/296/104 1701/295/104 1699/294/104 1697/293/104 1695/292/104 1693/291/104 1691/290/104 1689/289/104 1687/288/104 1685/287/104 1683/286/104 1681/285/104 1679/284/104 1677/283/104 1675/282/104 1673/281/104 1671/280/104 1669/279/104 1667/278/104 1665/277/104 1663/276/104 1661/275/104 1659/274/104
f 1721/181/72 1723/184/72 1724/183/72 1722/182/72
f 1723/184/73 1725/186/73 1726/185/73 1724/183/73
f 1725/186/74 1727/188/74 1728/187/74 1726/185/74
f 1727/188/75 1729/179/75 1730/189/75 1728/187/75
f 1729/179/76 1731/191/76 1732/190/76 1730/189/76
f 1731/191/77 1733/193/77 1734/192/77 1732/190/77
f 1733/193/78 1735/195/78 1736/194/78 1734/192/78
f 1735/195/79 1737/197/79 1738/196/79 1736/194/79
f 1737/197/80 1739/199/80 1740/198/80 1738/196/80
f 1739/199/81 1741/201/81 1742/200/81 1740/198/81
f 1741/201/82 1743/203/82 1744/202/82 1742/200/82
f 1743/203/83 1745/171/83 1746/175/83 1744/202/83
f 1745/171/84 1747/205/84 1748/204/84 1746/175/84
f 1747/205/85 1749/207/85 1750/206/85 1748/204/85
f 1749/207/86 1751/209/86 1752/208/86 1750/206/86
f 1751/209/87 1753/211/87 1754/210/87 1752/208/87
f 1753/211/88 1755/213/88 1756/212/88 1754/210/88
f 1755/213/89 1757/215/89 1758/214/89 1756/212/89
f 1757/215/90 1759/217/90 1760/216/90 1758/214/90
f 1759/217/91 1761/172/91 1762/176/91 1760/216/91
f 1761/172/92 1763/219/92 1764/218/92 1762/176/92
f 1763/219/93 1765/221/93 1766/220/93 1764/218/93
f 1765/221/94 1767/223/94 1768/222/94 1766/220/94
f 1767/223/95 1769/225/95 1770/224/95 1768/222/95
f 1769/225/96 1771/227/96 1772/226/96 1770/224/96
f 1771/227/97 1773/229/97 1774/228/97 1772/226/97
f 1773/229/98 1775/231/98 1776/230/98 1774/228/98
f 1775/231/99 1777/177/99 1778/232/99 1776/230/99
f 1777/177/100 1779/234/100 1780/233/100 1778/232/100
f 1779/234/101 1781/236/101 1782/235/101 1780/233/101
f 1724/237/66 1726/268/66 1728/267/66 1730/266/66 1732/265/66 1734/264/66 1736/263/66 1738/262/66 1740/261/66 1742/260/66 1744/259/66 1746/258/66 1748/257/66 1750/256/66 1752/255/66 1754/254/66 1756/253/66 1758/252/66 1760/251/66 1762/250/66 1764/249/66 1766/248/66 1768/247/66 1770/246/66 1772/245/66 1774/244/66 1776/243/66 1778/242/66 1780/241/66 1782/240/66 1784/239/66 1722/238/66
f 1781/236/102 1783/270/102 1784/269/102 1782/235/102
f 1783/270/103 1721/272/103 1722/271/103 1784/269/103
f 1721/273/104 1783/304/104 1781/303/104 1779/302/104 1777/301/104 1775/300/104 1773/299/104 1771/298/104 1769/297/104 1767/296/104 1765/295/104 1763/294/104 1761/293/104 1759/292/104 1757/291/104 1755/290/104 1753/289/104 1751/288/104 1749/287/104 1747/286/104 1745/285/104 1743/284/104 1741/283/104 1739/282/104 1737/281/104 1735/280/104 1733/279/104 1731/278/104 1729/277/104 1727/276/104 1725/275/104 1723/274/104
f 1785/181/72 1787/184/72 1788/183/72 1786/182/72
f 1787/184/73 1789/186/73 1790/185/73 1788/183/73
f 1789/186/74 1791/188/74 1792/187/74 1790/185/74
f 1791/188/75 1793/179/75 1794/189/75 1792/187/75
f 1793/179/76 1795/191/76 1796/190/76 1794/189/76
f 1795/191/77 1797/193/77 1798/192/77 1796/190/77
f 1797/193/78 1799/195/78 1800/194/78 1798/192/78
f 1799/195/79 1801/197/79 1802/196/79 1800/194/79
f 1801/197/80 1803/199/80 1804/198/80 1802/196/80
f 1803/199/81 1805/201/81 1806/200/81 1804/198/81
f 1805/201/82 1807/203/82 1808/202/82 1806/200/82
f 1807/203/83 1809/171/83 1810/175/83 1808/202/83
f 1809/171/84 1811/205/84 1812/204/84 1810/175/84
f 1811/205/85 1813/207/85 1814/206/85 1812/204/85
f 1813/207/86 1815/209/86 1816/208/86 1814/206/86
f 1815/209/87 1817/211/87 1818/210/87 1816/208/87
f 1817/211/88 1819/213/88 1820/212/88 1818/210/88
f 1819/213/89 1821/215/89 1822/214/89 1820/212/89
f 1821/215/90 1823/217/90 1824/216/90 1822/214/90
f 1823/217/91 1825/172/91 1826/176/91 1824/216/91
f 1825/172/92 1827/219/92 1828/218/92 1826/176/92
f 1827/219/93 1829/221/93 1830/220/93 1828/218/93
f 1829/221/94 1831/223/94 1832/222/94 1830/220/94
f 1831/223/95 1833/225/95 1834/224/95 1832/222/95
f 1833/225/96 1835/227/96 1836/226/96 1834/224/96
f 1835/227/97 1837/229/97 1838/228/97 1836/226/97
f 1837/229/98 1839/231/98 1840/230/98 1838/228/98
f 1839/231/99 1841/177/99 1842/232/99 1840/230/99
f 1841/177/100 1843/234/100 1844/233/100 1842/232/100
f 1843/234/101 1845/236/101 1846/235/101 1844/233/101
f 1788/237/66 1790/268/66 1792/267/66 1794/266/66 1796/265/66 1798/264/66 1800/263/66 1802/262/66 1804/261/66 1806/260/66 1808/259/66 1810/258/66 1812/257/66 1814/256/66 1816/255/66 1818/254/66 1820/253/66 1822/252/66 1824/251/66 1826/250/66 1828/249/66 1830/248/66 1832/247/66 1834/246/66 1836/245/66 1838/244/66 1840/243/66 1842/242/66 1844/241/66 1846/240/66 1848/239/66 1786/238/66
f 1845/236/102 1847/270/102 1848/269/102 1846/235/102
f 1847/270/103 1785/272/103 1786/271/103 1848/269/103
f 1785/273/104 1847/304/104 1845/303/104 1843/302/104 1841/301/104 1839/300/104 1837/299/104 1835/298/104 1833/297/104 1831/296/104 1829/295/104 1827/294/104 1825/293/104 1823/292/104 1821/291/104 1819/290/104 1817/289/104 1815/288/104 1813/287/104 1811/286/104 1809/285/104 1807/284/104 1805/283/104 1803/282/104 1801/281/104 1799/280/104 1797/279/104 1795/278/104 1793/277/104 1791/276/104 1789/275/104 1787/274/104
f 1849/181/72 1851/184/72 1852/183/72 1850/182/72
f 1851/184/73 1853/186/73 1854/185/73 1852/183/73
f 1853/186/74 1855/188/74 1856/187/74 1854/185/74
f 1855/188/75 1857/179/75 1858/189/75 1856/187/75
f 1857/179/76 1859/191/76 1860/190/76 1858/189/76
f 1859/191/77 1861/193/77 1862/192/77 1860/190/77
f 1861/193/78 1863/195/78 1864/194/78 1862/192/78
f 1863/195/79 1865/197/79 1866/196/79 1864/194/79
f 1865/197/80 1867/199/80 1868/198/80 1866/196/80
f 1867/199/81 1869/201/81 1870/200/81 1868/198/81
f 1869/201/82 1871/203/82 1872/202/82 1870/200/82
f 1871/203/83 1873/171/83 1874/175/83 1872/202/83
f 1873/171/84 1875/205/84 1876/204/84 1874/175/84
f 1875/205/85 1877/207/85 1878/206/85 1876/204/85
f 1877/207/86 1879/209/86 1880/208/86 1878/206/86
f 1879/209/87 1881/211/87 1882/210/87 1880/208/87
f 1881/211/88 1883/213/88 1884/212/88 1882/210/88
f 1883/213/89 1885/215/89 1886/214/89 1884/212/89
f 1885/215/90 1887/217/90 1888/216/90 1886/214/90
f 1887/217/91 1889/172/91 1890/176/91 1888/216/91
f 1889/172/92 1891/219/92 1892/218/92 1890/176/92
f 1891/219/93 1893/221/93 1894/220/93 1892/218/93
f 1893/221/94 1895/223/94 1896/222/94 1894/220/94
f 1895/223/95 1897/225/95 1898/224/95 1896/222/95
f 1897/225/96 1899/227/96 1900/226/96 1898/224/96
f 1899/227/97 1901/229/97 1902/228/97 1900/226/97
f 1901/229/98 1903/231/98 1904/230/98 1902/228/98
f 1903/231/99 1905/177/99 1906/232/99 1904/230/99
f 1905/177/100 1907/234/100 1908/233/100 1906/232/100
f 1907/234/101 1909/236/101 1910/235/101 1908/233/101
f 1852/237/66 1854/268/66 1856/267/66 1858/266/66 1860/265/66 1862/264/66 1864/263/66 1866/262/66 1868/261/66 1870/260/66 1872/259/66 1874/258/66 1876/257/66 1878/256/66 1880/255/66 1882/254/66 1884/253/66 1886/252/66 1888/251/66 1890/250/66 1892/249/66 1894/248/66 1896/247/66 1898/246/66 1900/245/66 1902/244/66 1904/243/66 1906/242/66 1908/241/66 1910/240/66 1912/239/66 1850/238/66
f 1909/236/102 1911/270/102 1912/269/102 1910/235/102
f 1911/270/103 1849/272/103 1850/271/103 1912/269/103
f 1849/273/104 1911/304/104 1909/303/104 1907/302/104 1905/301/104 1903/300/104 1901/299/104 1899/298/104 1897/297/104 1895/296/104 1893/295/104 1891/294/104 1889/293/104 1887/292/104 1885/291/104 1883/290/104 1881/289/104 1879/288/104 1877/287/104 1875/286/104 1873/285/104 1871/284/104 1869/283/104 1867/282/104 1865/281/104 1863/280/104 1861/279/104 1859/278/104 1857/277/104 1855/276/104 1853/275/104 1851/274/104
f 1913/181/72 1915/184/72 1916/183/72 1914/182/72
f 1915/184/73 1917/186/73 1918/185/73 1916/183/73
f 1917/186/74 1919/188/74 1920/187/74 1918/185/74
f 1919/188/75 1921/179/75 1922/189/75 1920/187/75
f 1921/179/76 1923/191/76 1924/190/76 1922/189/76
f 1923/191/77 1925/193/77 1926/192/77 1924/190/77
f 1925/193/78 1927/195/78 1928/194/78 1926/192/78
f 1927/195/79 1929/197/79 1930/196/79 1928/194/79
f 1929/197/80 1931/199/80 1932/198/80 1930/196/80
f 1931/199/81 1933/201/81 1934/200/81 1932/198/81
f 1933/201/82 1935/203/82 1936/202/82 1934/200/82
f 1935/203/83 1937/171/83 1938/175/83 1936/202/83
f 1937/171/84 1939/205/84 1940/204/84 1938/175/84
f 1939/205/85 1941/207/85 1942/206/85 1940/204/85
f 1941/207/86 1943/209/86 1944/208/86 1942/206/86
f 1943/209/87 1945/211/87 1946/210/87 1944/208/87
f 1945/211/88 1947/213/88 1948/212/88 1946/210/88
f 1947/213/89 1949/215/89 1950/214/89 1948/212/89
f 1949/215/90 1951/217/90 1952/216/90 1950/214/90
f 1951/217/91 1953/172/91 1954/176/91 1952/216/91
f 1953/172/92 1955/219/92 1956/218/92 1954/176/92
f 1955/219/93 1957/221/93 1958/220/93 1956/218/93
f 1957/221/107 1959/223/107 1960/222/107 1958/220/107
f 1959/223/95 1961/225/95 1962/224/95 1960/222/95
f 1961/225/96 1963/227/96 1964/226/96 1962/224/96
f 1963/227/108 1965/229/108 1966/228/108 1964/226/108
f 1965/229/98 1967/231/98 1968/230/98 1966/228/98
f 1967/231/99 1969/177/99 1970/232/99 1968/230/99
f 1969/177/100 1971/234/100 1972/233/100 1970/232/100
f 1971/234/101 1973/236/101 1974/235/101 1972/233/101
f 1916/237/66 1918/268/66 1920/267/66 1922/266/66 1924/265/66 1926/264/66 1928/263/66 1930/262/66 1932/261/66 1934/260/66 1936/259/66 1938/258/66 1940/257/66 1942/256/66 1944/255/66 1946/254/66 1948/253/66 1950/252/66 1952/251/66 1954/250/66 1956/249/66 1958/248/66 1960/247/66 1962/246/66 1964/245/66 1966/244/66 1968/243/66 1970/242/66 1972/241/66 1974/240/66 1976/239/66 1914/238/66
f 1973/236/102 1975/270/102 1976/269/102 1974/235/102
f 1975/270/103 1913/272/103 1914/271/103 1976/269/103
f 1913/273/104 1975/304/104 1973/303/104 1971/302/104 1969/301/104 1967/300/104 1965/299/104 1963/298/104 1961/297/104 1959/296/104 1957/295/104 1955/294/104 1953/293/104 1951/292/104 1949/291/104 1947/290/104 1945/289/104 1943/288/104 1941/287/104 1939/286/104 1937/285/104 1935/284/104 1933/283/104 1931/282/104 1929/281/104 1927/280/104 1925/279/104 1923/278/104 1921/277/104 1919/276/104 1917/275/104 1915/274/104
f 1977/181/72 1979/184/72 1980/183/72 1978/182/72
f 1979/184/73 1981/186/73 1982/185/73 1980/183/73
f 1981/186/113 1983/188/113 1984/187/113 1982/185/113
f 1983/188/75 1985/179/75 1986/189/75 1984/187/75
f 1985/179/76 1987/191/76 1988/190/76 1986/189/76
f 1987/191/77 1989/193/77 1990/192/77 1988/190/77
f 1989/193/105 1991/195/105 1992/194/105 1990/192/105
f 1991/195/79 1993/197/79 1994/196/79 1992/194/79
f 1993/197/80 1995/199/80 1996/198/80 1994/196/80
f 1995/199/106 1997/201/106 1998/200/106 1996/198/106
f 1997/201/82 1999/203/82 2000/202/82 1998/200/82
f 1999/203/83 2001/171/83 2002/175/83 2000/202/83
f 2001/171/84 2003/205/84 2004/204/84 2002/175/84
f 2003/205/114 2005/207/114 2006/206/114 2004/204/114
f 2005/207/86 2007/209/86 2008/208/86 2006/206/86
f 2007/209/87 2009/211/87 2010/210/87 2008/208/87
f 2009/211/88 2011/213/88 2012/212/88 2010/210/88
f 2011/213/89 2013/215/89 2014/214/89 2012/212/89
f 2013/215/115 2015/217/115 2016/216/115 2014/214/115
f 2015/217/91 2017/172/91 2018/176/91 2016/216/91
f 2017/172/92 2019/219/92 2020/218/92 2018/176/92
f 2019/219/93 2021/221/93 2022/220/93 2020/218/93
f 2021/221/107 2023/223/107 2024/222/107 2022/220/107
f 2023/223/116 2025/225/116 2026/224/116 2024/222/116
f 2025/225/117 2027/227/117 2028/226/117 2026/224/117
f 2027/227/108 2029/229/108 2030/228/108 2028/226/108
f 2029/229/98 2031/231/98 2032/230/98 2030/228/98
f 2031/231/99 2033/177/99 2034/232/99 2032/230/99
f 2033/177/100 2035/234/100 2036/233/100 2034/232/100
f 2035/234/118 2037/236/118 2038/235/118 2036/233/118
f 1980/237/66 1982/268/66 1984/267/66 1986/266/66 1988/265/66 1990/264/66 1992/263/66 1994/262/66 1996/261/66 1998/260/66 2000/259/66 2002/258/66 2004/257/66 2006/256/66 2008/255/66 2010/254/66 2012/253/66 2014/252/66 2016/251/66 2018/250/66 2020/249/66 2022/248/66 2024/247/66 2026/246/66 2028/245/66 2030/244/66 2032/243/66 2034/242/66 2036/241/66 2038/240/66 2040/239/66 1978/238/66
f 2037/236/102 2039/270/102 2040/269/102 2038/235/102
f 2039/270/103 1977/272/103 1978/271/103 2040/269/103
f 1977/273/104 2039/304/104 2037/303/104 2035/302/104 2033/301/104 2031/300/104 2029/299/104 2027/298/104 2025/297/104 2023/296/104 2021/295/104 2019/294/104 2017/293/104 2015/292/104 2013/291/104 2011/290/104 2009/289/104 2007/288/104 2005/287/104 2003/286/104 2001/285/104 1999/284/104 1997/283/104 1995/282/104 1993/281/104 1991/280/104 1989/279/104 1987/278/104 1985/277/104 1983/276/104 1981/275/104 1979/274/104
f 2041/181/72 2043/184/72 2044/183/72 2042/182/72
f 2043/184/73 2045/186/73 2046/185/73 2044/183/73
f 2045/186/74 2047/188/74 2048/187/74 2046/185/74
f 2047/188/75 2049/179/75 2050/189/75 2048/187/75
f 2049/179/76 2051/191/76 2052/190/76 2050/189/76
f 2051/191/77 2053/193/77 2054/192/77 2052/190/77
f 2053/193/105 2055/195/105 2056/194/105 2054/192/105
f 2055/195/79 2057/197/79 2058/196/79 2056/194/79
f 2057/197/80 2059/199/80 2060/198/80 2058/196/80
f 2059/199/106 2061/201/106 2062/200/106 2060/198/106
f 2061/201/82 2063/203/82 2064/202/82 2062/200/82
f 2063/203/83 2065/171/83 2066/175/83 2064/202/83
f 2065/171/84 2067/205/84 2068/204/84 2066/175/84
f 2067/205/85 2069/207/85 2070/206/85 2068/204/85
f 2069/207/86 2071/209/86 2072/208/86 2070/206/86
f 2071/209/87 2073/211/87 2074/210/87 2072/208/87
f 2073/211/88 2075/213/88 2076/212/88 2074/210/88
f 2075/213/89 2077/215/89 2078/214/89 2076/212/89
f 2077/215/115 2079/217/115 2080/216/115 2078/214/115
f 2079/217/91 2081/172/91 2082/176/91 2080/216/91
f 2081/172/92 2083/219/92 2084/218/92 2082/176/92
f 2083/219/93 2085/221/93 2086/220/93 2084/218/93
f 2085/221/107 2087/223/107 2088/222/107 2086/220/107
f 2087/223/116 2089/225/116 2090/224/116 2088/222/116
f 2089/225/117 2091/227/117 2092/226/117 2090/224/117
f 2091/227/108 2093/229/108 2094/228/108 2092/226/108
f 2093/229/98 2095/231/98 2096/230/98 2094/228/98
f 2095/231/99 2097/177/99 2098/232/99 2096/230/99
f 2097/177/100 2099/234/100 2100/233/100 2098/232/100
f 2099/234/118 2101/236/118 2102/235/118 2100/233/118
f 2044/237/66 2046/268/66 2048/267/66 2050/266/66 2052/265/66 2054/264/66 2056/263/66 2058/262/66 2060/261/66 2062/260/66 2064/259/66 2066/258/66 2068/257/66 2070/256/66 2072/255/66 2074/254/66 2076/253/66 2078/252/66 2080/251/66 2082/250/66 2084/249/66 2086/248/66 2088/247/66 2090/246/66 2092/245/66 2094/244/66 2096/243/66 2098/242/66 2100/241/66 2102/240/66 2104/239/66 2042/238/66
f 2101/236/102 2103/270/102 2104/269/102 2102/235/102
f 2103/270/103 2041/272/103 2042/271/103 2104/269/103
f 2041/273/104 2103/304/104 2101/303/104 2099/302/104 2097/301/104 2095/300/104 2093/299/104 2091/298/104 2089/297/104 2087/296/104 2085/295/104 2083/294/104 2081/293/104 2079/292/104 2077/291/104 2075/290/104 2073/289/104 2071/288/104 2069/287/104 2067/286/104 2065/285/104 2063/284/104 2061/283/104 2059/282/104 2057/281/104 2055/280/104 2053/279/104 2051/278/104 2049/277/104 2047/276/104 2045/275/104 2043/274/104
o 柱3
v 2469.406494 83.418137 -5692.433105
v 2469.406494 83.418137 -5693.609863
v 2317.666748 83.418137 -5692.433105
v 2317.666748 83.418137 -5693.609863
v 2469.406494 85.302597 -5692.221191
v 2469.406494 85.280449 -5693.821777
v 2317.666748 85.302597 -5692.221191
v 2317.666748 85.280449 -5693.821777
v 2407.337402 75.343407 -5693.230469
v 2407.337402 85.134132 -5693.230469
v 2407.399902 75.343407 -5693.224121
v 2407.399902 85.134132 -5693.224121
v 2407.459961 75.343407 -5693.206055
v 2407.459961 85.134132 -5693.206055
v 2407.515137 75.343407 -5693.176270
v 2407.515137 85.134132 -5693.176270
v 2407.563721 75.343407 -5693.136719
v 2407.563721 85.134132 -5693.136719
v 2407.603516 75.343407 -5693.087891
v 2407.603516 85.134132 -5693.087891
v 2407.633057 75.343407 -5693.032715
v 2407.633057 85.134132 -5693.032715
v 2407.651367 75.343407 -5692.972656
v 2407.651367 85.134132 -5692.972656
v 2407.657471 75.343407 -5692.910156
v 2407.657471 85.134132 -5692.910156
v 2407.651367 75.343407 -5692.847656
v 2407.651367 85.134132 -5692.847656
v 2407.633057 75.343407 -5692.787598
v 2407.633057 85.134132 -5692.787598
v 2407.603516 75.343407 -5692.732422
v 2407.603516 85.134132 -5692.732422
v 2407.563721 75.343407 -5692.684082
v 2407.563721 85.134132 -5692.684082
v 2407.515137 75.343407 -5692.644043
v 2407.515137 85.134132 -5692.644043
v 2407.459961 75.343407 -5692.614746
v 2407.459961 85.134132 -5692.614746
v 2407.399902 75.343407 -5692.596191
v 2407.399902 85.134132 -5692.596191
v 2407.337402 75.343407 -5692.590332
v 2407.337402 85.134132 -5692.590332
v 2407.275146 75.343407 -5692.596191
v 2407.275146 85.134132 -5692.596191
v 2407.215088 75.343407 -5692.614746
v 2407.215088 85.134132 -5692.614746
v 2407.159668 75.343407 -5692.644043
v 2407.159668 85.134132 -5692.644043
v 2407.111328 75.343407 -5692.684082
v 2407.111328 85.134132 -5692.684082
v 2407.071289 75.343407 -5692.732422
v 2407.071289 85.134132 -5692.732422
v 2407.041748 75.343407 -5692.787598
v 2407.041748 85.134132 -5692.787598
v 2407.023682 75.343407 -5692.847656
v 2407.023682 85.134132 -5692.847656
v 2407.017578 75.343407 -5692.910156
v 2407.017578 85.134132 -5692.910156
v 2407.023682 75.343407 -5692.972656
v 2407.023682 85.134132 -5692.972656
v 2407.041748 75.343407 -5693.032715
v 2407.041748 85.134132 -5693.032715
v 2407.071289 75.343407 -5693.087891
v 2407.071289 85.134132 -5693.087891
v 2407.111328 75.343407 -5693.136719
v 2407.111328 85.134132 -5693.136719
v 2407.159668 75.343407 -5693.176270
v 2407.159668 85.134132 -5693.176270
v 2407.215088 75.343407 -5693.206055
v 2407.215088 85.134132 -5693.206055
v 2407.275146 75.343407 -5693.224121
v 2407.275146 85.134132 -5693.224121
v 2335.302979 75.343407 -5693.395996
v 2335.302979 85.134132 -5693.395996
v 2335.365479 75.343407 -5693.390137
v 2335.365479 85.134132 -5693.390137
v 2335.425537 75.343407 -5693.371582
v 2335.425537 85.134132 -5693.371582
v 2335.480957 75.343407 -5693.342285
v 2335.480957 85.134132 -5693.342285
v 2335.529297 75.343407 -5693.302246
v 2335.529297 85.134132 -5693.302246
v 2335.569092 75.343407 -5693.253906
v 2335.569092 85.134132 -5693.253906
v 2335.598633 75.343407 -5693.198730
v 2335.598633 85.134132 -5693.198730
v 2335.616943 75.343407 -5693.138672
v 2335.616943 85.134132 -5693.138672
v 2335.623047 75.343407 -5693.076172
v 2335.623047 85.134132 -5693.076172
v 2335.616943 75.343407 -5693.013672
v 2335.616943 85.134132 -5693.013672
v 2335.598633 75.343407 -5692.953613
v 2335.598633 85.134132 -5692.953613
v 2335.569092 75.343407 -5692.898438
v 2335.569092 85.134132 -5692.898438
v 2335.529297 75.343407 -5692.849609
v 2335.529297 85.134132 -5692.849609
v 2335.480957 75.343407 -5692.810059
v 2335.480957 85.134132 -5692.810059
v 2335.425537 75.343407 -5692.780273
v 2335.425537 85.134132 -5692.780273
v 2335.365479 75.343407 -5692.762207
v 2335.365479 85.134132 -5692.762207
v 2335.302979 75.343407 -5692.755859
v 2335.302979 85.134132 -5692.755859
v 2335.240723 75.343407 -5692.762207
v 2335.240723 85.134132 -5692.762207
v 2335.180664 75.343407 -5692.780273
v 2335.180664 85.134132 -5692.780273
v 2335.125244 75.343407 -5692.810059
v 2335.125244 85.134132 -5692.810059
v 2335.076660 75.343407 -5692.849609
v 2335.076660 85.134132 -5692.849609
v 2335.037109 75.343407 -5692.898438
v 2335.036865 85.134132 -5692.898438
v 2335.007324 75.343407 -5692.953613
v 2335.007324 85.134132 -5692.953613
v 2334.989258 75.343407 -5693.013672
v 2334.989258 85.134132 -5693.013672
v 2334.983154 75.343407 -5693.076172
v 2334.983154 85.134132 -5693.076172
v 2334.989258 75.343407 -5693.138672
v 2334.989258 85.134132 -5693.138672
v 2335.007324 75.343407 -5693.198730
v 2335.007324 85.134132 -5693.198730
v 2335.037109 75.343407 -5693.253906
v 2335.036865 85.134132 -5693.253906
v 2335.076660 75.343407 -5693.302246
v 2335.076660 85.134132 -5693.302246
v 2335.125244 75.343407 -5693.342285
v 2335.125244 85.134132 -5693.342285
v 2335.180664 75.343407 -5693.371582
v 2335.180664 85.134132 -5693.371582
v 2335.240723 75.343407 -5693.390137
v 2335.240723 85.134132 -5693.390137
v 2326.269287 75.343407 -5693.395996
v 2326.269287 85.134132 -5693.395996
v 2326.331787 75.343407 -5693.390137
v 2326.331787 85.134132 -5693.390137
v 2326.391846 75.343407 -5693.371582
v 2326.391846 85.134132 -5693.371582
v 2326.447266 75.343407 -5693.342285
v 2326.447266 85.134132 -5693.342285
v 2326.495605 75.343407 -5693.302246
v 2326.495605 85.134132 -5693.302246
v 2326.535400 75.343407 -5693.253906
v 2326.535400 85.134132 -5693.253906
v 2326.564941 75.343407 -5693.198730
v 2326.564941 85.134132 -5693.198730
v 2326.583252 75.343407 -5693.138672
v 2326.583252 85.134132 -5693.138672
v 2326.589355 75.343407 -5693.076172
v 2326.589355 85.134132 -5693.076172
v 2326.583252 75.343407 -5693.013672
v 2326.583252 85.134132 -5693.013672
v 2326.564941 75.343407 -5692.953613
v 2326.564941 85.134132 -5692.953613
v 2326.535400 75.343407 -5692.898438
v 2326.535400 85.134132 -5692.898438
v 2326.495605 75.343407 -5692.849609
v 2326.495605 85.134132 -5692.849609
v 2326.447266 75.343407 -5692.810059
v 2326.447266 85.134132 -5692.810059
v 2326.391846 75.343407 -5692.780273
v 2326.391846 85.134132 -5692.780273
v 2326.331787 75.343407 -5692.762207
v 2326.331787 85.134132 -5692.762207
v 2326.269287 75.343407 -5692.755859
v 2326.269287 85.134132 -5692.755859
v 2326.207031 75.343407 -5692.762207
v 2326.207031 85.134132 -5692.762207
v 2326.146973 75.343407 -5692.780273
v 2326.146973 85.134132 -5692.780273
v 2326.091553 75.343407 -5692.810059
v 2326.091553 85.134132 -5692.810059
v 2326.042969 75.343407 -5692.849609
v 2326.042969 85.134132 -5692.849609
v 2326.003418 75.343407 -5692.898438
v 2326.003418 85.134132 -5692.898438
v 2325.973633 75.343407 -5692.953613
v 2325.973633 85.134132 -5692.953613
v 2325.955566 75.343407 -5693.013672
v 2325.955566 85.134132 -5693.013672
v 2325.949463 75.343407 -5693.076172
v 2325.949463 85.134132 -5693.076172
v 2325.955566 75.343407 -5693.138672
v 2325.955566 85.134132 -5693.138672
v 2325.973633 75.343407 -5693.198730
v 2325.973633 85.134132 -5693.198730
v 2326.003418 75.343407 -5693.253906
v 2326.003418 85.134132 -5693.253906
v 2326.042969 75.343407 -5693.302246
v 2326.042969 85.134132 -5693.302246
v 2326.091553 75.343407 -5693.342285
v 2326.091553 85.134132 -5693.342285
v 2326.146973 75.343407 -5693.371582
v 2326.146973 85.134132 -5693.371582
v 2326.207031 75.343407 -5693.390137
v 2326.207031 85.134132 -5693.390137
v 2353.288818 75.343407 -5693.395996
v 2353.288818 85.134132 -5693.395996
v 2353.351318 75.343407 -5693.390137
v 2353.351318 85.134132 -5693.390137
v 2353.411377 75.343407 -5693.371582
v 2353.411377 85.134132 -5693.371582
v 2353.466797 75.343407 -5693.342285
v 2353.466797 85.134132 -5693.342285
v 2353.515137 75.343407 -5693.302246
v 2353.515137 85.134132 -5693.302246
v 2353.554932 75.343407 -5693.253906
v 2353.554932 85.134132 -5693.253906
v 2353.584473 75.343407 -5693.198730
v 2353.584473 85.134132 -5693.198730
v 2353.602783 75.343407 -5693.138672
v 2353.602783 85.134132 -5693.138672
v 2353.608887 75.343407 -5693.076172
v 2353.608887 85.134132 -5693.076172
v 2353.602783 75.343407 -5693.013672
v 2353.602783 85.134132 -5693.013672
v 2353.584473 75.343407 -5692.953613
v 2353.584473 85.134132 -5692.953613
v 2353.554932 75.343407 -5692.898438
v 2353.554932 85.134132 -5692.898438
v 2353.515137 75.343407 -5692.849609
v 2353.515137 85.134132 -5692.849609
v 2353.466797 75.343407 -5692.810059
v 2353.466797 85.134132 -5692.810059
v 2353.411377 75.343407 -5692.780273
v 2353.411377 85.134132 -5692.780273
v 2353.351318 75.343407 -5692.762207
v 2353.351318 85.134132 -5692.762207
v 2353.288818 75.343407 -5692.755859
v 2353.288818 85.134132 -5692.755859
v 2353.226562 75.343407 -5692.762207
v 2353.226562 85.134132 -5692.762207
v 2353.166504 75.343407 -5692.780273
v 2353.166504 85.134132 -5692.780273
v 2353.111084 75.343407 -5692.810059
v 2353.111084 85.134132 -5692.810059
v 2353.062500 75.343407 -5692.849609
v 2353.062500 85.134132 -5692.849609
v 2353.022949 75.343407 -5692.898438
v 2353.022705 85.134132 -5692.898438
v 2352.993164 75.343407 -5692.953613
v 2352.993164 85.134132 -5692.953613
v 2352.975098 75.343407 -5693.013672
v 2352.975098 85.134132 -5693.013672
v 2352.968994 75.343407 -5693.076172
v 2352.968994 85.134132 -5693.076172
v 2352.975098 75.343407 -5693.138672
v 2352.975098 85.134132 -5693.138672
v 2352.993164 75.343407 -5693.198730
v 2352.993164 85.134132 -5693.198730
v 2353.022949 75.343407 -5693.253906
v 2353.022705 85.134132 -5693.253906
v 2353.062500 75.343407 -5693.302246
v 2353.062500 85.134132 -5693.302246
v 2353.111084 75.343407 -5693.342285
v 2353.111084 85.134132 -5693.342285
v 2353.166504 75.343407 -5693.371582
v 2353.166504 85.134132 -5693.371582
v 2353.226562 75.343407 -5693.390137
v 2353.226562 85.134132 -5693.390137
v 2344.350098 75.343407 -5693.395996
v 2344.350098 85.134132 -5693.395996
v 2344.412598 75.343407 -5693.390137
v 2344.412598 85.134132 -5693.390137
v 2344.472656 75.343407 -5693.371582
v 2344.472656 85.134132 -5693.371582
v 2344.527832 75.343407 -5693.342285
v 2344.527832 85.134132 -5693.342285
v 2344.576416 75.343407 -5693.302246
v 2344.576416 85.134132 -5693.302246
v 2344.616211 75.343407 -5693.253906
v 2344.616211 85.134132 -5693.253906
v 2344.645752 75.343407 -5693.198730
v 2344.645752 85.134132 -5693.198730
v 2344.664062 75.343407 -5693.138672
v 2344.664062 85.134132 -5693.138672
v 2344.670166 75.343407 -5693.076172
v 2344.670166 85.134132 -5693.076172
v 2344.664062 75.343407 -5693.013672
v 2344.664062 85.134132 -5693.013672
v 2344.645752 75.343407 -5692.953613
v 2344.645752 85.134132 -5692.953613
v 2344.616211 75.343407 -5692.898438
v 2344.616211 85.134132 -5692.898438
v 2344.576416 75.343407 -5692.849609
v 2344.576416 85.134132 -5692.849609
v 2344.527832 75.343407 -5692.810059
v 2344.527832 85.134132 -5692.810059
v 2344.472656 75.343407 -5692.780273
v 2344.472656 85.134132 -5692.780273
v 2344.412598 75.343407 -5692.762207
v 2344.412598 85.134132 -5692.762207
v 2344.350098 75.343407 -5692.755859
v 2344.350098 85.134132 -5692.755859
v 2344.287842 75.343407 -5692.762207
v 2344.287842 85.134132 -5692.762207
v 2344.227783 75.343407 -5692.780273
v 2344.227783 85.134132 -5692.780273
v 2344.172363 75.343407 -5692.810059
v 2344.172363 85.134132 -5692.810059
v 2344.124023 75.343407 -5692.849609
v 2344.124023 85.134132 -5692.849609
v 2344.083984 75.343407 -5692.898438
v 2344.083984 85.134132 -5692.898438
v 2344.054443 75.343407 -5692.953613
v 2344.054443 85.134132 -5692.953613
v 2344.036377 75.343407 -5693.013672
v 2344.036377 85.134132 -5693.013672
v 2344.030273 75.343407 -5693.076172
v 2344.030273 85.134132 -5693.076172
v 2344.036377 75.343407 -5693.138672
v 2344.036377 85.134132 -5693.138672
v 2344.054443 75.343407 -5693.198730
v 2344.054443 85.134132 -5693.198730
v 2344.083984 75.343407 -5693.253906
v 2344.083984 85.134132 -5693.253906
v 2344.124023 75.343407 -5693.302246
v 2344.124023 85.134132 -5693.302246
v 2344.172363 75.343407 -5693.342285
v 2344.172363 85.134132 -5693.342285
v 2344.227783 75.343407 -5693.371582
v 2344.227783 85.134132 -5693.371582
v 2344.287842 75.343407 -5693.390137
v 2344.287842 85.134132 -5693.390137
v 2371.355713 75.343407 -5693.395996
v 2371.355713 85.134132 -5693.395996
v 2371.418213 75.343407 -5693.390137
v 2371.418213 85.134132 -5693.390137
v 2371.478271 75.343407 -5693.371582
v 2371.478271 85.134132 -5693.371582
v 2371.533691 75.343407 -5693.342285
v 2371.533691 85.134132 -5693.342285
v 2371.582031 75.343407 -5693.302246
v 2371.582031 85.134132 -5693.302246
v 2371.621826 75.343407 -5693.253906
v 2371.621826 85.134132 -5693.253906
v 2371.651367 75.343407 -5693.198730
v 2371.651367 85.134132 -5693.198730
v 2371.669678 75.343407 -5693.138672
v 2371.669678 85.134132 -5693.138672
v 2371.675781 75.343407 -5693.076172
v 2371.675781 85.134132 -5693.076172
v 2371.669678 75.343407 -5693.013672
v 2371.669678 85.134132 -5693.013672
v 2371.651367 75.343407 -5692.953613
v 2371.651367 85.134132 -5692.953613
v 2371.621826 75.343407 -5692.898438
v 2371.621826 85.134132 -5692.898438
v 2371.582031 75.343407 -5692.849609
v 2371.582031 85.134132 -5692.849609
v 2371.533691 75.343407 -5692.810059
v 2371.533691 85.134132 -5692.810059
v 2371.478271 75.343407 -5692.780273
v 2371.478271 85.134132 -5692.780273
v 2371.418213 75.343407 -5692.762207
v 2371.418213 85.134132 -5692.762207
v 2371.355713 75.343407 -5692.755859
v 2371.355713 85.134132 -5692.755859
v 2371.293457 75.343407 -5692.762207
v 2371.293457 85.134132 -5692.762207
v 2371.233398 75.343407 -5692.780273
v 2371.233398 85.134132 -5692.780273
v 2371.177979 75.343407 -5692.810059
v 2371.177979 85.134132 -5692.810059
v 2371.129395 75.343407 -5692.849609
v 2371.129395 85.134132 -5692.849609
v 2371.089600 75.343407 -5692.898438
v 2371.089600 85.134132 -5692.898438
v 2371.060059 75.343407 -5692.953613
v 2371.060059 85.134132 -5692.953613
v 2371.041992 75.343407 -5693.013672
v 2371.041992 85.134132 -5693.013672
v 2371.035889 75.343407 -5693.076172
v 2371.035889 85.134132 -5693.076172
v 2371.041992 75.343407 -5693.138672
v 2371.041992 85.134132 -5693.138672
v 2371.060059 75.343407 -5693.198730
v 2371.060059 85.134132 -5693.198730
v 2371.089600 75.343407 -5693.253906
v 2371.089600 85.134132 -5693.253906
v 2371.129395 75.343407 -5693.302246
v 2371.129395 85.134132 -5693.302246
v 2371.177979 75.343407 -5693.342285
v 2371.177979 85.134132 -5693.342285
v 2371.233398 75.343407 -5693.371582
v 2371.233398 85.134132 -5693.371582
v 2371.293457 75.343407 -5693.390137
v 2371.293457 85.134132 -5693.390137
v 2362.317383 75.343407 -5693.395996
v 2362.317383 85.134132 -5693.395996
v 2362.379883 75.343407 -5693.390137
v 2362.379883 85.134132 -5693.390137
v 2362.439941 75.343407 -5693.371582
v 2362.439941 85.134132 -5693.371582
v 2362.495361 75.343407 -5693.342285
v 2362.495361 85.134132 -5693.342285
v 2362.543701 75.343407 -5693.302246
v 2362.543701 85.134132 -5693.302246
v 2362.583496 75.343407 -5693.253906
v 2362.583496 85.134132 -5693.253906
v 2362.613037 75.343407 -5693.198730
v 2362.613037 85.134132 -5693.198730
v 2362.631348 75.343407 -5693.138672
v 2362.631348 85.134132 -5693.138672
v 2362.637451 75.343407 -5693.076172
v 2362.637451 85.134132 -5693.076172
v 2362.631348 75.343407 -5693.013672
v 2362.631348 85.134132 -5693.013672
v 2362.613037 75.343407 -5692.953613
v 2362.613037 85.134132 -5692.953613
v 2362.583496 75.343407 -5692.898438
v 2362.583496 85.134132 -5692.898438
v 2362.543701 75.343407 -5692.849609
v 2362.543701 85.134132 -5692.849609
v 2362.495361 75.343407 -5692.810059
v 2362.495361 85.134132 -5692.810059
v 2362.439941 75.343407 -5692.780273
v 2362.439941 85.134132 -5692.780273
v 2362.379883 75.343407 -5692.762207
v 2362.379883 85.134132 -5692.762207
v 2362.317383 75.343407 -5692.755859
v 2362.317383 85.134132 -5692.755859
v 2362.255127 75.343407 -5692.762207
v 2362.255127 85.134132 -5692.762207
v 2362.195068 75.343407 -5692.780273
v 2362.195068 85.134132 -5692.780273
v 2362.139648 75.343407 -5692.810059
v 2362.139648 85.134132 -5692.810059
v 2362.091309 75.343407 -5692.849609
v 2362.091309 85.134132 -5692.849609
v 2362.051270 75.343407 -5692.898438
v 2362.051270 85.134132 -5692.898438
v 2362.021729 75.343407 -5692.953613
v 2362.021729 85.134132 -5692.953613
v 2362.003662 75.343407 -5693.013672
v 2362.003662 85.134132 -5693.013672
v 2361.997559 75.343407 -5693.076172
v 2361.997559 85.134132 -5693.076172
v 2362.003662 75.343407 -5693.138672
v 2362.003662 85.134132 -5693.138672
v 2362.021729 75.343407 -5693.198730
v 2362.021729 85.134132 -5693.198730
v 2362.051270 75.343407 -5693.253906
v 2362.051270 85.134132 -5693.253906
v 2362.091309 75.343407 -5693.302246
v 2362.091309 85.134132 -5693.302246
v 2362.139648 75.343407 -5693.342285
v 2362.139648 85.134132 -5693.342285
v 2362.195068 75.343407 -5693.371582
v 2362.195068 85.134132 -5693.371582
v 2362.255127 75.343407 -5693.390137
v 2362.255127 85.134132 -5693.390137
v 2380.400146 75.343407 -5693.395996
v 2380.400146 85.134132 -5693.395996
v 2380.462646 75.343407 -5693.390137
v 2380.462646 85.134132 -5693.390137
v 2380.522705 75.343407 -5693.371582
v 2380.522705 85.134132 -5693.371582
v 2380.578125 75.343407 -5693.342285
v 2380.578125 85.134132 -5693.342285
v 2380.626465 75.343407 -5693.302246
v 2380.626465 85.134132 -5693.302246
v 2380.666260 75.343407 -5693.253906
v 2380.666260 85.134132 -5693.253906
v 2380.695801 75.343407 -5693.198730
v 2380.695801 85.134132 -5693.198730
v 2380.714111 75.343407 -5693.138672
v 2380.714111 85.134132 -5693.138672
v 2380.720215 75.343407 -5693.076172
v 2380.720215 85.134132 -5693.076172
v 2380.714111 75.343407 -5693.013672
v 2380.714111 85.134132 -5693.013672
v 2380.695801 75.343407 -5692.953613
v 2380.695801 85.134132 -5692.953613
v 2380.666260 75.343407 -5692.898438
v 2380.666260 85.134132 -5692.898438
v 2380.626465 75.343407 -5692.849609
v 2380.626465 85.134132 -5692.849609
v 2380.578125 75.343407 -5692.810059
v 2380.578125 85.134132 -5692.810059
v 2380.522705 75.343407 -5692.780273
v 2380.522705 85.134132 -5692.780273
v 2380.462646 75.343407 -5692.762207
v 2380.462646 85.134132 -5692.762207
v 2380.400146 75.343407 -5692.755859
v 2380.400146 85.134132 -5692.755859
v 2380.337891 75.343407 -5692.762207
v 2380.337891 85.134132 -5692.762207
v 2380.277832 75.343407 -5692.780273
v 2380.277832 85.134132 -5692.780273
v 2380.222412 75.343407 -5692.810059
v 2380.222412 85.134132 -5692.810059
v 2380.173828 75.343407 -5692.849609
v 2380.173828 85.134132 -5692.849609
v 2380.134033 75.343407 -5692.898438
v 2380.134033 85.134132 -5692.898438
v 2380.104492 75.343407 -5692.953613
v 2380.104492 85.134132 -5692.953613
v 2380.086426 75.343407 -5693.013672
v 2380.086426 85.134132 -5693.013672
v 2380.080322 75.343407 -5693.076172
v 2380.080322 85.134132 -5693.076172
v 2380.086426 75.343407 -5693.138672
v 2380.086426 85.134132 -5693.138672
v 2380.104492 75.343407 -5693.198730
v 2380.104492 85.134132 -5693.198730
v 2380.134033 75.343407 -5693.253906
v 2380.134033 85.134132 -5693.253906
v 2380.173828 75.343407 -5693.302246
v 2380.173828 85.134132 -5693.302246
v 2380.222412 75.343407 -5693.342285
v 2380.222412 85.134132 -5693.342285
v 2380.277832 75.343407 -5693.371582
v 2380.277832 85.134132 -5693.371582
v 2380.337891 75.343407 -5693.390137
v 2380.337891 85.134132 -5693.390137
v 2398.334961 75.343407 -5693.289062
v 2398.334961 85.134132 -5693.289062
v 2398.397461 75.343407 -5693.282715
v 2398.397461 85.134132 -5693.282715
v 2398.457520 75.343407 -5693.264648
v 2398.457520 85.134132 -5693.264648
v 2398.512695 75.343407 -5693.234863
v 2398.512939 85.134132 -5693.234863
v 2398.561279 75.343407 -5693.195312
v 2398.561279 85.134132 -5693.195312
v 2398.601074 75.343407 -5693.146484
v 2398.601074 85.134132 -5693.146484
v 2398.630615 75.343407 -5693.091309
v 2398.630615 85.134132 -5693.091309
v 2398.648926 75.343407 -5693.031250
v 2398.648926 85.134132 -5693.031250
v 2398.655029 75.343407 -5692.968750
v 2398.655029 85.134132 -5692.968750
v 2398.648926 75.343407 -5692.906250
v 2398.648926 85.134132 -5692.906250
v 2398.630615 75.343407 -5692.846680
v 2398.630615 85.134132 -5692.846680
v 2398.601074 75.343407 -5692.791016
v 2398.601074 85.134132 -5692.791016
v 2398.561279 75.343407 -5692.742676
v 2398.561279 85.134132 -5692.742676
v 2398.512695 75.343407 -5692.702637
v 2398.512939 85.134132 -5692.702637
v 2398.457520 75.343407 -5692.673340
v 2398.457520 85.134132 -5692.673340
v 2398.397461 75.343407 -5692.655273
v 2398.397461 85.134132 -5692.655273
v 2398.334961 75.343407 -5692.648926
v 2398.334961 85.134132 -5692.648926
v 2398.272705 75.343407 -5692.655273
v 2398.272705 85.134132 -5692.655273
v 2398.212646 75.343407 -5692.673340
v 2398.212646 85.134132 -5692.673340
v 2398.157227 75.343407 -5692.702637
v 2398.157227 85.134132 -5692.702637
v 2398.108643 75.343407 -5692.742676
v 2398.108887 85.134132 -5692.742676
v 2398.068848 75.343407 -5692.791016
v 2398.069092 85.134132 -5692.791016
v 2398.039307 75.343407 -5692.846680
v 2398.039307 85.134132 -5692.846680
v 2398.021240 75.343407 -5692.906250
v 2398.021240 85.134132 -5692.906250
v 2398.015137 75.343407 -5692.968750
v 2398.015137 85.134132 -5692.968750
v 2398.021240 75.343407 -5693.031250
v 2398.021240 85.134132 -5693.031250
v 2398.039307 75.343407 -5693.091309
v 2398.039307 85.134132 -5693.091309
v 2398.068848 75.343407 -5693.146484
v 2398.069092 85.134132 -5693.146484
v 2398.108643 75.343407 -5693.195312
v 2398.108887 85.134132 -5693.195312
v 2398.157227 75.343407 -5693.234863
v 2398.157227 85.134132 -5693.234863
v 2398.212646 75.343407 -5693.264648
v 2398.212646 85.134132 -5693.264648
v 2398.272705 75.343407 -5693.282715
v 2398.272705 85.134132 -5693.282715
v 2434.312744 75.343407 -5693.133301
v 2434.312744 85.134132 -5693.133301
v 2434.375244 75.343407 -5693.126953
v 2434.375244 85.134132 -5693.126953
v 2434.435303 75.343407 -5693.108887
v 2434.435303 85.134132 -5693.108887
v 2434.490723 75.343407 -5693.079590
v 2434.490723 85.134132 -5693.079590
v 2434.539062 75.343407 -5693.039551
v 2434.539062 85.134132 -5693.039551
v 2434.578857 75.343407 -5692.991211
v 2434.578857 85.134132 -5692.991211
v 2434.608398 75.343407 -5692.935547
v 2434.608398 85.134132 -5692.935547
v 2434.626709 75.343407 -5692.875488
v 2434.626709 85.134132 -5692.875488
v 2434.632812 75.343407 -5692.813477
v 2434.632812 85.134132 -5692.813477
v 2434.626709 75.343407 -5692.750977
v 2434.626709 85.134132 -5692.750977
v 2434.608398 75.343407 -5692.690918
v 2434.608398 85.134132 -5692.690918
v 2434.578857 75.343407 -5692.635742
v 2434.578857 85.134132 -5692.635742
v 2434.539062 75.343407 -5692.586914
v 2434.539062 85.134132 -5692.586914
v 2434.490723 75.343407 -5692.547363
v 2434.490723 85.134132 -5692.547363
v 2434.435303 75.343407 -5692.517578
v 2434.435303 85.134132 -5692.517578
v 2434.375244 75.343407 -5692.499512
v 2434.375244 85.134132 -5692.499512
v 2434.312744 75.343407 -5692.493164
v 2434.312744 85.134132 -5692.493164
v 2434.250488 75.343407 -5692.499512
v 2434.250488 85.134132 -5692.499512
v 2434.190430 75.343407 -5692.517578
v 2434.190430 85.134132 -5692.517578
v 2434.135010 75.343407 -5692.547363
v 2434.135010 85.134132 -5692.547363
v 2434.086426 75.343407 -5692.586914
v 2434.086426 85.134132 -5692.586914
v 2434.046875 75.343407 -5692.635742
v 2434.046875 85.134132 -5692.635742
v 2434.017090 75.343407 -5692.690918
v 2434.017090 85.134132 -5692.690918
v 2433.999023 75.343407 -5692.750977
v 2433.999023 85.134132 -5692.750977
v 2433.992920 75.343407 -5692.813477
v 2433.992920 85.134132 -5692.813477
v 2433.999023 75.343407 -5692.875488
v 2433.999023 85.134132 -5692.875488
v 2434.017090 75.343407 -5692.935547
v 2434.017090 85.134132 -5692.935547
v 2434.046875 75.343407 -5692.991211
v 2434.046875 85.134132 -5692.991211
v 2434.086426 75.343407 -5693.039551
v 2434.086426 85.134132 -5693.039551
v 2434.135010 75.343407 -5693.079590
v 2434.135010 85.134132 -5693.079590
v 2434.190430 75.343407 -5693.108887
v 2434.190430 85.134132 -5693.108887
v 2434.250488 75.343407 -5693.126953
v 2434.250488 85.134132 -5693.126953
v 2389.358643 75.343407 -5693.343750
v 2389.358643 85.134132 -5693.343750
v 2389.421143 75.343407 -5693.337891
v 2389.421143 85.134132 -5693.337891
v 2389.481201 75.343407 -5693.319824
v 2389.481201 85.134132 -5693.319824
v 2389.536377 75.343407 -5693.290039
v 2389.536621 85.134132 -5693.290039
v 2389.584961 75.343407 -5693.250000
v 2389.584961 85.134132 -5693.250000
v 2389.624756 75.343407 -5693.201660
v 2389.624756 85.134132 -5693.201660
v 2389.654297 75.343407 -5693.146484
v 2389.654297 85.134132 -5693.146484
v 2389.672607 75.343407 -5693.086426
v 2389.672607 85.134132 -5693.086426
v 2389.678711 75.343407 -5693.023926
v 2389.678711 85.134132 -5693.023926
v 2389.672607 75.343407 -5692.961426
v 2389.672607 85.134132 -5692.961426
v 2389.654297 75.343407 -5692.901367
v 2389.654297 85.134132 -5692.901367
v 2389.624756 75.343407 -5692.846191
v 2389.624756 85.134132 -5692.846191
v 2389.584961 75.343407 -5692.797852
v 2389.584961 85.134132 -5692.797852
v 2389.536377 75.343407 -5692.757812
v 2389.536621 85.134132 -5692.757812
v 2389.481201 75.343407 -5692.728516
v 2389.481201 85.134132 -5692.728516
v 2389.421143 75.343407 -5692.709961
v 2389.421143 85.134132 -5692.709961
v 2389.358643 75.343407 -5692.704102
v 2389.358643 85.134132 -5692.704102
v 2389.296387 75.343407 -5692.709961
v 2389.296387 85.134132 -5692.709961
v 2389.236328 75.343407 -5692.728516
v 2389.236328 85.134132 -5692.728516
v 2389.180908 75.343407 -5692.757812
v 2389.180908 85.134132 -5692.757812
v 2389.132324 75.343407 -5692.797852
v 2389.132568 85.134132 -5692.797852
v 2389.092529 75.343407 -5692.846191
v 2389.092773 85.134132 -5692.846191
v 2389.062988 75.343407 -5692.901367
v 2389.062988 85.134132 -5692.901367
v 2389.044922 75.343407 -5692.961426
v 2389.044922 85.134132 -5692.961426
v 2389.038818 75.343407 -5693.023926
v 2389.038818 85.134132 -5693.023926
v 2389.044922 75.343407 -5693.086426
v 2389.044922 85.134132 -5693.086426
v 2389.062988 75.343407 -5693.146484
v 2389.062988 85.134132 -5693.146484
v 2389.092529 75.343407 -5693.201660
v 2389.092773 85.134132 -5693.201660
v 2389.132324 75.343407 -5693.250000
v 2389.132568 85.134132 -5693.250000
v 2389.180908 75.343407 -5693.290039
v 2389.180908 85.134132 -5693.290039
v 2389.236328 75.343407 -5693.319824
v 2389.236328 85.134132 -5693.319824
v 2389.296387 75.343407 -5693.337891
v 2389.296387 85.134132 -5693.337891
v 2425.240234 75.343407 -5693.133301
v 2425.240234 85.134132 -5693.133301
v 2425.302734 75.343407 -5693.126953
v 2425.302734 85.134132 -5693.126953
v 2425.362793 75.343407 -5693.108887
v 2425.362793 85.134132 -5693.108887
v 2425.417969 75.343407 -5693.079590
v 2425.417969 85.134132 -5693.079590
v 2425.466553 75.343407 -5693.039551
v 2425.466553 85.134132 -5693.039551
v 2425.506348 75.343407 -5692.991211
v 2425.506348 85.134132 -5692.991211
v 2425.535889 75.343407 -5692.935547
v 2425.535889 85.134132 -5692.935547
v 2425.554199 75.343407 -5692.875488
v 2425.554199 85.134132 -5692.875488
v 2425.560303 75.343407 -5692.813477
v 2425.560303 85.134132 -5692.813477
v 2425.554199 75.343407 -5692.750977
v 2425.554199 85.134132 -5692.750977
v 2425.535889 75.343407 -5692.690918
v 2425.535889 85.134132 -5692.690918
v 2425.506348 75.343407 -5692.635742
v 2425.506348 85.134132 -5692.635742
v 2425.466553 75.343407 -5692.586914
v 2425.466553 85.134132 -5692.586914
v 2425.417969 75.343407 -5692.547363
v 2425.417969 85.134132 -5692.547363
v 2425.362793 75.343407 -5692.517578
v 2425.362793 85.134132 -5692.517578
v 2425.302734 75.343407 -5692.499512
v 2425.302734 85.134132 -5692.499512
v 2425.240234 75.343407 -5692.493164
v 2425.240234 85.134132 -5692.493164
v 2425.177979 75.343407 -5692.499512
v 2425.177979 85.134132 -5692.499512
v 2425.117920 75.343407 -5692.517578
v 2425.117920 85.134132 -5692.517578
v 2425.062500 75.343407 -5692.547363
v 2425.062500 85.134132 -5692.547363
v 2425.014160 75.343407 -5692.586914
v 2425.014160 85.134132 -5692.586914
v 2424.974121 75.343407 -5692.635742
v 2424.974121 85.134132 -5692.635742
v 2424.944580 75.343407 -5692.690918
v 2424.944580 85.134132 -5692.690918
v 2424.926514 75.343407 -5692.750977
v 2424.926514 85.134132 -5692.750977
v 2424.920410 75.343407 -5692.813477
v 2424.920410 85.134132 -5692.813477
v 2424.926514 75.343407 -5692.875488
v 2424.926514 85.134132 -5692.875488
v 2424.944580 75.343407 -5692.935547
v 2424.944580 85.134132 -5692.935547
v 2424.974121 75.343407 -5692.991211
v 2424.974121 85.134132 -5692.991211
v 2425.014160 75.343407 -5693.039551
v 2425.014160 85.134132 -5693.039551
v 2425.062500 75.343407 -5693.079590
v 2425.062500 85.134132 -5693.079590
v 2425.117920 75.343407 -5693.108887
v 2425.117920 85.134132 -5693.108887
v 2425.177979 75.343407 -5693.126953
v 2425.177979 85.134132 -5693.126953
v 2416.281738 75.343407 -5693.133301
v 2416.281738 85.134132 -5693.133301
v 2416.344238 75.343407 -5693.126953
v 2416.344238 85.134132 -5693.126953
v 2416.404297 75.343407 -5693.108887
v 2416.404297 85.134132 -5693.108887
v 2416.459473 75.343407 -5693.079590
v 2416.459473 85.134132 -5693.079590
v 2416.508057 75.343407 -5693.039551
v 2416.508057 85.134132 -5693.039551
v 2416.547852 75.343407 -5692.991211
v 2416.547852 85.134132 -5692.991211
v 2416.577393 75.343407 -5692.935547
v 2416.577393 85.134132 -5692.935547
v 2416.595703 75.343407 -5692.875488
v 2416.595703 85.134132 -5692.875488
v 2416.601807 75.343407 -5692.813477
v 2416.601807 85.134132 -5692.813477
v 2416.595703 75.343407 -5692.750977
v 2416.595703 85.134132 -5692.750977
v 2416.577393 75.343407 -5692.690918
v 2416.577393 85.134132 -5692.690918
v 2416.547852 75.343407 -5692.635742
v 2416.547852 85.134132 -5692.635742
v 2416.508057 75.343407 -5692.586914
v 2416.508057 85.134132 -5692.586914
v 2416.459473 75.343407 -5692.547363
v 2416.459473 85.134132 -5692.547363
v 2416.404297 75.343407 -5692.517578
v 2416.404297 85.134132 -5692.517578
v 2416.344238 75.343407 -5692.499512
v 2416.344238 85.134132 -5692.499512
v 2416.281738 75.343407 -5692.493164
v 2416.281738 85.134132 -5692.493164
v 2416.219482 75.343407 -5692.499512
v 2416.219482 85.134132 -5692.499512
v 2416.159424 75.343407 -5692.517578
v 2416.159424 85.134132 -5692.517578
v 2416.104004 75.343407 -5692.547363
v 2416.104004 85.134132 -5692.547363
v 2416.055664 75.343407 -5692.586914
v 2416.055664 85.134132 -5692.586914
v 2416.015625 75.343407 -5692.635742
v 2416.015625 85.134132 -5692.635742
v 2415.986084 75.343407 -5692.690918
v 2415.986084 85.134132 -5692.690918
v 2415.968018 75.343407 -5692.750977
v 2415.968018 85.134132 -5692.750977
v 2415.961914 75.343407 -5692.813477
v 2415.961914 85.134132 -5692.813477
v 2415.968018 75.343407 -5692.875488
v 2415.968018 85.134132 -5692.875488
v 2415.986084 75.343407 -5692.935547
v 2415.986084 85.134132 -5692.935547
v 2416.015625 75.343407 -5692.991211
v 2416.015625 85.134132 -5692.991211
v 2416.055664 75.343407 -5693.039551
v 2416.055664 85.134132 -5693.039551
v 2416.104004 75.343407 -5693.079590
v 2416.104004 85.134132 -5693.079590
v 2416.159424 75.343407 -5693.108887
v 2416.159424 85.134132 -5693.108887
v 2416.219482 75.343407 -5693.126953
v 2416.219482 85.134132 -5693.126953
v 2443.252441 75.343407 -5693.133301
v 2443.252441 85.134132 -5693.133301
v 2443.314941 75.343407 -5693.126953
v 2443.314941 85.134132 -5693.126953
v 2443.375000 75.343407 -5693.108887
v 2443.375000 85.134132 -5693.108887
v 2443.430176 75.343407 -5693.079590
v 2443.430176 85.134132 -5693.079590
v 2443.478760 75.343407 -5693.039551
v 2443.478760 85.134132 -5693.039551
v 2443.518555 75.343407 -5692.991211
v 2443.518555 85.134132 -5692.991211
v 2443.548096 75.343407 -5692.935547
v 2443.548096 85.134132 -5692.935547
v 2443.566406 75.343407 -5692.875488
v 2443.566406 85.134132 -5692.875488
v 2443.572510 75.343407 -5692.813477
v 2443.572510 85.134132 -5692.813477
v 2443.566406 75.343407 -5692.750977
v 2443.566406 85.134132 -5692.750977
v 2443.548096 75.343407 -5692.690918
v 2443.548096 85.134132 -5692.690918
v 2443.518555 75.343407 -5692.635742
v 2443.518555 85.134132 -5692.635742
v 2443.478760 75.343407 -5692.586914
v 2443.478760 85.134132 -5692.586914
v 2443.430176 75.343407 -5692.547363
v 2443.430176 85.134132 -5692.547363
v 2443.375000 75.343407 -5692.517578
v 2443.375000 85.134132 -5692.517578
v 2443.314941 75.343407 -5692.499512
v 2443.314941 85.134132 -5692.499512
v 2443.252441 75.343407 -5692.493164
v 2443.252441 85.134132 -5692.493164
v 2443.190186 75.343407 -5692.499512
v 2443.190186 85.134132 -5692.499512
v 2443.130127 75.343407 -5692.517578
v 2443.130127 85.134132 -5692.517578
v 2443.074707 75.343407 -5692.547363
v 2443.074707 85.134132 -5692.547363
v 2443.026367 75.343407 -5692.586914
v 2443.026367 85.134132 -5692.586914
v 2442.986328 75.343407 -5692.635742
v 2442.986328 85.134132 -5692.635742
v 2442.956787 75.343407 -5692.690918
v 2442.956787 85.134132 -5692.690918
v 2442.938721 75.343407 -5692.750977
v 2442.938721 85.134132 -5692.750977
v 2442.932617 75.343407 -5692.813477
v 2442.932617 85.134132 -5692.813477
v 2442.938721 75.343407 -5692.875488
v 2442.938721 85.134132 -5692.875488
v 2442.956787 75.343407 -5692.935547
v 2442.956787 85.134132 -5692.935547
v 2442.986328 75.343407 -5692.991211
v 2442.986328 85.134132 -5692.991211
v 2443.026367 75.343407 -5693.039551
v 2443.026367 85.134132 -5693.039551
v 2443.074707 75.343407 -5693.079590
v 2443.074707 85.134132 -5693.079590
v 2443.130127 75.343407 -5693.108887
v 2443.130127 85.134132 -5693.108887
v 2443.190186 75.343407 -5693.126953
v 2443.190186 85.134132 -5693.126953
v 2452.103760 75.343407 -5693.087891
v 2452.103760 85.134132 -5693.087891
v 2452.166260 75.343407 -5693.082031
v 2452.166260 85.134132 -5693.082031
v 2452.226318 75.343407 -5693.063965
v 2452.226318 85.134132 -5693.063965
v 2452.281738 75.343407 -5693.034180
v 2452.281738 85.134132 -5693.034180
v 2452.330078 75.343407 -5692.994629
v 2452.330078 85.134132 -5692.994629
v 2452.369873 75.343407 -5692.945801
v 2452.369873 85.134132 -5692.945801
v 2452.399414 75.343407 -5692.890625
v 2452.399414 85.134132 -5692.890625
v 2452.417725 75.343407 -5692.830566
v 2452.417725 85.134132 -5692.830566
v 2452.423828 75.343407 -5692.768066
v 2452.423828 85.134132 -5692.768066
v 2452.417725 75.343407 -5692.705566
v 2452.417725 85.134132 -5692.705566
v 2452.399414 75.343407 -5692.645508
v 2452.399414 85.134132 -5692.645508
v 2452.369873 75.343407 -5692.590332
v 2452.369873 85.134132 -5692.590332
v 2452.330078 75.343407 -5692.541992
v 2452.330078 85.134132 -5692.541992
v 2452.281738 75.343407 -5692.501953
v 2452.281738 85.134132 -5692.501953
v 2452.226318 75.343407 -5692.472656
v 2452.226318 85.134132 -5692.472656
v 2452.166260 75.343407 -5692.454102
v 2452.166260 85.134132 -5692.454102
v 2452.103760 75.343407 -5692.448242
v 2452.103760 85.134132 -5692.448242
v 2452.041504 75.343407 -5692.454102
v 2452.041504 85.134132 -5692.454102
v 2451.981445 75.343407 -5692.472656
v 2451.981445 85.134132 -5692.472656
v 2451.926025 75.343407 -5692.501953
v 2451.926025 85.134132 -5692.501953
v 2451.877441 75.343407 -5692.541992
v 2451.877441 85.134132 -5692.541992
v 2451.837891 75.343407 -5692.590332
v 2451.837891 85.134132 -5692.590332
v 2451.808105 75.343407 -5692.645508
v 2451.808105 85.134132 -5692.645508
v 2451.790039 75.343407 -5692.705566
v 2451.790039 85.134132 -5692.705566
v 2451.783936 75.343407 -5692.768066
v 2451.783936 85.134132 -5692.768066
v 2451.790039 75.343407 -5692.830566
v 2451.790039 85.134132 -5692.830566
v 2451.808105 75.343407 -5692.890625
v 2451.808105 85.134132 -5692.890625
v 2451.837891 75.343407 -5692.945801
v 2451.837891 85.134132 -5692.945801
v 2451.877441 75.343407 -5692.994629
v 2451.877441 85.134132 -5692.994629
v 2451.926025 75.343407 -5693.034180
v 2451.926025 85.134132 -5693.034180
v 2451.981445 75.343407 -5693.063965
v 2451.981445 85.134132 -5693.063965
v 2452.041504 75.343407 -5693.082031
v 2452.041504 85.134132 -5693.082031
v 2461.224854 75.343407 -5693.033691
v 2461.224854 85.134132 -5693.033691
v 2461.287354 75.343407 -5693.027832
v 2461.287354 85.134132 -5693.027832
v 2461.347412 75.343407 -5693.009277
v 2461.347412 85.134132 -5693.009277
v 2461.402832 75.343407 -5692.979980
v 2461.402832 85.134132 -5692.979980
v 2461.451172 75.343407 -5692.939941
v 2461.451172 85.134132 -5692.939941
v 2461.490967 75.343407 -5692.891602
v 2461.490967 85.134132 -5692.891602
v 2461.520508 75.343407 -5692.836426
v 2461.520508 85.134132 -5692.836426
v 2461.538818 75.343407 -5692.776367
v 2461.538818 85.134132 -5692.776367
v 2461.544922 75.343407 -5692.713867
v 2461.544922 85.134132 -5692.713867
v 2461.538818 75.343407 -5692.651367
v 2461.538818 85.134132 -5692.651367
v 2461.520508 75.343407 -5692.591309
v 2461.520508 85.134132 -5692.591309
v 2461.490967 75.343407 -5692.536133
v 2461.490967 85.134132 -5692.536133
v 2461.451172 75.343407 -5692.487305
v 2461.451172 85.134132 -5692.487305
v 2461.402832 75.343407 -5692.447754
v 2461.402832 85.134132 -5692.447754
v 2461.347412 75.343407 -5692.417969
v 2461.347412 85.134132 -5692.417969
v 2461.287354 75.343407 -5692.399902
v 2461.287354 85.134132 -5692.399902
v 2461.224854 75.343407 -5692.394043
v 2461.224854 85.134132 -5692.394043
v 2461.162598 75.343407 -5692.399902
v 2461.162598 85.134132 -5692.399902
v 2461.102539 75.343407 -5692.417969
v 2461.102539 85.134132 -5692.417969
v 2461.047119 75.343407 -5692.447754
v 2461.047119 85.134132 -5692.447754
v 2460.998535 75.343407 -5692.487305
v 2460.998535 85.134132 -5692.487305
v 2460.958984 75.343407 -5692.536133
v 2460.958984 85.134132 -5692.536133
v 2460.929199 75.343407 -5692.591309
v 2460.929199 85.134132 -5692.591309
v 2460.911133 75.343407 -5692.651367
v 2460.911133 85.134132 -5692.651367
v 2460.905029 75.343407 -5692.713867
v 2460.905029 85.134132 -5692.713867
v 2460.911133 75.343407 -5692.776367
v 2460.911133 85.134132 -5692.776367
v 2460.929199 75.343407 -5692.836426
v 2460.929199 85.134132 -5692.836426
v 2460.958984 75.343407 -5692.891602
v 2460.958984 85.134132 -5692.891602
v 2460.998535 75.343407 -5692.939941
v 2460.998535 85.134132 -5692.939941
v 2461.047119 75.343407 -5692.979980
v 2461.047119 85.134132 -5692.979980
v 2461.102539 75.343407 -5693.009277
v 2461.102539 85.134132 -5693.009277
v 2461.162598 75.343407 -5693.027832
v 2461.162598 85.134132 -5693.027832
vn -0.0000 -1.0000 -0.0000
vn -1.0000 -0.0000 -0.0000
vn -0.0000 0.9999 -0.0138
vn 1.0000 -0.0000 -0.0000
vn -0.0000 -0.1117 0.9937
vn -0.0000 -0.1130 -0.9936
vn -0.0980 -0.0000 0.9952
vn -0.2903 -0.0000 0.9569
vn -0.4714 -0.0000 0.8819
vn -0.6344 -0.0000 0.7730
vn -0.7730 -0.0000 0.6344
vn -0.8819 -0.0000 0.4714
vn -0.9569 -0.0000 0.2903
vn -0.9952 -0.0000 0.0980
vn -0.9952 -0.0000 -0.0980
vn -0.9569 -0.0000 -0.2903
vn -0.8819 -0.0000 -0.4714
vn -0.7730 -0.0000 -0.6344
vn -0.6344 -0.0000 -0.7730
vn -0.4714 -0.0000 -0.8819
vn -0.2903 -0.0000 -0.9569
vn -0.0980 -0.0000 -0.9952
vn 0.0980 -0.0000 -0.9952
vn 0.2903 -0.0000 -0.9569
vn 0.4714 -0.0000 -0.8819
vn 0.6344 -0.0000 -0.7730
vn 0.7730 -0.0000 -0.6344
vn 0.8819 -0.0000 -0.4714
vn 0.9569 -0.0000 -0.2903
vn 0.9952 -0.0000 -0.0980
vn 0.9952 -0.0000 0.0980
vn 0.9569 -0.0000 0.2903
vn 0.8819 -0.0000 0.4714
vn 0.7730 -0.0000 0.6344
vn 0.6344 -0.0000 0.7730
vn 0.4714 -0.0000 0.8819
vn 0.2903 -0.0000 0.9569
vn 0.0980 -0.0000 0.9952
vn -0.0000 1.0000 -0.0000
vn -0.9569 -0.0000 0.2904
vn -0.9569 -0.0000 -0.2904
vn 0.9569 -0.0000 -0.2904
vn 0.9569 -0.0000 0.2904
vn -0.9570 -0.0000 0.2902
vn -0.9570 -0.0000 -0.2902
vn 0.9570 -0.0000 -0.2902
vn 0.9570 -0.0000 0.2902
vn -0.4713 -0.0000 0.8819
vn -0.4713 -0.0000 -0.8819
vn 0.4713 -0.0000 -0.8819
vn 0.9952 -0.0000 -0.0979
vn 0.9952 -0.0000 0.0979
vn 0.4713 -0.0000 0.8819
vt 0.375000 0.000000
vt 0.625000 0.000000
vt 0.625000 0.250000
vt 0.375000 0.250000
vt 0.625000 0.500000
vt 0.375000 0.500000
vt 0.625000 0.750000
vt 0.375000 0.750000
vt 0.625000 1.000000
vt 0.375000 1.000000
vt 0.125000 0.500000
vt 0.125000 0.750000
vt 0.875000 0.500000
vt 0.875000 0.750000
vt 1.000000 0.500000
vt 1.000000 1.000000
vt 0.968750 1.000000
vt 0.968750 0.500000
vt 0.937500 1.000000
vt 0.937500 0.500000
vt 0.906250 1.000000
vt 0.906250 0.500000
vt 0.875000 1.000000
vt 0.843750 1.000000
vt 0.843750 0.500000
vt 0.812500 1.000000
vt 0.812500 0.500000
vt 0.781250 1.000000
vt 0.781250 0.500000
vt 0.750000 1.000000
vt 0.750000 0.500000
vt 0.718750 1.000000
vt 0.718750 0.500000
vt 0.687500 1.000000
vt 0.687500 0.500000
vt 0.656250 1.000000
vt 0.656250 0.500000
vt 0.593750 1.000000
vt 0.593750 0.500000
vt 0.562500 1.000000
vt 0.562500 0.500000
vt 0.531250 1.000000
vt 0.531250 0.500000
vt 0.500000 1.000000
vt 0.500000 0.500000
vt 0.468750 1.000000
vt 0.468750 0.500000
vt 0.437500 1.000000
vt 0.437500 0.500000
vt 0.406250 1.000000
vt 0.406250 0.500000
vt 0.343750 1.000000
vt 0.343750 0.500000
vt 0.312500 1.000000
vt 0.312500 0.500000
vt 0.281250 1.000000
vt 0.281250 0.500000
vt 0.250000 1.000000
vt 0.250000 0.500000
vt 0.218750 1.000000
vt 0.218750 0.500000
vt 0.187500 1.000000
vt 0.187500 0.500000
vt 0.156250 1.000000
vt 0.156250 0.500000
vt 0.125000 1.000000
vt 0.093750 1.000000
vt 0.093750 0.500000
vt 0.062500 1.000000
vt 0.062500 0.500000
vt 0.296822 0.485388
vt 0.250000 0.490000
vt 0.203178 0.485388
vt 0.158156 0.471731
vt 0.116663 0.449553
vt 0.080294 0.419706
vt 0.050447 0.383337
vt 0.028269 0.341844
vt 0.014612 0.296822
vt 0.010000 0.250000
vt 0.014612 0.203178
vt 0.028269 0.158156
vt 0.050447 0.116663
vt 0.080294 0.080294
vt 0.116663 0.050447
vt 0.158156 0.028269
vt 0.203178 0.014612
vt 0.250000 0.010000
vt 0.296822 0.014612
vt 0.341844 0.028269
vt 0.383337 0.050447
vt 0.419706 0.080294
vt 0.449553 0.116663
vt 0.471731 0.158156
vt 0.485388 0.203178
vt 0.490000 0.250000
vt 0.485388 0.296822
vt 0.471731 0.341844
vt 0.449553 0.383337
vt 0.419706 0.419706
vt 0.383337 0.449553
vt 0.341844 0.471731
vt 0.031250 1.000000
vt 0.031250 0.500000
vt 0.000000 1.000000
vt 0.000000 0.500000
vt 0.750000 0.490000
vt 0.796822 0.485388
vt 0.841844 0.471731
vt 0.883337 0.449553
vt 0.919706 0.419706
vt 0.949553 0.383337
vt 0.971731 0.341844
vt 0.985388 0.296822
vt 0.990000 0.250000
vt 0.985388 0.203178
vt 0.971731 0.158156
vt 0.949553 0.116663
vt 0.919706 0.080294
vt 0.883337 0.050447
vt 0.841844 0.028269
vt 0.796822 0.014612
vt 0.750000 0.010000
vt 0.703178 0.014612
vt 0.658156 0.028269
vt 0.616663 0.050447
vt 0.580294 0.080294
vt 0.550447 0.116663
vt 0.528269 0.158156
vt 0.514612 0.203178
vt 0.510000 0.250000
vt 0.514612 0.296822
vt 0.528269 0.341844
vt 0.550447 0.383337
vt 0.580294 0.419706
vt 0.616663 0.449553
vt 0.658156 0.471731
vt 0.703178 0.485388
s 0
f 2105/305/119 2107/308/119 2108/307/119 2106/306/119
f 2107/308/120 2111/310/120 2112/309/120 2108/307/120
f 2111/310/121 2109/312/121 2110/311/121 2112/309/121
f 2109/312/122 2105/314/122 2106/313/122 2110/311/122
f 2107/315/123 2105/316/123 2109/312/123 2111/310/123
f 2112/309/124 2110/311/124 2106/318/124 2108/317/124
f 2113/319/125 2115/322/125 2116/321/125 2114/320/125
f 2115/322/126 2117/324/126 2118/323/126 2116/321/126
f 2117/324/127 2119/326/127 2120/325/127 2118/323/127
f 2119/326/128 2121/317/128 2122/327/128 2120/325/128
f 2121/317/129 2123/329/129 2124/328/129 2122/327/129
f 2123/329/130 2125/331/130 2126/330/130 2124/328/130
f 2125/331/131 2127/333/131 2128/332/131 2126/330/131
f 2127/333/132 2129/335/132 2130/334/132 2128/332/132
f 2129/335/133 2131/337/133 2132/336/133 2130/334/133
f 2131/337/134 2133/339/134 2134/338/134 2132/336/134
f 2133/339/135 2135/341/135 2136/340/135 2134/338/135
f 2135/341/136 2137/309/136 2138/313/136 2136/340/136
f 2137/309/137 2139/343/137 2140/342/137 2138/313/137
f 2139/343/138 2141/345/138 2142/344/138 2140/342/138
f 2141/345/139 2143/347/139 2144/346/139 2142/344/139
f 2143/347/140 2145/349/140 2146/348/140 2144/346/140
f 2145/349/141 2147/351/141 2148/350/141 2146/348/141
f 2147/351/142 2149/353/142 2150/352/142 2148/350/142
f 2149/353/143 2151/355/143 2152/354/143 2150/352/143
f 2151/355/144 2153/310/144 2154/314/144 2152/354/144
f 2153/310/145 2155/357/145 2156/356/145 2154/314/145
f 2155/357/146 2157/359/146 2158/358/146 2156/356/146
f 2157/359/147 2159/361/147 2160/360/147 2158/358/147
f 2159/361/148 2161/363/148 2162/362/148 2160/360/148
f 2161/363/149 2163/365/149 2164/364/149 2162/362/149
f 2163/365/150 2165/367/150 2166/366/150 2164/364/150
f 2165/367/151 2167/369/151 2168/368/151 2166/366/151
f 2167/369/152 2169/315/152 2170/370/152 2168/368/152
f 2169/315/153 2171/372/153 2172/371/153 2170/370/153
f 2171/372/154 2173/374/154 2174/373/154 2172/371/154
f 2116/375/119 2118/406/119 2120/405/119 2122/404/119 2124/403/119 2126/402/119 2128/401/119 2130/400/119 2132/399/119 2134/398/119 2136/397/119 2138/396/119 2140/395/119 2142/394/119 2144/393/119 2146/392/119 2148/391/119 2150/390/119 2152/389/119 2154/388/119 2156/387/119 2158/386/119 2160/385/119 2162/384/119 2164/383/119 2166/382/119 2168/381/119 2170/380/119 2172/379/119 2174/378/119 2176/377/119 2114/376/119
f 2173/374/155 2175/408/155 2176/407/155 2174/373/155
f 2175/408/156 2113/410/156 2114/409/156 2176/407/156
f 2113/411/157 2175/442/157 2173/441/157 2171/440/157 2169/439/157 2167/438/157 2165/437/157 2163/436/157 2161/435/157 2159/434/157 2157/433/157 2155/432/157 2153/431/157 2151/430/157 2149/429/157 2147/428/157 2145/427/157 2143/426/157 2141/425/157 2139/424/157 2137/423/157 2135/422/157 2133/421/157 2131/420/157 2129/419/157 2127/418/157 2125/417/157 2123/416/157 2121/415/157 2119/414/157 2117/413/157 2115/412/157
f 2177/319/125 2179/322/125 2180/321/125 2178/320/125
f 2179/322/126 2181/324/126 2182/323/126 2180/321/126
f 2181/324/127 2183/326/127 2184/325/127 2182/323/127
f 2183/326/128 2185/317/128 2186/327/128 2184/325/128
f 2185/317/129 2187/329/129 2188/328/129 2186/327/129
f 2187/329/130 2189/331/130 2190/330/130 2188/328/130
f 2189/331/131 2191/333/131 2192/332/131 2190/330/131
f 2191/333/132 2193/335/132 2194/334/132 2192/332/132
f 2193/335/133 2195/337/133 2196/336/133 2194/334/133
f 2195/337/134 2197/339/134 2198/338/134 2196/336/134
f 2197/339/135 2199/341/135 2200/340/135 2198/338/135
f 2199/341/136 2201/309/136 2202/313/136 2200/340/136
f 2201/309/137 2203/343/137 2204/342/137 2202/313/137
f 2203/343/138 2205/345/138 2206/344/138 2204/342/138
f 2205/345/139 2207/347/139 2208/346/139 2206/344/139
f 2207/347/140 2209/349/140 2210/348/140 2208/346/140
f 2209/349/141 2211/351/141 2212/350/141 2210/348/141
f 2211/351/142 2213/353/142 2214/352/142 2212/350/142
f 2213/353/143 2215/355/143 2216/354/143 2214/352/143
f 2215/355/144 2217/310/144 2218/314/144 2216/354/144
f 2217/310/145 2219/357/145 2220/356/145 2218/314/145
f 2219/357/146 2221/359/146 2222/358/146 2220/356/146
f 2221/359/147 2223/361/147 2224/360/147 2222/358/147
f 2223/361/148 2225/363/148 2226/362/148 2224/360/148
f 2225/363/149 2227/365/149 2228/364/149 2226/362/149
f 2227/365/150 2229/367/150 2230/366/150 2228/364/150
f 2229/367/151 2231/369/151 2232/368/151 2230/366/151
f 2231/369/152 2233/315/152 2234/370/152 2232/368/152
f 2233/315/153 2235/372/153 2236/371/153 2234/370/153
f 2235/372/154 2237/374/154 2238/373/154 2236/371/154
f 2180/375/119 2182/406/119 2184/405/119 2186/404/119 2188/403/119 2190/402/119 2192/401/119 2194/400/119 2196/399/119 2198/398/119 2200/397/119 2202/396/119 2204/395/119 2206/394/119 2208/393/119 2210/392/119 2212/391/119 2214/390/119 2216/389/119 2218/388/119 2220/387/119 2222/386/119 2224/385/119 2226/384/119 2228/383/119 2230/382/119 2232/381/119 2234/380/119 2236/379/119 2238/378/119 2240/377/119 2178/376/119
f 2237/374/155 2239/408/155 2240/407/155 2238/373/155
f 2239/408/156 2177/410/156 2178/409/156 2240/407/156
f 2177/411/157 2239/442/157 2237/441/157 2235/440/157 2233/439/157 2231/438/157 2229/437/157 2227/436/157 2225/435/157 2223/434/157 2221/433/157 2219/432/157 2217/431/157 2215/430/157 2213/429/157 2211/428/157 2209/427/157 2207/426/157 2205/425/157 2203/424/157 2201/423/157 2199/422/157 2197/421/157 2195/420/157 2193/419/157 2191/418/157 2189/417/157 2187/416/157 2185/415/157 2183/414/157 2181/413/157 2179/412/157
f 2241/319/125 2243/322/125 2244/321/125 2242/320/125
f 2243/322/126 2245/324/126 2246/323/126 2244/321/126
f 2245/324/127 2247/326/127 2248/325/127 2246/323/127
f 2247/326/128 2249/317/128 2250/327/128 2248/325/128
f 2249/317/129 2251/329/129 2252/328/129 2250/327/129
f 2251/329/130 2253/331/130 2254/330/130 2252/328/130
f 2253/331/158 2255/333/158 2256/332/158 2254/330/158
f 2255/333/132 2257/335/132 2258/334/132 2256/332/132
f 2257/335/133 2259/337/133 2260/336/133 2258/334/133
f 2259/337/159 2261/339/159 2262/338/159 2260/336/159
f 2261/339/135 2263/341/135 2264/340/135 2262/338/135
f 2263/341/136 2265/309/136 2266/313/136 2264/340/136
f 2265/309/137 2267/343/137 2268/342/137 2266/313/137
f 2267/343/138 2269/345/138 2270/344/138 2268/342/138
f 2269/345/139 2271/347/139 2272/346/139 2270/344/139
f 2271/347/140 2273/349/140 2274/348/140 2272/346/140
f 2273/349/141 2275/351/141 2276/350/141 2274/348/141
f 2275/351/142 2277/353/142 2278/352/142 2276/350/142
f 2277/353/143 2279/355/143 2280/354/143 2278/352/143
f 2279/355/144 2281/310/144 2282/314/144 2280/354/144
f 2281/310/145 2283/357/145 2284/356/145 2282/314/145
f 2283/357/146 2285/359/146 2286/358/146 2284/356/146
f 2285/359/160 2287/361/160 2288/360/160 2286/358/160
f 2287/361/148 2289/363/148 2290/362/148 2288/360/148
f 2289/363/149 2291/365/149 2292/364/149 2290/362/149
f 2291/365/161 2293/367/161 2294/366/161 2292/364/161
f 2293/367/151 2295/369/151 2296/368/151 2294/366/151
f 2295/369/152 2297/315/152 2298/370/152 2296/368/152
f 2297/315/153 2299/372/153 2300/371/153 2298/370/153
f 2299/372/154 2301/374/154 2302/373/154 2300/371/154
f 2244/375/119 2246/406/119 2248/405/119 2250/404/119 2252/403/119 2254/402/119 2256/401/119 2258/400/119 2260/399/119 2262/398/119 2264/397/119 2266/396/119 2268/395/119 2270/394/119 2272/393/119 2274/392/119 2276/391/119 2278/390/119 2280/389/119 2282/388/119 2284/387/119 2286/386/119 2288/385/119 2290/384/119 2292/383/119 2294/382/119 2296/381/119 2298/380/119 2300/379/119 2302/378/119 2304/377/119 2242/376/119
f 2301/374/155 2303/408/155 2304/407/155 2302/373/155
f 2303/408/156 2241/410/156 2242/409/156 2304/407/156
f 2241/411/157 2303/442/157 2301/441/157 2299/440/157 2297/439/157 2295/438/157 2293/437/157 2291/436/157 2289/435/157 2287/434/157 2285/433/157 2283/432/157 2281/431/157 2279/430/157 2277/429/157 2275/428/157 2273/427/157 2271/426/157 2269/425/157 2267/424/157 2265/423/157 2263/422/157 2261/421/157 2259/420/157 2257/419/157 2255/418/157 2253/417/157 2251/416/157 2249/415/157 2247/414/157 2245/413/157 2243/412/157
f 2305/319/125 2307/322/125 2308/321/125 2306/320/125
f 2307/322/126 2309/324/126 2310/323/126 2308/321/126
f 2309/324/127 2311/326/127 2312/325/127 2310/323/127
f 2311/326/128 2313/317/128 2314/327/128 2312/325/128
f 2313/317/129 2315/329/129 2316/328/129 2314/327/129
f 2315/329/130 2317/331/130 2318/330/130 2316/328/130
f 2317/331/131 2319/333/131 2320/332/131 2318/330/131
f 2319/333/132 2321/335/132 2322/334/132 2320/332/132
f 2321/335/133 2323/337/133 2324/336/133 2322/334/133
f 2323/337/134 2325/339/134 2326/338/134 2324/336/134
f 2325/339/135 2327/341/135 2328/340/135 2326/338/135
f 2327/341/136 2329/309/136 2330/313/136 2328/340/136
f 2329/309/137 2331/343/137 2332/342/137 2330/313/137
f 2331/343/138 2333/345/138 2334/344/138 2332/342/138
f 2333/345/139 2335/347/139 2336/346/139 2334/344/139
f 2335/347/140 2337/349/140 2338/348/140 2336/346/140
f 2337/349/141 2339/351/141 2340/350/141 2338/348/141
f 2339/351/142 2341/353/142 2342/352/142 2340/350/142
f 2341/353/143 2343/355/143 2344/354/143 2342/352/143
f 2343/355/144 2345/310/144 2346/314/144 2344/354/144
f 2345/310/145 2347/357/145 2348/356/145 2346/314/145
f 2347/357/146 2349/359/146 2350/358/146 2348/356/146
f 2349/359/147 2351/361/147 2352/360/147 2350/358/147
f 2351/361/148 2353/363/148 2354/362/148 2352/360/148
f 2353/363/149 2355/365/149 2356/364/149 2354/362/149
f 2355/365/150 2357/367/150 2358/366/150 2356/364/150
f 2357/367/151 2359/369/151 2360/368/151 2358/366/151
f 2359/369/152 2361/315/152 2362/370/152 2360/368/152
f 2361/315/153 2363/372/153 2364/371/153 2362/370/153
f 2363/372/154 2365/374/154 2366/373/154 2364/371/154
f 2308/375/119 2310/406/119 2312/405/119 2314/404/119 2316/403/119 2318/402/119 2320/401/119 2322/400/119 2324/399/119 2326/398/119 2328/397/119 2330/396/119 2332/395/119 2334/394/119 2336/393/119 2338/392/119 2340/391/119 2342/390/119 2344/389/119 2346/388/119 2348/387/119 2350/386/119 2352/385/119 2354/384/119 2356/383/119 2358/382/119 2360/381/119 2362/380/119 2364/379/119 2366/378/119 2368/377/119 2306/376/119
f 2365/374/155 2367/408/155 2368/407/155 2366/373/155
f 2367/408/156 2305/410/156 2306/409/156 2368/407/156
f 2305/411/157 2367/442/157 2365/441/157 2363/440/157 2361/439/157 2359/438/157 2357/437/157 2355/436/157 2353/435/157 2351/434/157 2349/433/157 2347/432/157 2345/431/157 2343/430/157 2341/429/157 2339/428/157 2337/427/157 2335/426/157 2333/425/157 2331/424/157 2329/423/157 2327/422/157 2325/421/157 2323/420/157 2321/419/157 2319/418/157 2317/417/157 2315/416/157 2313/415/157 2311/414/157 2309/413/157 2307/412/157
f 2369/319/125 2371/322/125 2372/321/125 2370/320/125
f 2371/322/126 2373/324/126 2374/323/126 2372/321/126
f 2373/324/127 2375/326/127 2376/325/127 2374/323/127
f 2375/326/128 2377/317/128 2378/327/128 2376/325/128
f 2377/317/129 2379/329/129 2380/328/129 2378/327/129
f 2379/329/130 2381/331/130 2382/330/130 2380/328/130
f 2381/331/158 2383/333/158 2384/332/158 2382/330/158
f 2383/333/132 2385/335/132 2386/334/132 2384/332/132
f 2385/335/133 2387/337/133 2388/336/133 2386/334/133
f 2387/337/159 2389/339/159 2390/338/159 2388/336/159
f 2389/339/135 2391/341/135 2392/340/135 2390/338/135
f 2391/341/136 2393/309/136 2394/313/136 2392/340/136
f 2393/309/137 2395/343/137 2396/342/137 2394/313/137
f 2395/343/138 2397/345/138 2398/344/138 2396/342/138
f 2397/345/139 2399/347/139 2400/346/139 2398/344/139
f 2399/347/140 2401/349/140 2402/348/140 2400/346/140
f 2401/349/141 2403/351/141 2404/350/141 2402/348/141
f 2403/351/142 2405/353/142 2406/352/142 2404/350/142
f 2405/353/143 2407/355/143 2408/354/143 2406/352/143
f 2407/355/144 2409/310/144 2410/314/144 2408/354/144
f 2409/310/145 2411/357/145 2412/356/145 2410/314/145
f 2411/357/146 2413/359/146 2414/358/146 2412/356/146
f 2413/359/160 2415/361/160 2416/360/160 2414/358/160
f 2415/361/148 2417/363/148 2418/362/148 2416/360/148
f 2417/363/149 2419/365/149 2420/364/149 2418/362/149
f 2419/365/161 2421/367/161 2422/366/161 2420/364/161
f 2421/367/151 2423/369/151 2424/368/151 2422/366/151
f 2423/369/152 2425/315/152 2426/370/152 2424/368/152
f 2425/315/153 2427/372/153 2428/371/153 2426/370/153
f 2427/372/154 2429/374/154 2430/373/154 2428/371/154
f 2372/375/119 2374/406/119 2376/405/119 2378/404/119 2380/403/119 2382/402/119 2384/401/119 2386/400/119 2388/399/119 2390/398/119 2392/397/119 2394/396/119 2396/395/119 2398/394/119 2400/393/119 2402/392/119 2404/391/119 2406/390/119 2408/389/119 2410/388/119 2412/387/119 2414/386/119 2416/385/119 2418/384/119 2420/383/119 2422/382/119 2424/381/119 2426/380/119 2428/379/119 2430/378/119 2432/377/119 2370/376/119
f 2429/374/155 2431/408/155 2432/407/155 2430/373/155
f 2431/408/156 2369/410/156 2370/409/156 2432/407/156
f 2369/411/157 2431/442/157 2429/441/157 2427/440/157 2425/439/157 2423/438/157 2421/437/157 2419/436/157 2417/435/157 2415/434/157 2413/433/157 2411/432/157 2409/431/157 2407/430/157 2405/429/157 2403/428/157 2401/427/157 2399/426/157 2397/425/157 2395/424/157 2393/423/157 2391/422/157 2389/421/157 2387/420/157 2385/419/157 2383/418/157 2381/417/157 2379/416/157 2377/415/157 2375/414/157 2373/413/157 2371/412/157
f 2433/319/125 2435/322/125 2436/321/125 2434/320/125
f 2435/322/126 2437/324/126 2438/323/126 2436/321/126
f 2437/324/127 2439/326/127 2440/325/127 2438/323/127
f 2439/326/128 2441/317/128 2442/327/128 2440/325/128
f 2441/317/129 2443/329/129 2444/328/129 2442/327/129
f 2443/329/130 2445/331/130 2446/330/130 2444/328/130
f 2445/331/162 2447/333/162 2448/332/162 2446/330/162
f 2447/333/132 2449/335/132 2450/334/132 2448/332/132
f 2449/335/133 2451/337/133 2452/336/133 2450/334/133
f 2451/337/163 2453/339/163 2454/338/163 2452/336/163
f 2453/339/135 2455/341/135 2456/340/135 2454/338/135
f 2455/341/136 2457/309/136 2458/313/136 2456/340/136
f 2457/309/137 2459/343/137 2460/342/137 2458/313/137
f 2459/343/138 2461/345/138 2462/344/138 2460/342/138
f 2461/345/139 2463/347/139 2464/346/139 2462/344/139
f 2463/347/140 2465/349/140 2466/348/140 2464/346/140
f 2465/349/141 2467/351/141 2468/350/141 2466/348/141
f 2467/351/142 2469/353/142 2470/352/142 2468/350/142
f 2469/353/143 2471/355/143 2472/354/143 2470/352/143
f 2471/355/144 2473/310/144 2474/314/144 2472/354/144
f 2473/310/145 2475/357/145 2476/356/145 2474/314/145
f 2475/357/146 2477/359/146 2478/358/146 2476/356/146
f 2477/359/164 2479/361/164 2480/360/164 2478/358/164
f 2479/361/148 2481/363/148 2482/362/148 2480/360/148
f 2481/363/149 2483/365/149 2484/364/149 2482/362/149
f 2483/365/165 2485/367/165 2486/366/165 2484/364/165
f 2485/367/151 2487/369/151 2488/368/151 2486/366/151
f 2487/369/152 2489/315/152 2490/370/152 2488/368/152
f 2489/315/153 2491/372/153 2492/371/153 2490/370/153
f 2491/372/154 2493/374/154 2494/373/154 2492/371/154
f 2436/375/119 2438/406/119 2440/405/119 2442/404/119 2444/403/119 2446/402/119 2448/401/119 2450/400/119 2452/399/119 2454/398/119 2456/397/119 2458/396/119 2460/395/119 2462/394/119 2464/393/119 2466/392/119 2468/391/119 2470/390/119 2472/389/119 2474/388/119 2476/387/119 2478/386/119 2480/385/119 2482/384/119 2484/383/119 2486/382/119 2488/381/119 2490/380/119 2492/379/119 2494/378/119 2496/377/119 2434/376/119
f 2493/374/155 2495/408/155 2496/407/155 2494/373/155
f 2495/408/156 2433/410/156 2434/409/156 2496/407/156
f 2433/411/157 2495/442/157 2493/441/157 2491/440/157 2489/439/157 2487/438/157 2485/437/157 2483/436/157 2481/435/157 2479/434/157 2477/433/157 2475/432/157 2473/431/157 2471/430/157 2469/429/157 2467/428/157 2465/427/157 2463/426/157 2461/425/157 2459/424/157 2457/423/157 2455/422/157 2453/421/157 2451/420/157 2449/419/157 2447/418/157 2445/417/157 2443/416/157 2441/415/157 2439/414/157 2437/413/157 2435/412/157
f 2497/319/125 2499/322/125 2500/321/125 2498/320/125
f 2499/322/126 2501/324/126 2502/323/126 2500/321/126
f 2501/324/127 2503/326/127 2504/325/127 2502/323/127
f 2503/326/128 2505/317/128 2506/327/128 2504/325/128
f 2505/317/129 2507/329/129 2508/328/129 2506/327/129
f 2507/329/130 2509/331/130 2510/330/130 2508/328/130
f 2509/331/162 2511/333/162 2512/332/162 2510/330/162
f 2511/333/132 2513/335/132 2514/334/132 2512/332/132
f 2513/335/133 2515/337/133 2516/336/133 2514/334/133
f 2515/337/163 2517/339/163 2518/338/163 2516/336/163
f 2517/339/135 2519/341/135 2520/340/135 2518/338/135
f 2519/341/136 2521/309/136 2522/313/136 2520/340/136
f 2521/309/137 2523/343/137 2524/342/137 2522/313/137
f 2523/343/138 2525/345/138 2526/344/138 2524/342/138
f 2525/345/139 2527/347/139 2528/346/139 2526/344/139
f 2527/347/140 2529/349/140 2530/348/140 2528/346/140
f 2529/349/141 2531/351/141 2532/350/141 2530/348/141
f 2531/351/142 2533/353/142 2534/352/142 2532/350/142
f 2533/353/143 2535/355/143 2536/354/143 2534/352/143
f 2535/355/144 2537/310/144 2538/314/144 2536/354/144
f 2537/310/145 2539/357/145 2540/356/145 2538/314/145
f 2539/357/146 2541/359/146 2542/358/146 2540/356/146
f 2541/359/147 2543/361/147 2544/360/147 2542/358/147
f 2543/361/148 2545/363/148 2546/362/148 2544/360/148
f 2545/363/149 2547/365/149 2548/364/149 2546/362/149
f 2547/365/150 2549/367/150 2550/366/150 2548/364/150
f 2549/367/151 2551/369/151 2552/368/151 2550/366/151
f 2551/369/152 2553/315/152 2554/370/152 2552/368/152
f 2553/315/153 2555/372/153 2556/371/153 2554/370/153
f 2555/372/154 2557/374/154 2558/373/154 2556/371/154
f 2500/375/119 2502/406/119 2504/405/119 2506/404/119 2508/403/119 2510/402/119 2512/401/119 2514/400/119 2516/399/119 2518/398/119 2520/397/119 2522/396/119 2524/395/119 2526/394/119 2528/393/119 2530/392/119 2532/391/119 2534/390/119 2536/389/119 2538/388/119 2540/387/119 2542/386/119 2544/385/119 2546/384/119 2548/383/119 2550/382/119 2552/381/119 2554/380/119 2556/379/119 2558/378/119 2560/377/119 2498/376/119
f 2557/374/155 2559/408/155 2560/407/155 2558/373/155
f 2559/408/156 2497/410/156 2498/409/156 2560/407/156
f 2497/411/157 2559/442/157 2557/441/157 2555/440/157 2553/439/157 2551/438/157 2549/437/157 2547/436/157 2545/435/157 2543/434/157 2541/433/157 2539/432/157 2537/431/157 2535/430/157 2533/429/157 2531/428/157 2529/427/157 2527/426/157 2525/425/157 2523/424/157 2521/423/157 2519/422/157 2517/421/157 2515/420/157 2513/419/157 2511/418/157 2509/417/157 2507/416/157 2505/415/157 2503/414/157 2501/413/157 2499/412/157
f 2561/319/125 2563/322/125 2564/321/125 2562/320/125
f 2563/322/126 2565/324/126 2566/323/126 2564/321/126
f 2565/324/127 2567/326/127 2568/325/127 2566/323/127
f 2567/326/128 2569/317/128 2570/327/128 2568/325/128
f 2569/317/129 2571/329/129 2572/328/129 2570/327/129
f 2571/329/130 2573/331/130 2574/330/130 2572/328/130
f 2573/331/162 2575/333/162 2576/332/162 2574/330/162
f 2575/333/132 2577/335/132 2578/334/132 2576/332/132
f 2577/335/133 2579/337/133 2580/336/133 2578/334/133
f 2579/337/163 2581/339/163 2582/338/163 2580/336/163
f 2581/339/135 2583/341/135 2584/340/135 2582/338/135
f 2583/341/136 2585/309/136 2586/313/136 2584/340/136
f 2585/309/137 2587/343/137 2588/342/137 2586/313/137
f 2587/343/138 2589/345/138 2590/344/138 2588/342/138
f 2589/345/139 2591/347/139 2592/346/139 2590/344/139
f 2591/347/140 2593/349/140 2594/348/140 2592/346/140
f 2593/349/141 2595/351/141 2596/350/141 2594/348/141
f 2595/351/142 2597/353/142 2598/352/142 2596/350/142
f 2597/353/143 2599/355/143 2600/354/143 2598/352/143
f 2599/355/144 2601/310/144 2602/314/144 2600/354/144
f 2601/310/145 2603/357/145 2604/356/145 2602/314/145
f 2603/357/146 2605/359/146 2606/358/146 2604/356/146
f 2605/359/164 2607/361/164 2608/360/164 2606/358/164
f 2607/361/148 2609/363/148 2610/362/148 2608/360/148
f 2609/363/149 2611/365/149 2612/364/149 2610/362/149
f 2611/365/165 2613/367/165 2614/366/165 2612/364/165
f 2613/367/151 2615/369/151 2616/368/151 2614/366/151
f 2615/369/152 2617/315/152 2618/370/152 2616/368/152
f 2617/315/153 2619/372/153 2620/371/153 2618/370/153
f 2619/372/154 2621/374/154 2622/373/154 2620/371/154
f 2564/375/119 2566/406/119 2568/405/119 2570/404/119 2572/403/119 2574/402/119 2576/401/119 2578/400/119 2580/399/119 2582/398/119 2584/397/119 2586/396/119 2588/395/119 2590/394/119 2592/393/119 2594/392/119 2596/391/119 2598/390/119 2600/389/119 2602/388/119 2604/387/119 2606/386/119 2608/385/119 2610/384/119 2612/383/119 2614/382/119 2616/381/119 2618/380/119 2620/379/119 2622/378/119 2624/377/119 2562/376/119
f 2621/374/155 2623/408/155 2624/407/155 2622/373/155
f 2623/408/156 2561/410/156 2562/409/156 2624/407/156
f 2561/411/157 2623/442/157 2621/441/157 2619/440/157 2617/439/157 2615/438/157 2613/437/157 2611/436/157 2609/435/157 2607/434/157 2605/433/157 2603/432/157 2601/431/157 2599/430/157 2597/429/157 2595/428/157 2593/427/157 2591/426/157 2589/425/157 2587/424/157 2585/423/157 2583/422/157 2581/421/157 2579/420/157 2577/419/157 2575/418/157 2573/417/157 2571/416/157 2569/415/157 2567/414/157 2565/413/157 2563/412/157
f 2625/319/125 2627/322/125 2628/321/125 2626/320/125
f 2627/322/126 2629/324/126 2630/323/126 2628/321/126
f 2629/324/127 2631/326/127 2632/325/127 2630/323/127
f 2631/326/128 2633/317/128 2634/327/128 2632/325/128
f 2633/317/129 2635/329/129 2636/328/129 2634/327/129
f 2635/329/130 2637/331/130 2638/330/130 2636/328/130
f 2637/331/131 2639/333/131 2640/332/131 2638/330/131
f 2639/333/132 2641/335/132 2642/334/132 2640/332/132
f 2641/335/133 2643/337/133 2644/336/133 2642/334/133
f 2643/337/134 2645/339/134 2646/338/134 2644/336/134
f 2645/339/135 2647/341/135 2648/340/135 2646/338/135
f 2647/341/136 2649/309/136 2650/313/136 2648/340/136
f 2649/309/137 2651/343/137 2652/342/137 2650/313/137
f 2651/343/138 2653/345/138 2654/344/138 2652/342/138
f 2653/345/139 2655/347/139 2656/346/139 2654/344/139
f 2655/347/140 2657/349/140 2658/348/140 2656/346/140
f 2657/349/141 2659/351/141 2660/350/141 2658/348/141
f 2659/351/142 2661/353/142 2662/352/142 2660/350/142
f 2661/353/143 2663/355/143 2664/354/143 2662/352/143
f 2663/355/144 2665/310/144 2666/314/144 2664/354/144
f 2665/310/145 2667/357/145 2668/356/145 2666/314/145
f 2667/357/146 2669/359/146 2670/358/146 2668/356/146
f 2669/359/147 2671/361/147 2672/360/147 2670/358/147
f 2671/361/148 2673/363/148 2674/362/148 2672/360/148
f 2673/363/149 2675/365/149 2676/364/149 2674/362/149
f 2675/365/150 2677/367/150 2678/366/150 2676/364/150
f 2677/367/151 2679/369/151 2680/368/151 2678/366/151
f 2679/369/152 2681/315/152 2682/370/152 2680/368/152
f 2681/315/153 2683/372/153 2684/371/153 2682/370/153
f 2683/372/154 2685/374/154 2686/373/154 2684/371/154
f 2628/375/119 2630/406/119 2632/405/119 2634/404/119 2636/403/119 2638/402/119 2640/401/119 2642/400/119 2644/399/119 2646/398/119 2648/397/119 2650/396/119 2652/395/119 2654/394/119 2656/393/119 2658/392/119 2660/391/119 2662/390/119 2664/389/119 2666/388/119 2668/387/119 2670/386/119 2672/385/119 2674/384/119 2676/383/119 2678/382/119 2680/381/119 2682/380/119 2684/379/119 2686/378/119 2688/377/119 2626/376/119
f 2685/374/155 2687/408/155 2688/407/155 2686/373/155
f 2687/408/156 2625/410/156 2626/409/156 2688/407/156
f 2625/411/157 2687/442/157 2685/441/157 2683/440/157 2681/439/157 2679/438/157 2677/437/157 2675/436/157 2673/435/157 2671/434/157 2669/433/157 2667/432/157 2665/431/157 2663/430/157 2661/429/157 2659/428/157 2657/427/157 2655/426/157 2653/425/157 2651/424/157 2649/423/157 2647/422/157 2645/421/157 2643/420/157 2641/419/157 2639/418/157 2637/417/157 2635/416/157 2633/415/157 2631/414/157 2629/413/157 2627/412/157
f 2689/319/125 2691/322/125 2692/321/125 2690/320/125
f 2691/322/126 2693/324/126 2694/323/126 2692/321/126
f 2693/324/127 2695/326/127 2696/325/127 2694/323/127
f 2695/326/128 2697/317/128 2698/327/128 2696/325/128
f 2697/317/129 2699/329/129 2700/328/129 2698/327/129
f 2699/329/130 2701/331/130 2702/330/130 2700/328/130
f 2701/331/131 2703/333/131 2704/332/131 2702/330/131
f 2703/333/132 2705/335/132 2706/334/132 2704/332/132
f 2705/335/133 2707/337/133 2708/336/133 2706/334/133
f 2707/337/134 2709/339/134 2710/338/134 2708/336/134
f 2709/339/135 2711/341/135 2712/340/135 2710/338/135
f 2711/341/136 2713/309/136 2714/313/136 2712/340/136
f 2713/309/137 2715/343/137 2716/342/137 2714/313/137
f 2715/343/138 2717/345/138 2718/344/138 2716/342/138
f 2717/345/139 2719/347/139 2720/346/139 2718/344/139
f 2719/347/140 2721/349/140 2722/348/140 2720/346/140
f 2721/349/141 2723/351/141 2724/350/141 2722/348/141
f 2723/351/142 2725/353/142 2726/352/142 2724/350/142
f 2725/353/143 2727/355/143 2728/354/143 2726/352/143
f 2727/355/144 2729/310/144 2730/314/144 2728/354/144
f 2729/310/145 2731/357/145 2732/356/145 2730/314/145
f 2731/357/146 2733/359/146 2734/358/146 2732/356/146
f 2733/359/147 2735/361/147 2736/360/147 2734/358/147
f 2735/361/148 2737/363/148 2738/362/148 2736/360/148
f 2737/363/149 2739/365/149 2740/364/149 2738/362/149
f 2739/365/150 2741/367/150 2742/366/150 2740/364/150
f 2741/367/151 2743/369/151 2744/368/151 2742/366/151
f 2743/369/152 2745/315/152 2746/370/152 2744/368/152
f 2745/315/153 2747/372/153 2748/371/153 2746/370/153
f 2747/372/154 2749/374/154 2750/373/154 2748/371/154
f 2692/375/119 2694/406/119 2696/405/119 2698/404/119 2700/403/119 2702/402/119 2704/401/119 2706/400/119 2708/399/119 2710/398/119 2712/397/119 2714/396/119 2716/395/119 2718/394/119 2720/393/119 2722/392/119 2724/391/119 2726/390/119 2728/389/119 2730/388/119 2732/387/119 2734/386/119 2736/385/119 2738/384/119 2740/383/119 2742/382/119 2744/381/119 2746/380/119 2748/379/119 2750/378/119 2752/377/119 2690/376/119
f 2749/374/155 2751/408/155 2752/407/155 2750/373/155
f 2751/408/156 2689/410/156 2690/409/156 2752/407/156
f 2689/411/157 2751/442/157 2749/441/157 2747/440/157 2745/439/157 2743/438/157 2741/437/157 2739/436/157 2737/435/157 2735/434/157 2733/433/157 2731/432/157 2729/431/157 2727/430/157 2725/429/157 2723/428/157 2721/427/157 2719/426/157 2717/425/157 2715/424/157 2713/423/157 2711/422/157 2709/421/157 2707/420/157 2705/419/157 2703/418/157 2701/417/157 2699/416/157 2697/415/157 2695/414/157 2693/413/157 2691/412/157
f 2753/319/125 2755/322/125 2756/321/125 2754/320/125
f 2755/322/126 2757/324/126 2758/323/126 2756/321/126
f 2757/324/127 2759/326/127 2760/325/127 2758/323/127
f 2759/326/128 2761/317/128 2762/327/128 2760/325/128
f 2761/317/129 2763/329/129 2764/328/129 2762/327/129
f 2763/329/130 2765/331/130 2766/330/130 2764/328/130
f 2765/331/131 2767/333/131 2768/332/131 2766/330/131
f 2767/333/132 2769/335/132 2770/334/132 2768/332/132
f 2769/335/133 2771/337/133 2772/336/133 2770/334/133
f 2771/337/134 2773/339/134 2774/338/134 2772/336/134
f 2773/339/135 2775/341/135 2776/340/135 2774/338/135
f 2775/341/136 2777/309/136 2778/313/136 2776/340/136
f 2777/309/137 2779/343/137 2780/342/137 2778/313/137
f 2779/343/138 2781/345/138 2782/344/138 2780/342/138
f 2781/345/139 2783/347/139 2784/346/139 2782/344/139
f 2783/347/140 2785/349/140 2786/348/140 2784/346/140
f 2785/349/141 2787/351/141 2788/350/141 2786/348/141
f 2787/351/142 2789/353/142 2790/352/142 2788/350/142
f 2789/353/143 2791/355/143 2792/354/143 2790/352/143
f 2791/355/144 2793/310/144 2794/314/144 2792/354/144
f 2793/310/145 2795/357/145 2796/356/145 2794/314/145
f 2795/357/146 2797/359/146 2798/358/146 2796/356/146
f 2797/359/147 2799/361/147 2800/360/147 2798/358/147
f 2799/361/148 2801/363/148 2802/362/148 2800/360/148
f 2801/363/149 2803/365/149 2804/364/149 2802/362/149
f 2803/365/150 2805/367/150 2806/366/150 2804/364/150
f 2805/367/151 2807/369/151 2808/368/151 2806/366/151
f 2807/369/152 2809/315/152 2810/370/152 2808/368/152
f 2809/315/153 2811/372/153 2812/371/153 2810/370/153
f 2811/372/154 2813/374/154 2814/373/154 2812/371/154
f 2756/375/119 2758/406/119 2760/405/119 2762/404/119 2764/403/119 2766/402/119 2768/401/119 2770/400/119 2772/399/119 2774/398/119 2776/397/119 2778/396/119 2780/395/119 2782/394/119 2784/393/119 2786/392/119 2788/391/119 2790/390/119 2792/389/119 2794/388/119 2796/387/119 2798/386/119 2800/385/119 2802/384/119 2804/383/119 2806/382/119 2808/381/119 2810/380/119 2812/379/119 2814/378/119 2816/377/119 2754/376/119
f 2813/374/155 2815/408/155 2816/407/155 2814/373/155
f 2815/408/156 2753/410/156 2754/409/156 2816/407/156
f 2753/411/157 2815/442/157 2813/441/157 2811/440/157 2809/439/157 2807/438/157 2805/437/157 2803/436/157 2801/435/157 2799/434/157 2797/433/157 2795/432/157 2793/431/157 2791/430/157 2789/429/157 2787/428/157 2785/427/157 2783/426/157 2781/425/157 2779/424/157 2777/423/157 2775/422/157 2773/421/157 2771/420/157 2769/419/157 2767/418/157 2765/417/157 2763/416/157 2761/415/157 2759/414/157 2757/413/157 2755/412/157
f 2817/319/125 2819/322/125 2820/321/125 2818/320/125
f 2819/322/126 2821/324/126 2822/323/126 2820/321/126
f 2821/324/127 2823/326/127 2824/325/127 2822/323/127
f 2823/326/128 2825/317/128 2826/327/128 2824/325/128
f 2825/317/129 2827/329/129 2828/328/129 2826/327/129
f 2827/329/130 2829/331/130 2830/330/130 2828/328/130
f 2829/331/131 2831/333/131 2832/332/131 2830/330/131
f 2831/333/132 2833/335/132 2834/334/132 2832/332/132
f 2833/335/133 2835/337/133 2836/336/133 2834/334/133
f 2835/337/134 2837/339/134 2838/338/134 2836/336/134
f 2837/339/135 2839/341/135 2840/340/135 2838/338/135
f 2839/341/136 2841/309/136 2842/313/136 2840/340/136
f 2841/309/137 2843/343/137 2844/342/137 2842/313/137
f 2843/343/138 2845/345/138 2846/344/138 2844/342/138
f 2845/345/139 2847/347/139 2848/346/139 2846/344/139
f 2847/347/140 2849/349/140 2850/348/140 2848/346/140
f 2849/349/141 2851/351/141 2852/350/141 2850/348/141
f 2851/351/142 2853/353/142 2854/352/142 2852/350/142
f 2853/353/143 2855/355/143 2856/354/143 2854/352/143
f 2855/355/144 2857/310/144 2858/314/144 2856/354/144
f 2857/310/145 2859/357/145 2860/356/145 2858/314/145
f 2859/357/146 2861/359/146 2862/358/146 2860/356/146
f 2861/359/147 2863/361/147 2864/360/147 2862/358/147
f 2863/361/148 2865/363/148 2866/362/148 2864/360/148
f 2865/363/149 2867/365/149 2868/364/149 2866/362/149
f 2867/365/150 2869/367/150 2870/366/150 2868/364/150
f 2869/367/151 2871/369/151 2872/368/151 2870/366/151
f 2871/369/152 2873/315/152 2874/370/152 2872/368/152
f 2873/315/153 2875/372/153 2876/371/153 2874/370/153
f 2875/372/154 2877/374/154 2878/373/154 2876/371/154
f 2820/375/119 2822/406/119 2824/405/119 2826/404/119 2828/403/119 2830/402/119 2832/401/119 2834/400/119 2836/399/119 2838/398/119 2840/397/119 2842/396/119 2844/395/119 2846/394/119 2848/393/119 2850/392/119 2852/391/119 2854/390/119 2856/389/119 2858/388/119 2860/387/119 2862/386/119 2864/385/119 2866/384/119 2868/383/119 2870/382/119 2872/381/119 2874/380/119 2876/379/119 2878/378/119 2880/377/119 2818/376/119
f 2877/374/155 2879/408/155 2880/407/155 2878/373/155
f 2879/408/156 2817/410/156 2818/409/156 2880/407/156
f 2817/411/157 2879/442/157 2877/441/157 2875/440/157 2873/439/157 2871/438/157 2869/437/157 2867/436/157 2865/435/157 2863/434/157 2861/433/157 2859/432/157 2857/431/157 2855/430/157 2853/429/157 2851/428/157 2849/427/157 2847/426/157 2845/425/157 2843/424/157 2841/423/157 2839/422/157 2837/421/157 2835/420/157 2833/419/157 2831/418/157 2829/417/157 2827/416/157 2825/415/157 2823/414/157 2821/413/157 2819/412/157
f 2881/319/125 2883/322/125 2884/321/125 2882/320/125
f 2883/322/126 2885/324/126 2886/323/126 2884/321/126
f 2885/324/127 2887/326/127 2888/325/127 2886/323/127
f 2887/326/128 2889/317/128 2890/327/128 2888/325/128
f 2889/317/129 2891/329/129 2892/328/129 2890/327/129
f 2891/329/130 2893/331/130 2894/330/130 2892/328/130
f 2893/331/131 2895/333/131 2896/332/131 2894/330/131
f 2895/333/132 2897/335/132 2898/334/132 2896/332/132
f 2897/335/133 2899/337/133 2900/336/133 2898/334/133
f 2899/337/134 2901/339/134 2902/338/134 2900/336/134
f 2901/339/135 2903/341/135 2904/340/135 2902/338/135
f 2903/341/136 2905/309/136 2906/313/136 2904/340/136
f 2905/309/137 2907/343/137 2908/342/137 2906/313/137
f 2907/343/138 2909/345/138 2910/344/138 2908/342/138
f 2909/345/139 2911/347/139 2912/346/139 2910/344/139
f 2911/347/140 2913/349/140 2914/348/140 2912/346/140
f 2913/349/141 2915/351/141 2916/350/141 2914/348/141
f 2915/351/142 2917/353/142 2918/352/142 2916/350/142
f 2917/353/143 2919/355/143 2920/354/143 2918/352/143
f 2919/355/144 2921/310/144 2922/314/144 2920/354/144
f 2921/310/145 2923/357/145 2924/356/145 2922/314/145
f 2923/357/146 2925/359/146 2926/358/146 2924/356/146
f 2925/359/147 2927/361/147 2928/360/147 2926/358/147
f 2927/361/148 2929/363/148 2930/362/148 2928/360/148
f 2929/363/149 2931/365/149 2932/364/149 2930/362/149
f 2931/365/150 2933/367/150 2934/366/150 2932/364/150
f 2933/367/151 2935/369/151 2936/368/151 2934/366/151
f 2935/369/152 2937/315/152 2938/370/152 2936/368/152
f 2937/315/153 2939/372/153 2940/371/153 2938/370/153
f 2939/372/154 2941/374/154 2942/373/154 2940/371/154
f 2884/375/119 2886/406/119 2888/405/119 2890/404/119 2892/403/119 2894/402/119 2896/401/119 2898/400/119 2900/399/119 2902/398/119 2904/397/119 2906/396/119 2908/395/119 2910/394/119 2912/393/119 2914/392/119 2916/391/119 2918/390/119 2920/389/119 2922/388/119 2924/387/119 2926/386/119 2928/385/119 2930/384/119 2932/383/119 2934/382/119 2936/381/119 2938/380/119 2940/379/119 2942/378/119 2944/377/119 2882/376/119
f 2941/374/155 2943/408/155 2944/407/155 2942/373/155
f 2943/408/156 2881/410/156 2882/409/156 2944/407/156
f 2881/411/157 2943/442/157 2941/441/157 2939/440/157 2937/439/157 2935/438/157 2933/437/157 2931/436/157 2929/435/157 2927/434/157 2925/433/157 2923/432/157 2921/431/157 2919/430/157 2917/429/157 2915/428/157 2913/427/157 2911/426/157 2909/425/157 2907/424/157 2905/423/157 2903/422/157 2901/421/157 2899/420/157 2897/419/157 2895/418/157 2893/417/157 2891/416/157 2889/415/157 2887/414/157 2885/413/157 2883/412/157
f 2945/319/125 2947/322/125 2948/321/125 2946/320/125
f 2947/322/126 2949/324/126 2950/323/126 2948/321/126
f 2949/324/127 2951/326/127 2952/325/127 2950/323/127
f 2951/326/128 2953/317/128 2954/327/128 2952/325/128
f 2953/317/129 2955/329/129 2956/328/129 2954/327/129
f 2955/329/130 2957/331/130 2958/330/130 2956/328/130
f 2957/331/131 2959/333/131 2960/332/131 2958/330/131
f 2959/333/132 2961/335/132 2962/334/132 2960/332/132
f 2961/335/133 2963/337/133 2964/336/133 2962/334/133
f 2963/337/134 2965/339/134 2966/338/134 2964/336/134
f 2965/339/135 2967/341/135 2968/340/135 2966/338/135
f 2967/341/136 2969/309/136 2970/313/136 2968/340/136
f 2969/309/137 2971/343/137 2972/342/137 2970/313/137
f 2971/343/138 2973/345/138 2974/344/138 2972/342/138
f 2973/345/139 2975/347/139 2976/346/139 2974/344/139
f 2975/347/140 2977/349/140 2978/348/140 2976/346/140
f 2977/349/141 2979/351/141 2980/350/141 2978/348/141
f 2979/351/142 2981/353/142 2982/352/142 2980/350/142
f 2981/353/143 2983/355/143 2984/354/143 2982/352/143
f 2983/355/144 2985/310/144 2986/314/144 2984/354/144
f 2985/310/145 2987/357/145 2988/356/145 2986/314/145
f 2987/357/146 2989/359/146 2990/358/146 2988/356/146
f 2989/359/160 2991/361/160 2992/360/160 2990/358/160
f 2991/361/148 2993/363/148 2994/362/148 2992/360/148
f 2993/363/149 2995/365/149 2996/364/149 2994/362/149
f 2995/365/161 2997/367/161 2998/366/161 2996/364/161
f 2997/367/151 2999/369/151 3000/368/151 2998/366/151
f 2999/369/152 3001/315/152 3002/370/152 3000/368/152
f 3001/315/153 3003/372/153 3004/371/153 3002/370/153
f 3003/372/154 3005/374/154 3006/373/154 3004/371/154
f 2948/375/119 2950/406/119 2952/405/119 2954/404/119 2956/403/119 2958/402/119 2960/401/119 2962/400/119 2964/399/119 2966/398/119 2968/397/119 2970/396/119 2972/395/119 2974/394/119 2976/393/119 2978/392/119 2980/391/119 2982/390/119 2984/389/119 2986/388/119 2988/387/119 2990/386/119 2992/385/119 2994/384/119 2996/383/119 2998/382/119 3000/381/119 3002/380/119 3004/379/119 3006/378/119 3008/377/119 2946/376/119
f 3005/374/155 3007/408/155 3008/407/155 3006/373/155
f 3007/408/156 2945/410/156 2946/409/156 3008/407/156
f 2945/411/157 3007/442/157 3005/441/157 3003/440/157 3001/439/157 2999/438/157 2997/437/157 2995/436/157 2993/435/157 2991/434/157 2989/433/157 2987/432/157 2985/431/157 2983/430/157 2981/429/157 2979/428/157 2977/427/157 2975/426/157 2973/425/157 2971/424/157 2969/423/157 2967/422/157 2965/421/157 2963/420/157 2961/419/157 2959/418/157 2957/417/157 2955/416/157 2953/415/157 2951/414/157 2949/413/157 2947/412/157
f 3009/319/125 3011/322/125 3012/321/125 3010/320/125
f 3011/322/126 3013/324/126 3014/323/126 3012/321/126
f 3013/324/166 3015/326/166 3016/325/166 3014/323/166
f 3015/326/128 3017/317/128 3018/327/128 3016/325/128
f 3017/317/129 3019/329/129 3020/328/129 3018/327/129
f 3019/329/130 3021/331/130 3022/330/130 3020/328/130
f 3021/331/158 3023/333/158 3024/332/158 3022/330/158
f 3023/333/132 3025/335/132 3026/334/132 3024/332/132
f 3025/335/133 3027/337/133 3028/336/133 3026/334/133
f 3027/337/159 3029/339/159 3030/338/159 3028/336/159
f 3029/339/135 3031/341/135 3032/340/135 3030/338/135
f 3031/341/136 3033/309/136 3034/313/136 3032/340/136
f 3033/309/137 3035/343/137 3036/342/137 3034/313/137
f 3035/343/167 3037/345/167 3038/344/167 3036/342/167
f 3037/345/139 3039/347/139 3040/346/139 3038/344/139
f 3039/347/140 3041/349/140 3042/348/140 3040/346/140
f 3041/349/141 3043/351/141 3044/350/141 3042/348/141
f 3043/351/142 3045/353/142 3046/352/142 3044/350/142
f 3045/353/168 3047/355/168 3048/354/168 3046/352/168
f 3047/355/144 3049/310/144 3050/314/144 3048/354/144
f 3049/310/145 3051/357/145 3052/356/145 3050/314/145
f 3051/357/146 3053/359/146 3054/358/146 3052/356/146
f 3053/359/160 3055/361/160 3056/360/160 3054/358/160
f 3055/361/169 3057/363/169 3058/362/169 3056/360/169
f 3057/363/170 3059/365/170 3060/364/170 3058/362/170
f 3059/365/161 3061/367/161 3062/366/161 3060/364/161
f 3061/367/151 3063/369/151 3064/368/151 3062/366/151
f 3063/369/152 3065/315/152 3066/370/152 3064/368/152
f 3065/315/153 3067/372/153 3068/371/153 3066/370/153
f 3067/372/154 3069/374/154 3070/373/154 3068/371/154
f 3012/375/119 3014/406/119 3016/405/119 3018/404/119 3020/403/119 3022/402/119 3024/401/119 3026/400/119 3028/399/119 3030/398/119 3032/397/119 3034/396/119 3036/395/119 3038/394/119 3040/393/119 3042/392/119 3044/391/119 3046/390/119 3048/389/119 3050/388/119 3052/387/119 3054/386/119 3056/385/119 3058/384/119 3060/383/119 3062/382/119 3064/381/119 3066/380/119 3068/379/119 3070/378/119 3072/377/119 3010/376/119
f 3069/374/155 3071/408/155 3072/407/155 3070/373/155
f 3071/408/156 3009/410/156 3010/409/156 3072/407/156
f 3009/411/157 3071/442/157 3069/441/157 3067/440/157 3065/439/157 3063/438/157 3061/437/157 3059/436/157 3057/435/157 3055/434/157 3053/433/157 3051/432/157 3049/431/157 3047/430/157 3045/429/157 3043/428/157 3041/427/157 3039/426/157 3037/425/157 3035/424/157 3033/423/157 3031/422/157 3029/421/157 3027/420/157 3025/419/157 3023/418/157 3021/417/157 3019/416/157 3017/415/157 3015/414/157 3013/413/157 3011/412/157
f 3073/319/125 3075/322/125 3076/321/125 3074/320/125
f 3075/322/126 3077/324/126 3078/323/126 3076/321/126
f 3077/324/127 3079/326/127 3080/325/127 3078/323/127
f 3079/326/128 3081/317/128 3082/327/128 3080/325/128
f 3081/317/129 3083/329/129 3084/328/129 3082/327/129
f 3083/329/130 3085/331/130 3086/330/130 3084/328/130
f 3085/331/158 3087/333/158 3088/332/158 3086/330/158
f 3087/333/132 3089/335/132 3090/334/132 3088/332/132
f 3089/335/133 3091/337/133 3092/336/133 3090/334/133
f 3091/337/159 3093/339/159 3094/338/159 3092/336/159
f 3093/339/135 3095/341/135 3096/340/135 3094/338/135
f 3095/341/136 3097/309/136 3098/313/136 3096/340/136
f 3097/309/137 3099/343/137 3100/342/137 3098/313/137
f 3099/343/138 3101/345/138 3102/344/138 3100/342/138
f 3101/345/139 3103/347/139 3104/346/139 3102/344/139
f 3103/347/140 3105/349/140 3106/348/140 3104/346/140
f 3105/349/141 3107/351/141 3108/350/141 3106/348/141
f 3107/351/142 3109/353/142 3110/352/142 3108/350/142
f 3109/353/168 3111/355/168 3112/354/168 3110/352/168
f 3111/355/144 3113/310/144 3114/314/144 3112/354/144
f 3113/310/145 3115/357/145 3116/356/145 3114/314/145
f 3115/357/146 3117/359/146 3118/358/146 3116/356/146
f 3117/359/160 3119/361/160 3120/360/160 3118/358/160
f 3119/361/169 3121/363/169 3122/362/169 3120/360/169
f 3121/363/170 3123/365/170 3124/364/170 3122/362/170
f 3123/365/161 3125/367/161 3126/366/161 3124/364/161
f 3125/367/151 3127/369/151 3128/368/151 3126/366/151
f 3127/369/152 3129/315/152 3130/370/152 3128/368/152
f 3129/315/153 3131/372/153 3132/371/153 3130/370/153
f 3131/372/171 3133/374/171 3134/373/171 3132/371/171
f 3076/375/119 3078/406/119 3080/405/119 3082/404/119 3084/403/119 3086/402/119 3088/401/119 3090/400/119 3092/399/119 3094/398/119 3096/397/119 3098/396/119 3100/395/119 3102/394/119 3104/393/119 3106/392/119 3108/391/119 3110/390/119 3112/389/119 3114/388/119 3116/387/119 3118/386/119 3120/385/119 3122/384/119 3124/383/119 3126/382/119 3128/381/119 3130/380/119 3132/379/119 3134/378/119 3136/377/119 3074/376/119
f 3133/374/155 3135/408/155 3136/407/155 3134/373/155
f 3135/408/156 3073/410/156 3074/409/156 3136/407/156
f 3073/411/157 3135/442/157 3133/441/157 3131/440/157 3129/439/157 3127/438/157 3125/437/157 3123/436/157 3121/435/157 3119/434/157 3117/433/157 3115/432/157 3113/431/157 3111/430/157 3109/429/157 3107/428/157 3105/427/157 3103/426/157 3101/425/157 3099/424/157 3097/423/157 3095/422/157 3093/421/157 3091/420/157 3089/419/157 3087/418/157 3085/417/157 3083/416/157 3081/415/157 3079/414/157 3077/413/157 3075/412/157
o 线
v 2469.922119 75.343399 -5692.445312
v 2469.922119 75.753006 -5692.445312
v 2317.309082 75.343399 -5692.445312
v 2317.309082 75.753006 -5692.445312
v 2469.922119 75.343399 -5693.247070
v 2469.922119 75.753006 -5693.247070
v 2317.309082 75.343399 -5693.247070
v 2317.309082 75.753006 -5693.247070
v 2406.853516 75.343391 -5665.767578
v 2406.853516 75.752998 -5665.767578
v 2406.853516 75.343391 -5718.418457
v 2406.853516 75.752998 -5718.418457
v 2407.655029 75.343391 -5665.767578
v 2407.655029 75.752998 -5665.767578
v 2407.655029 75.343391 -5718.418457
v 2407.655029 75.752998 -5718.418457
v 2397.873779 75.343391 -5665.767090
v 2397.873779 75.752998 -5665.767090
v 2397.873779 75.343391 -5718.417969
v 2397.873779 75.752998 -5718.417969
v 2398.675293 75.343391 -5665.767090
v 2398.675293 75.752998 -5665.767090
v 2398.675293 75.343391 -5718.417969
v 2398.675293 75.752998 -5718.417969
v 2415.840332 75.343391 -5665.767090
v 2415.840332 75.752998 -5665.767090
v 2415.840332 75.343391 -5718.417969
v 2415.840332 75.752998 -5718.417969
v 2416.641846 75.343391 -5665.767090
v 2416.641846 75.752998 -5665.767090
v 2416.641846 75.343391 -5718.417969
v 2416.641846 75.752998 -5718.417969
v 2442.852051 75.343391 -5665.767090
v 2442.852051 75.752998 -5665.767090
v 2442.852051 75.343391 -5718.417969
v 2442.852051 75.752998 -5718.417969
v 2443.653564 75.343391 -5665.767090
v 2443.653564 75.752998 -5665.767090
v 2443.653564 75.343391 -5718.417969
v 2443.653564 75.752998 -5718.417969
v 2415.840332 75.343391 -5665.767090
v 2415.840332 75.752998 -5665.767090
v 2415.840332 75.343391 -5718.417969
v 2415.840332 75.752998 -5718.417969
v 2416.641846 75.343391 -5665.767090
v 2416.641846 75.752998 -5665.767090
v 2416.641846 75.343391 -5718.417969
v 2416.641846 75.752998 -5718.417969
v 2370.992432 75.343391 -5665.767090
v 2370.992432 75.752998 -5665.767090
v 2370.992432 75.343391 -5718.417969
v 2370.992432 75.752998 -5718.417969
v 2371.793945 75.343391 -5665.767090
v 2371.793945 75.752998 -5665.767090
v 2371.793945 75.343391 -5718.417969
v 2371.793945 75.752998 -5718.417969
v 2433.872314 75.343391 -5665.767090
v 2433.872314 75.752998 -5665.767090
v 2433.872314 75.343391 -5718.417969
v 2433.872314 75.752998 -5718.417969
v 2434.673828 75.343391 -5665.767090
v 2434.673828 75.752998 -5665.767090
v 2434.673828 75.343391 -5718.417969
v 2434.673828 75.752998 -5718.417969
v 2451.684082 75.343391 -5665.767090
v 2451.684082 75.752998 -5665.767090
v 2451.684082 75.343391 -5718.417969
v 2451.684082 75.752998 -5718.417969
v 2452.485596 75.343391 -5665.767090
v 2452.485596 75.752998 -5665.767090
v 2452.485596 75.343391 -5718.417969
v 2452.485596 75.752998 -5718.417969
v 2424.855713 75.343391 -5665.767090
v 2424.855713 75.752998 -5665.767090
v 2424.855713 75.343391 -5718.417969
v 2424.855713 75.752998 -5718.417969
v 2425.657227 75.343391 -5665.767090
v 2425.657227 75.752998 -5665.767090
v 2425.657227 75.343391 -5718.417969
v 2425.657227 75.752998 -5718.417969
v 2460.832520 75.343391 -5665.767090
v 2460.832520 75.752998 -5665.767090
v 2460.832520 75.343391 -5718.417969
v 2460.832520 75.752998 -5718.417969
v 2461.634033 75.343391 -5665.767090
v 2461.634033 75.752998 -5665.767090
v 2461.634033 75.343391 -5718.417969
v 2461.634033 75.752998 -5718.417969
v 2379.962891 75.343391 -5665.767090
v 2379.962891 75.752998 -5665.767090
v 2379.962891 75.343391 -5718.417969
v 2379.962891 75.752998 -5718.417969
v 2380.764404 75.343391 -5665.767090
v 2380.764404 75.752998 -5665.767090
v 2380.764404 75.343391 -5718.417969
v 2380.764404 75.752998 -5718.417969
v 2388.950439 75.343391 -5665.767090
v 2388.950439 75.752998 -5665.767090
v 2388.950439 75.343391 -5718.417969
v 2388.950439 75.752998 -5718.417969
v 2389.751953 75.343391 -5665.767090
v 2389.751953 75.752998 -5665.767090
v 2389.751953 75.343391 -5718.417969
v 2389.751953 75.752998 -5718.417969
v 2325.841553 75.343391 -5665.767090
v 2325.841553 75.752998 -5665.767090
v 2325.841553 75.343391 -5718.417969
v 2325.841553 75.752998 -5718.417969
v 2326.643066 75.343391 -5665.767090
v 2326.643066 75.752998 -5665.767090
v 2326.643066 75.343391 -5718.417969
v 2326.643066 75.752998 -5718.417969
v 2352.909912 75.343391 -5665.767090
v 2352.909912 75.752998 -5665.767090
v 2352.909912 75.343391 -5718.417969
v 2352.909912 75.752998 -5718.417969
v 2353.711426 75.343391 -5665.767090
v 2353.711426 75.752998 -5665.767090
v 2353.711426 75.343391 -5718.417969
v 2353.711426 75.752998 -5718.417969
v 2361.914795 75.343391 -5665.767090
v 2361.914795 75.752998 -5665.767090
v 2361.914795 75.343391 -5718.417969
v 2361.914795 75.752998 -5718.417969
v 2362.716309 75.343391 -5665.767090
v 2362.716309 75.752998 -5665.767090
v 2362.716309 75.343391 -5718.417969
v 2362.716309 75.752998 -5718.417969
v 2334.932373 75.343391 -5665.767090
v 2334.932373 75.752998 -5665.767090
v 2334.932373 75.343391 -5718.417969
v 2334.932373 75.752998 -5718.417969
v 2335.733887 75.343391 -5665.767090
v 2335.733887 75.752998 -5665.767090
v 2335.733887 75.343391 -5718.417969
v 2335.733887 75.752998 -5718.417969
v 2343.968018 75.343391 -5665.767090
v 2343.968018 75.752998 -5665.767090
v 2343.968018 75.343391 -5718.417969
v 2343.968018 75.752998 -5718.417969
v 2344.769531 75.343391 -5665.767090
v 2344.769531 75.752998 -5665.767090
v 2344.769531 75.343391 -5718.417969
v 2344.769531 75.752998 -5718.417969
vn -0.0000 -0.0000 1.0000
vn -1.0000 -0.0000 -0.0000
vn -0.0000 -0.0000 -1.0000
vn 1.0000 -0.0000 -0.0000
vn -0.0000 -1.0000 -0.0000
vn -0.0000 1.0000 -0.0000
vt 0.375000 0.000000
vt 0.625000 0.000000
vt 0.625000 0.250000
vt 0.375000 0.250000
vt 0.625000 0.500000
vt 0.375000 0.500000
vt 0.625000 0.750000
vt 0.375000 0.750000
vt 0.625000 1.000000
vt 0.375000 1.000000
vt 0.125000 0.500000
vt 0.125000 0.750000
vt 0.875000 0.500000
vt 0.875000 0.750000
s 0
f 3137/443/172 3138/444/172 3140/445/172 3139/446/172
f 3139/446/173 3140/445/173 3144/447/173 3143/448/173
f 3143/448/174 3144/447/174 3142/449/174 3141/450/174
f 3141/450/175 3142/449/175 3138/451/175 3137/452/175
f 3139/453/176 3143/448/176 3141/450/176 3137/454/176
f 3144/447/177 3140/455/177 3138/456/177 3142/449/177
f 3145/443/173 3146/444/173 3148/445/173 3147/446/173
f 3147/446/174 3148/445/174 3152/447/174 3151/448/174
f 3151/448/175 3152/447/175 3150/449/175 3149/450/175
f 3149/450/172 3150/449/172 3146/451/172 3145/452/172
f 3147/453/176 3151/448/176 3149/450/176 3145/454/176
f 3152/447/177 3148/455/177 3146/456/177 3150/449/177
f 3153/443/173 3154/444/173 3156/445/173 3155/446/173
f 3155/446/174 3156/445/174 3160/447/174 3159/448/174
f 3159/448/175 3160/447/175 3158/449/175 3157/450/175
f 3157/450/172 3158/449/172 3154/451/172 3153/452/172
f 3155/453/176 3159/448/176 3157/450/176 3153/454/176
f 3160/447/177 3156/455/177 3154/456/177 3158/449/177
f 3161/443/173 3162/444/173 3164/445/173 3163/446/173
f 3163/446/174 3164/445/174 3168/447/174 3167/448/174
f 3167/448/175 3168/447/175 3166/449/175 3165/450/175
f 3165/450/172 3166/449/172 3162/451/172 3161/452/172
f 3163/453/176 3167/448/176 3165/450/176 3161/454/176
f 3168/447/177 3164/455/177 3162/456/177 3166/449/177
f 3169/443/173 3170/444/173 3172/445/173 3171/446/173
f 3171/446/174 3172/445/174 3176/447/174 3175/448/174
f 3175/448/175 3176/447/175 3174/449/175 3173/450/175
f 3173/450/172 3174/449/172 3170/451/172 3169/452/172
f 3171/453/176 3175/448/176 3173/450/176 3169/454/176
f 3176/447/177 3172/455/177 3170/456/177 3174/449/177
f 3177/443/173 3178/444/173 3180/445/173 3179/446/173
f 3179/446/174 3180/445/174 3184/447/174 3183/448/174
f 3183/448/175 3184/447/175 3182/449/175 3181/450/175
f 3181/450/172 3182/449/172 3178/451/172 3177/452/172
f 3179/453/176 3183/448/176 3181/450/176 3177/454/176
f 3184/447/177 3180/455/177 3178/456/177 3182/449/177
f 3185/443/173 3186/444/173 3188/445/173 3187/446/173
f 3187/446/174 3188/445/174 3192/447/174 3191/448/174
f 3191/448/175 3192/447/175 3190/449/175 3189/450/175
f 3189/450/172 3190/449/172 3186/451/172 3185/452/172
f 3187/453/176 3191/448/176 3189/450/176 3185/454/176
f 3192/447/177 3188/455/177 3186/456/177 3190/449/177
f 3193/443/173 3194/444/173 3196/445/173 3195/446/173
f 3195/446/174 3196/445/174 3200/447/174 3199/448/174
f 3199/448/175 3200/447/175 3198/449/175 3197/450/175
f 3197/450/172 3198/449/172 3194/451/172 3193/452/172
f 3195/453/176 3199/448/176 3197/450/176 3193/454/176
f 3200/447/177 3196/455/177 3194/456/177 3198/449/177
f 3201/443/173 3202/444/173 3204/445/173 3203/446/173
f 3203/446/174 3204/445/174 3208/447/174 3207/448/174
f 3207/448/175 3208/447/175 3206/449/175 3205/450/175
f 3205/450/172 3206/449/172 3202/451/172 3201/452/172
f 3203/453/176 3207/448/176 3205/450/176 3201/454/176
f 3208/447/177 3204/455/177 3202/456/177 3206/449/177
f 3209/443/173 3210/444/173 3212/445/173 3211/446/173
f 3211/446/174 3212/445/174 3216/447/174 3215/448/174
f 3215/448/175 3216/447/175 3214/449/175 3213/450/175
f 3213/450/172 3214/449/172 3210/451/172 3209/452/172
f 3211/453/176 3215/448/176 3213/450/176 3209/454/176
f 3216/447/177 3212/455/177 3210/456/177 3214/449/177
f 3217/443/173 3218/444/173 3220/445/173 3219/446/173
f 3219/446/174 3220/445/174 3224/447/174 3223/448/174
f 3223/448/175 3224/447/175 3222/449/175 3221/450/175
f 3221/450/172 3222/449/172 3218/451/172 3217/452/172
f 3219/453/176 3223/448/176 3221/450/176 3217/454/176
f 3224/447/177 3220/455/177 3218/456/177 3222/449/177
f 3225/443/173 3226/444/173 3228/445/173 3227/446/173
f 3227/446/174 3228/445/174 3232/447/174 3231/448/174
f 3231/448/175 3232/447/175 3230/449/175 3229/450/175
f 3229/450/172 3230/449/172 3226/451/172 3225/452/172
f 3227/453/176 3231/448/176 3229/450/176 3225/454/176
f 3232/447/177 3228/455/177 3226/456/177 3230/449/177
f 3233/443/173 3234/444/173 3236/445/173 3235/446/173
f 3235/446/174 3236/445/174 3240/447/174 3239/448/174
f 3239/448/175 3240/447/175 3238/449/175 3237/450/175
f 3237/450/172 3238/449/172 3234/451/172 3233/452/172
f 3235/453/176 3239/448/176 3237/450/176 3233/454/176
f 3240/447/177 3236/455/177 3234/456/177 3238/449/177
f 3241/443/173 3242/444/173 3244/445/173 3243/446/173
f 3243/446/174 3244/445/174 3248/447/174 3247/448/174
f 3247/448/175 3248/447/175 3246/449/175 3245/450/175
f 3245/450/172 3246/449/172 3242/451/172 3241/452/172
f 3243/453/176 3247/448/176 3245/450/176 3241/454/176
f 3248/447/177 3244/455/177 3242/456/177 3246/449/177
f 3249/443/173 3250/444/173 3252/445/173 3251/446/173
f 3251/446/174 3252/445/174 3256/447/174 3255/448/174
f 3255/448/175 3256/447/175 3254/449/175 3253/450/175
f 3253/450/172 3254/449/172 3250/451/172 3249/452/172
f 3251/453/176 3255/448/176 3253/450/176 3249/454/176
f 3256/447/177 3252/455/177 3250/456/177 3254/449/177
f 3257/443/173 3258/444/173 3260/445/173 3259/446/173
f 3259/446/174 3260/445/174 3264/447/174 3263/448/174
f 3263/448/175 3264/447/175 3262/449/175 3261/450/175
f 3261/450/172 3262/449/172 3258/451/172 3257/452/172
f 3259/453/176 3263/448/176 3261/450/176 3257/454/176
f 3264/447/177 3260/455/177 3258/456/177 3262/449/177
f 3265/443/173 3266/444/173 3268/445/173 3267/446/173
f 3267/446/174 3268/445/174 3272/447/174 3271/448/174
f 3271/448/175 3272/447/175 3270/449/175 3269/450/175
f 3269/450/172 3270/449/172 3266/451/172 3265/452/172
f 3267/453/176 3271/448/176 3269/450/176 3265/454/176
f 3272/447/177 3268/455/177 3266/456/177 3270/449/177
f 3273/443/173 3274/444/173 3276/445/173 3275/446/173
f 3275/446/174 3276/445/174 3280/447/174 3279/448/174
f 3279/448/175 3280/447/175 3278/449/175 3277/450/175
f 3277/450/172 3278/449/172 3274/451/172 3273/452/172
f 3275/453/176 3279/448/176 3277/450/176 3273/454/176
f 3280/447/177 3276/455/177 3274/456/177 3278/449/177
