# Blender 4.5.1 LTS
# www.blender.org
mtllib Truck.mtl
o tuck
v 2351.285645 75.343407 -5670.107422
v 2350.831299 75.343407 -5670.102539
v 2351.284424 75.354935 -5670.224609
v 2350.830078 75.354935 -5670.219727
v 2351.283203 75.389076 -5670.336914
v 2350.828857 75.389076 -5670.332031
v 2351.281982 75.444519 -5670.440918
v 2350.827637 75.444519 -5670.436035
v 2351.281006 75.519142 -5670.531738
v 2350.826660 75.519142 -5670.526855
v 2351.280273 75.610062 -5670.606445
v 2350.825928 75.610062 -5670.601562
v 2351.279541 75.713791 -5670.661621
v 2350.825195 75.713791 -5670.656738
v 2351.279297 75.826347 -5670.695801
v 2350.824951 75.826347 -5670.690918
v 2351.279053 75.943405 -5670.707520
v 2350.824707 75.943405 -5670.702637
v 2351.279297 76.060455 -5670.695801
v 2350.824951 76.060455 -5670.690918
v 2351.279541 76.173012 -5670.661621
v 2350.825195 76.173012 -5670.656738
v 2351.280273 76.276749 -5670.606445
v 2350.825928 76.276749 -5670.601562
v 2351.281006 76.367668 -5670.531738
v 2350.826660 76.367668 -5670.526855
v 2351.281982 76.442284 -5670.440918
v 2350.827637 76.442284 -5670.436035
v 2351.283203 76.497734 -5670.336914
v 2350.828857 76.497734 -5670.332031
v 2351.284424 76.531876 -5670.224609
v 2350.830078 76.531876 -5670.219727
v 2351.285645 76.543404 -5670.107422
v 2350.831299 76.543404 -5670.102539
v 2351.286865 76.531876 -5669.990234
v 2350.832520 76.531876 -5669.985352
v 2351.288086 76.497734 -5669.877930
v 2350.833740 76.497734 -5669.873047
v 2351.289307 76.442284 -5669.773926
v 2350.834961 76.442284 -5669.769043
v 2351.290283 76.367668 -5669.683105
v 2350.835938 76.367668 -5669.678223
v 2351.291016 76.276749 -5669.608398
v 2350.836670 76.276749 -5669.603516
v 2351.291504 76.173012 -5669.553223
v 2350.837402 76.173012 -5669.548340
v 2351.291992 76.060455 -5669.519043
v 2350.837646 76.060455 -5669.514160
v 2351.291992 75.943405 -5669.507324
v 2350.837891 75.943405 -5669.502441
v 2351.291992 75.826347 -5669.519043
v 2350.837646 75.826347 -5669.514160
v 2351.291504 75.713791 -5669.553223
v 2350.837402 75.713791 -5669.548340
v 2351.291016 75.610062 -5669.608398
v 2350.836670 75.610062 -5669.603516
v 2351.290283 75.519142 -5669.683105
v 2350.835938 75.519142 -5669.678223
v 2351.289307 75.444519 -5669.773926
v 2350.834961 75.444519 -5669.769043
v 2351.288086 75.389076 -5669.877930
v 2350.833740 75.389076 -5669.873047
v 2351.286865 75.354935 -5669.990234
v 2350.832520 75.354935 -5669.985352
v 2350.019531 75.808762 -5671.231445
v 2350.586914 75.808762 -5671.237793
v 2350.586914 76.388794 -5671.237793
v 2350.019531 77.107376 -5671.231445
v 2350.586914 77.107376 -5671.237793
v 2350.006348 75.808762 -5672.440918
v 2350.006348 76.388794 -5672.440918
v 2350.573730 75.808762 -5672.447266
v 2350.573730 76.388794 -5672.447266
v 2350.006348 77.107376 -5672.440918
v 2350.573730 77.107376 -5672.447266
v 2350.890625 75.797089 -5669.367188
v 2350.890625 75.797455 -5669.368164
v 2350.890625 75.808762 -5669.367188
v 2350.889160 75.893166 -5669.508789
v 2350.890381 75.933502 -5669.411133
v 2350.890869 75.943405 -5669.352539
v 2350.890869 75.942307 -5669.354004
v 2350.890869 75.943192 -5669.354004
v 2350.882324 75.824341 -5670.153320
v 2350.890625 76.089722 -5669.367188
v 2350.890381 76.230423 -5669.409668
v 2350.889404 76.360085 -5669.479004
v 2350.888428 76.473740 -5669.572266
v 2350.887207 76.567009 -5669.686035
v 2350.885986 76.636314 -5669.815430
v 2350.885742 76.636734 -5669.818359
v 2350.884277 76.678993 -5669.956055
v 2350.884277 76.678993 -5669.957520
v 2350.884277 76.678993 -5669.957520
v 2350.882812 76.693405 -5670.102539
v 2350.882812 76.693405 -5670.104004
v 2350.882812 76.693214 -5670.102051
v 2350.882812 76.693291 -5670.102539
v 2350.882812 76.693298 -5670.103027
v 2350.882812 76.693344 -5670.103027
v 2350.882812 76.693329 -5670.103027
v 2350.880371 75.853264 -5670.321289
v 2350.874756 75.808762 -5670.840332
v 2350.875732 75.943405 -5670.748535
v 2350.874512 75.943405 -5670.852539
v 2350.874512 75.943405 -5670.853516
v 2350.874512 75.943405 -5670.852539
v 2350.874512 75.943405 -5670.852539
v 2350.874512 75.943405 -5670.852539
v 2350.874512 75.943405 -5670.852539
v 2350.874512 75.943405 -5670.852539
v 2350.874512 75.943405 -5670.852539
v 2350.875977 76.072250 -5670.723633
v 2350.874756 76.089722 -5670.839355
v 2350.875244 76.224236 -5670.796875
v 2350.875244 76.230423 -5670.795410
v 2350.875244 76.229980 -5670.795410
v 2350.875244 76.230423 -5670.795410
v 2350.875244 76.228111 -5670.795898
v 2350.875244 76.231071 -5670.794922
v 2350.875244 76.231125 -5670.794922
v 2350.875244 76.230423 -5670.796875
v 2350.875244 76.239624 -5670.790527
v 2350.855713 75.794327 -5671.708008
v 2350.860596 75.901749 -5671.708008
v 2350.878418 76.349663 -5670.508789
v 2350.876953 76.465668 -5670.639648
v 2350.876953 76.473740 -5670.634277
v 2350.876953 76.475113 -5670.631348
v 2350.875977 76.360085 -5670.726074
v 2350.875977 76.360085 -5670.727539
v 2350.878174 76.567009 -5670.519043
v 2350.878174 76.567009 -5670.520508
v 2350.878174 76.567009 -5670.519043
v 2350.881348 76.635849 -5670.241699
v 2350.879639 76.636314 -5670.389648
v 2350.879639 76.636314 -5670.390625
v 2350.879639 76.635849 -5670.390137
v 2350.879639 76.636314 -5670.389648
v 2350.879639 76.634613 -5670.392578
v 2350.881104 76.678993 -5670.250000
v 2350.881104 76.678993 -5670.249023
v 2351.187744 75.808769 -5668.163086
v 2351.174561 75.797089 -5669.370117
v 2351.174561 75.797455 -5669.371094
v 2351.174561 75.808769 -5669.370117
v 2351.174805 75.943405 -5669.355469
v 2351.174561 76.089722 -5669.370117
v 2351.174316 76.230423 -5669.412598
v 2351.173340 76.360085 -5669.481934
v 2351.172363 76.473740 -5669.575195
v 2351.171143 76.567009 -5669.688965
v 2351.169922 76.636314 -5669.818848
v 2351.168213 76.678993 -5669.959473
v 2351.166748 76.693405 -5670.105469
v 2351.166748 76.693344 -5670.106445
v 2351.166748 76.693405 -5670.106934
v 2351.158691 75.808769 -5670.843750
v 2351.158447 75.943405 -5670.856934
v 2351.158691 76.089722 -5670.842285
v 2351.159180 76.230423 -5670.799805
v 2351.154297 75.808769 -5671.244141
v 2351.432861 76.216270 -5671.576660
v 2351.160889 76.473740 -5670.637207
v 2351.159912 76.360085 -5670.730469
v 2351.162109 76.567009 -5670.523438
v 2351.163574 76.636314 -5670.394043
v 2351.165039 76.678993 -5670.253418
v 2351.154297 76.388794 -5671.244141
v 2351.187744 77.107376 -5668.163086
v 2351.154297 77.107376 -5671.244141
v 2351.449951 77.609909 -5671.577148
v 2350.838623 75.794327 -5673.284668
v 2350.843506 75.901749 -5673.284668
v 2350.821533 75.794327 -5674.861328
v 2350.826416 75.901749 -5674.861816
v 2351.415771 76.216270 -5673.153809
v 2351.398682 76.216270 -5674.730469
v 2351.415771 77.609909 -5674.730469
v 2350.019531 78.544556 -5671.231445
v 2351.183594 78.544556 -5668.544434
v 2351.154297 78.544556 -5671.244141
v 2351.440186 79.548431 -5671.714355
v 2350.804443 75.794327 -5676.438477
v 2350.809326 75.901749 -5676.438477
v 2350.787354 75.794327 -5678.015137
v 2350.792236 75.901749 -5678.015137
v 2350.770264 75.794327 -5679.591797
v 2350.775391 75.921448 -5679.591797
v 2350.775635 75.923683 -5679.967285
v 2350.775635 75.943405 -5679.965332
v 2350.815674 75.943405 -5679.965820
v 2350.775635 76.089722 -5679.979980
v 2350.775146 76.230423 -5680.022461
v 2350.774414 76.360085 -5680.091797
v 2350.773438 76.473740 -5680.185059
v 2351.381348 76.216270 -5676.307129
v 2351.364258 76.216270 -5677.884277
v 2351.111084 76.089722 -5679.983398
v 2351.354492 76.207344 -5679.460938
v 2351.348389 76.207344 -5680.021973
v 2351.345947 76.210220 -5680.022461
v 2351.346191 76.230423 -5680.028809
v 2351.346436 76.360085 -5680.098145
v 2351.346436 76.473740 -5680.191406
v 2351.381592 77.609909 -5677.884277
v 2350.753174 75.794327 -5681.168945
v 2350.758301 75.921448 -5681.168945
v 2350.762695 75.923683 -5681.167969
v 2350.772217 76.567009 -5680.298828
v 2350.770752 76.636314 -5680.428223
v 2350.769287 76.678993 -5680.569336
v 2350.767578 76.693405 -5680.715332
v 2350.750732 76.678993 -5682.271973
v 2350.736084 75.794327 -5682.745605
v 2350.740967 75.921448 -5682.745605
v 2350.745605 75.923683 -5682.744629
v 2350.744141 75.922081 -5682.873535
v 2350.744141 75.943405 -5682.875488
v 2350.787598 75.943405 -5682.875977
v 2350.744385 76.089722 -5682.861328
v 2350.744873 76.230423 -5682.818848
v 2350.718994 75.794327 -5684.322266
v 2350.723633 75.901749 -5684.322266
v 2350.745605 76.360085 -5682.749512
v 2350.746582 76.473740 -5682.656250
v 2350.747803 76.567009 -5682.542480
v 2350.749268 76.636314 -5682.412598
v 2351.346191 76.567009 -5680.305176
v 2351.345459 76.636314 -5680.434570
v 2351.344482 76.678993 -5680.575195
v 2351.343506 76.693405 -5680.721680
v 2351.340820 76.690483 -5681.037598
v 2351.326660 76.678993 -5682.278320
v 2351.084717 76.089722 -5682.865234
v 2351.240234 76.166405 -5682.843262
v 2351.313721 76.212418 -5682.830078
v 2351.313965 76.230423 -5682.824707
v 2351.316895 76.208572 -5682.831543
v 2351.295898 76.216270 -5684.191406
v 2351.316650 76.360085 -5682.755371
v 2351.319092 76.473740 -5682.662109
v 2351.321777 76.567009 -5682.548828
v 2351.324463 76.636314 -5682.418945
v 2351.347168 77.609909 -5681.038086
v 2351.312988 77.609909 -5684.191406
v 2351.371826 79.548431 -5678.021484
v 2351.303223 79.548431 -5684.328613
v 2351.155029 75.343407 -5682.142090
v 2350.700684 75.343407 -5682.137207
v 2351.153809 75.354935 -5682.259277
v 2350.699463 75.354935 -5682.254395
v 2351.152588 75.389076 -5682.371582
v 2350.698242 75.389076 -5682.366699
v 2351.151367 75.444527 -5682.475586
v 2350.697021 75.444527 -5682.470703
v 2351.150391 75.519142 -5682.566406
v 2350.696045 75.519142 -5682.561523
v 2351.149658 75.610062 -5682.641113
v 2350.695312 75.610062 -5682.636230
v 2351.148926 75.713799 -5682.696289
v 2350.694580 75.713799 -5682.691406
v 2351.148682 75.826347 -5682.730469
v 2350.694336 75.826347 -5682.725586
v 2351.148438 75.943405 -5682.742188
v 2350.694092 75.943405 -5682.737305
v 2351.148682 76.060463 -5682.730469
v 2350.694336 76.060463 -5682.725586
v 2351.148926 76.173012 -5682.696289
v 2350.694580 76.173012 -5682.691406
v 2351.149658 76.276749 -5682.641113
v 2350.695312 76.276749 -5682.636230
v 2351.150391 76.367668 -5682.566406
v 2350.696045 76.367668 -5682.561523
v 2351.151367 76.442284 -5682.475586
v 2350.697021 76.442284 -5682.470703
v 2351.152588 76.497734 -5682.371582
v 2350.698242 76.497734 -5682.366699
v 2351.153809 76.531876 -5682.259277
v 2350.699463 76.531876 -5682.254395
v 2351.155029 76.543404 -5682.142090
v 2350.700684 76.543404 -5682.137207
v 2351.156250 76.531876 -5682.024902
v 2350.701904 76.531876 -5682.020020
v 2351.157471 76.497734 -5681.912598
v 2350.703125 76.497734 -5681.907715
v 2351.158691 76.442284 -5681.809082
v 2350.704346 76.442284 -5681.803711
v 2351.159668 76.367668 -5681.717773
v 2350.705322 76.367668 -5681.712891
v 2351.160400 76.276749 -5681.643555
v 2350.706055 76.276749 -5681.638184
v 2351.161133 76.173012 -5681.587891
v 2350.706787 76.173012 -5681.583008
v 2351.161377 76.060463 -5681.553711
v 2350.707031 76.060463 -5681.548828
v 2351.161621 75.943405 -5681.541992
v 2350.707275 75.943405 -5681.537109
v 2351.161377 75.826347 -5681.553711
v 2350.707031 75.826347 -5681.548828
v 2351.161133 75.713799 -5681.587891
v 2350.706787 75.713799 -5681.583008
v 2351.160400 75.610062 -5681.643555
v 2350.706055 75.610062 -5681.638184
v 2351.159668 75.519142 -5681.717773
v 2350.705322 75.519142 -5681.712891
v 2351.158691 75.444527 -5681.809082
v 2350.704346 75.444527 -5681.803711
v 2351.157471 75.389076 -5681.912598
v 2350.703125 75.389076 -5681.907715
v 2351.156250 75.354935 -5682.024902
v 2350.701904 75.354935 -5682.020020
v 2351.170410 75.343407 -5680.728516
v 2350.716064 75.343407 -5680.723633
v 2351.169189 75.354935 -5680.845215
v 2350.714844 75.354935 -5680.840332
v 2351.167969 75.389076 -5680.958008
v 2350.713623 75.389076 -5680.953125
v 2351.166748 75.444527 -5681.061523
v 2350.712402 75.444527 -5681.056641
v 2351.165771 75.519142 -5681.152832
v 2350.711426 75.519142 -5681.147949
v 2351.165039 75.610062 -5681.227051
v 2350.710693 75.610062 -5681.222168
v 2351.164307 75.713799 -5681.282715
v 2350.709961 75.713799 -5681.277832
v 2351.164062 75.826347 -5681.316895
v 2350.709717 75.826347 -5681.312012
v 2351.163818 75.943405 -5681.328125
v 2350.709473 75.943405 -5681.323242
v 2351.164062 76.060463 -5681.316895
v 2350.709717 76.060463 -5681.312012
v 2351.164307 76.173012 -5681.282715
v 2350.709961 76.173012 -5681.277832
v 2351.165039 76.276749 -5681.227051
v 2350.710693 76.276749 -5681.222168
v 2351.165771 76.367668 -5681.152832
v 2350.711426 76.367668 -5681.147949
v 2351.166748 76.442284 -5681.061523
v 2350.712402 76.442284 -5681.056641
v 2351.167969 76.497734 -5680.958008
v 2350.713623 76.497734 -5680.953125
v 2351.169189 76.531876 -5680.845215
v 2350.714844 76.531876 -5680.840332
v 2351.170410 76.543404 -5680.728516
v 2350.716064 76.543404 -5680.723633
v 2351.171631 76.531876 -5680.611328
v 2350.717285 76.531876 -5680.606445
v 2351.172852 76.497734 -5680.499023
v 2350.718506 76.497734 -5680.493652
v 2351.174072 76.442284 -5680.395020
v 2350.719727 76.442284 -5680.390137
v 2351.175049 76.367668 -5680.304199
v 2350.720703 76.367668 -5680.299316
v 2351.175781 76.276749 -5680.229492
v 2350.721436 76.276749 -5680.224609
v 2351.176270 76.173012 -5680.174316
v 2350.722168 76.173012 -5680.168945
v 2351.176758 76.060463 -5680.140137
v 2350.722412 76.060463 -5680.135254
v 2351.176758 75.943405 -5680.128418
v 2350.722656 75.943405 -5680.123535
v 2351.176758 75.826347 -5680.140137
v 2350.722412 75.826347 -5680.135254
v 2351.176270 75.713799 -5680.174316
v 2350.722168 75.713799 -5680.168945
v 2351.175781 75.610062 -5680.229492
v 2350.721436 75.610062 -5680.224609
v 2351.175049 75.519142 -5680.304199
v 2350.720703 75.519142 -5680.299316
v 2351.174072 75.444527 -5680.395020
v 2350.719727 75.444527 -5680.390137
v 2351.172852 75.389076 -5680.499023
v 2350.718506 75.389076 -5680.493652
v 2351.171631 75.354935 -5680.611328
v 2350.717285 75.354935 -5680.606445
v 2350.041504 77.107376 -5668.150879
v 2350.041504 75.808769 -5668.150879
v 2350.008301 75.808762 -5671.231445
v 2350.037354 78.544556 -5668.531738
v 2350.008301 78.544556 -5671.231445
v 2349.866211 75.795296 -5684.312988
v 2349.866211 79.548431 -5684.312988
v 2350.003174 79.548431 -5671.698730
v 2350.003174 75.795296 -5671.698730
v 2350.008301 77.107376 -5671.231445
v 2349.995117 75.808762 -5672.440918
v 2349.995117 76.388794 -5672.440918
v 2349.995117 77.107376 -5672.440918
v 2348.755371 75.343399 -5670.080078
v 2349.209717 75.343399 -5670.084961
v 2348.754150 75.354935 -5670.197266
v 2349.208496 75.354935 -5670.202148
v 2348.752930 75.389076 -5670.309570
v 2349.207275 75.389076 -5670.314453
v 2348.751953 75.444519 -5670.413574
v 2349.206055 75.444519 -5670.418457
v 2348.750977 75.519142 -5670.504395
v 2349.205078 75.519142 -5670.509277
v 2348.750000 75.610062 -5670.579102
v 2349.204346 75.610062 -5670.583984
v 2348.749512 75.713791 -5670.634277
v 2349.203857 75.713791 -5670.639160
v 2348.749023 75.826347 -5670.668457
v 2349.203369 75.826347 -5670.673340
v 2348.749023 75.943405 -5670.680176
v 2349.203369 75.943405 -5670.685059
v 2348.749023 76.060455 -5670.668457
v 2349.203369 76.060455 -5670.673340
v 2348.749512 76.173012 -5670.634277
v 2349.203857 76.173012 -5670.639160
v 2348.750000 76.276741 -5670.579102
v 2349.204346 76.276741 -5670.583984
v 2348.750977 76.367668 -5670.504395
v 2349.205078 76.367668 -5670.509277
v 2348.751953 76.442284 -5670.413574
v 2349.206055 76.442284 -5670.418457
v 2348.752930 76.497726 -5670.309570
v 2349.207275 76.497734 -5670.314453
v 2348.754150 76.531876 -5670.197266
v 2349.208496 76.531876 -5670.202148
v 2348.755371 76.543404 -5670.080078
v 2349.209717 76.543404 -5670.084961
v 2348.756836 76.531876 -5669.962891
v 2349.210938 76.531876 -5669.967773
v 2348.758057 76.497726 -5669.850586
v 2349.212158 76.497734 -5669.855469
v 2348.759033 76.442284 -5669.746582
v 2349.213379 76.442284 -5669.751465
v 2348.760010 76.367668 -5669.655762
v 2349.214355 76.367668 -5669.660645
v 2348.760986 76.276741 -5669.581055
v 2349.215088 76.276741 -5669.585938
v 2348.761475 76.173012 -5669.525879
v 2349.215820 76.173012 -5669.530762
v 2348.761963 76.060455 -5669.491699
v 2349.216064 76.060455 -5669.496582
v 2348.761963 75.943405 -5669.479980
v 2349.216309 75.943405 -5669.484863
v 2348.761963 75.826347 -5669.491699
v 2349.216064 75.826347 -5669.496582
v 2348.761475 75.713791 -5669.525879
v 2349.215820 75.713791 -5669.530762
v 2348.760986 75.610062 -5669.581055
v 2349.215088 75.610062 -5669.585938
v 2348.760010 75.519142 -5669.655762
v 2349.214355 75.519142 -5669.660645
v 2348.759033 75.444519 -5669.746582
v 2349.213379 75.444519 -5669.751465
v 2348.758057 75.389076 -5669.850586
v 2349.212158 75.389076 -5669.855469
v 2348.756836 75.354935 -5669.962891
v 2349.210938 75.354935 -5669.967773
v 2349.996826 75.808762 -5671.231445
v 2349.429443 75.808762 -5671.225098
v 2349.429443 76.388794 -5671.225098
v 2349.996826 77.107376 -5671.231445
v 2349.429443 77.107376 -5671.225098
v 2349.983643 75.808762 -5672.440918
v 2349.983643 76.388794 -5672.440918
v 2349.416260 75.808762 -5672.434570
v 2349.416260 76.388794 -5672.434570
v 2349.983643 77.107376 -5672.440918
v 2349.416260 77.107376 -5672.434570
v 2349.166260 75.797089 -5669.348145
v 2349.166260 75.797455 -5669.349609
v 2349.166260 75.808762 -5669.348145
v 2349.164795 75.893166 -5669.490234
v 2349.165771 75.933502 -5669.392090
v 2349.166504 75.943405 -5669.333984
v 2349.166504 75.942307 -5669.335449
v 2349.166504 75.943192 -5669.334961
v 2349.157715 75.824341 -5670.134277
v 2349.166260 76.089722 -5669.348145
v 2349.165771 76.230423 -5669.391113
v 2349.165039 76.360085 -5669.460449
v 2349.164062 76.473740 -5669.553711
v 2349.162842 76.567009 -5669.666992
v 2349.161377 76.636314 -5669.796875
v 2349.161377 76.636734 -5669.799316
v 2349.159912 76.678993 -5669.937500
v 2349.159912 76.678993 -5669.938965
v 2349.159912 76.678993 -5669.938965
v 2349.158203 76.693405 -5670.083984
v 2349.158203 76.693405 -5670.084961
v 2349.158203 76.693214 -5670.083496
v 2349.158203 76.693291 -5670.083984
v 2349.158203 76.693298 -5670.083984
v 2349.158203 76.693344 -5670.084473
v 2349.158203 76.693329 -5670.084473
v 2349.156006 75.853264 -5670.302734
v 2349.150391 75.808762 -5670.821777
v 2349.151367 75.943405 -5670.729980
v 2349.150146 75.943405 -5670.833984
v 2349.150146 75.943405 -5670.834961
v 2349.150146 75.943405 -5670.833984
v 2349.150146 75.943405 -5670.833984
v 2349.150146 75.943405 -5670.833984
v 2349.150146 75.943405 -5670.833984
v 2349.150146 75.943405 -5670.833984
v 2349.150146 75.943405 -5670.833984
v 2349.151611 76.072250 -5670.705078
v 2349.150391 76.089722 -5670.820801
v 2349.150879 76.224236 -5670.777832
v 2349.150879 76.230423 -5670.776855
v 2349.150879 76.229980 -5670.776855
v 2349.150879 76.230423 -5670.776855
v 2349.150879 76.228111 -5670.776855
v 2349.150879 76.231071 -5670.776367
v 2349.150879 76.231125 -5670.776367
v 2349.150879 76.230423 -5670.777832
v 2349.150879 76.239624 -5670.771973
v 2349.150391 75.794327 -5671.689453
v 2349.145752 75.901749 -5671.689453
v 2349.153809 76.349663 -5670.490234
v 2349.152588 76.465668 -5670.620605
v 2349.152588 76.473740 -5670.615234
v 2349.152588 76.475113 -5670.612305
v 2349.151611 76.360085 -5670.707520
v 2349.151611 76.360085 -5670.708496
v 2349.153809 76.567009 -5670.500488
v 2349.153809 76.567009 -5670.501953
v 2349.153809 76.567009 -5670.500488
v 2349.156738 76.635849 -5670.222656
v 2349.155273 76.636314 -5670.370605
v 2349.155273 76.636314 -5670.372070
v 2349.155273 76.635849 -5670.371582
v 2349.155273 76.636314 -5670.370605
v 2349.155273 76.634613 -5670.374023
v 2349.156738 76.678993 -5670.231445
v 2349.156738 76.678993 -5670.229980
v 2348.895508 75.808762 -5668.138672
v 2348.882324 75.797089 -5669.345215
v 2348.882324 75.797455 -5669.346191
v 2348.882324 75.808762 -5669.345215
v 2348.882568 75.943405 -5669.331055
v 2348.882324 76.089722 -5669.345215
v 2348.881836 76.230415 -5669.387695
v 2348.881104 76.360085 -5669.457031
v 2348.880127 76.473740 -5669.550293
v 2348.878906 76.567009 -5669.664062
v 2348.877441 76.636314 -5669.793945
v 2348.875977 76.678993 -5669.934570
v 2348.874268 76.693405 -5670.080566
v 2348.874268 76.693344 -5670.081543
v 2348.874268 76.693405 -5670.082031
v 2348.866455 75.808762 -5670.818848
v 2348.866211 75.943405 -5670.832031
v 2348.866455 76.089722 -5670.817383
v 2348.866943 76.230415 -5670.774902
v 2348.862061 75.808762 -5671.219238
v 2348.576416 76.216270 -5671.545898
v 2348.868652 76.473740 -5670.612305
v 2348.867676 76.360085 -5670.705566
v 2348.869873 76.567009 -5670.498535
v 2348.871338 76.636314 -5670.369141
v 2348.872803 76.678993 -5670.228516
v 2348.862061 76.388794 -5671.219238
v 2348.895508 77.107376 -5668.138672
v 2348.862061 77.107376 -5671.219238
v 2348.559326 77.609901 -5671.545410
v 2349.133301 75.794327 -5673.266113
v 2349.128418 75.901749 -5673.266113
v 2349.116211 75.794327 -5674.843262
v 2349.111328 75.901749 -5674.842773
v 2348.559326 76.216270 -5673.122559
v 2348.542236 76.216270 -5674.699219
v 2348.525146 77.609901 -5674.699219
v 2349.996826 78.544556 -5671.231445
v 2348.891357 78.544556 -5668.519531
v 2348.862061 78.544556 -5671.219238
v 2348.566162 79.548431 -5671.683105
v 2349.099121 75.794327 -5676.419922
v 2349.094238 75.901749 -5676.419922
v 2349.082031 75.794327 -5677.996582
v 2349.077148 75.901749 -5677.996582
v 2349.064941 75.794327 -5679.573242
v 2349.059814 75.921448 -5679.573242
v 2349.051270 75.923683 -5679.948730
v 2349.051270 75.943405 -5679.946777
v 2349.011475 75.943405 -5679.946289
v 2349.051025 76.089722 -5679.961426
v 2349.050781 76.230423 -5680.003906
v 2349.049805 76.360085 -5680.073242
v 2349.048828 76.473740 -5680.166504
v 2348.525146 76.216270 -5676.276367
v 2348.508057 76.216270 -5677.853027
v 2348.715576 76.089722 -5679.957520
v 2348.483643 76.207344 -5679.429688
v 2348.477783 76.207344 -5679.990723
v 2348.479980 76.210220 -5679.991699
v 2348.479736 76.230415 -5679.997559
v 2348.477783 76.360085 -5680.066895
v 2348.475830 76.473740 -5680.160156
v 2348.490723 77.609901 -5677.853027
v 2349.047852 75.794327 -5681.150391
v 2349.042725 75.921448 -5681.150391
v 2349.038330 75.923683 -5681.148926
v 2349.047607 76.567009 -5680.280273
v 2349.046387 76.636314 -5680.409668
v 2349.044678 76.678993 -5680.550293
v 2349.043213 76.693405 -5680.696777
v 2349.026367 76.678993 -5682.253418
v 2349.030762 75.794327 -5682.727051
v 2349.025635 75.921448 -5682.727051
v 2349.021240 75.923683 -5682.726074
v 2349.019775 75.922081 -5682.854980
v 2349.019775 75.943405 -5682.856934
v 2348.976318 75.943405 -5682.856445
v 2349.019775 76.089722 -5682.842773
v 2349.020264 76.230423 -5682.799805
v 2349.013672 75.794327 -5684.303711
v 2349.008789 75.901749 -5684.303711
v 2349.020996 76.360085 -5682.730469
v 2349.022217 76.473740 -5682.637207
v 2349.023438 76.567009 -5682.523926
v 2349.024658 76.636314 -5682.394043
v 2348.473633 76.567009 -5680.273926
v 2348.471436 76.636314 -5680.403320
v 2348.469238 76.678993 -5680.543945
v 2348.467285 76.693405 -5680.690430
v 2348.463135 76.690483 -5681.006836
v 2348.450195 76.678993 -5682.247070
v 2348.679443 76.089722 -5682.838867
v 2348.524414 76.166405 -5682.813965
v 2348.451172 76.212418 -5682.799316
v 2348.451172 76.230415 -5682.793945
v 2348.448242 76.208572 -5682.800293
v 2348.439453 76.216270 -5684.160156
v 2348.449951 76.360085 -5682.724609
v 2348.449463 76.473740 -5682.631348
v 2348.449219 76.567009 -5682.517578
v 2348.449463 76.636314 -5682.387695
v 2348.456543 77.609901 -5681.006348
v 2348.422363 77.609901 -5684.160156
v 2348.497559 79.548431 -5677.990234
v 2348.429199 79.548431 -5684.297363
v 2348.625000 75.343407 -5682.114746
v 2349.079102 75.343407 -5682.119629
v 2348.623535 75.354935 -5682.231934
v 2349.077881 75.354935 -5682.236816
v 2348.622314 75.389076 -5682.344238
v 2349.076660 75.389076 -5682.349121
v 2348.621338 75.444527 -5682.448242
v 2349.075684 75.444527 -5682.453125
v 2348.620361 75.519142 -5682.539062
v 2349.074707 75.519142 -5682.543945
v 2348.619385 75.610062 -5682.613770
v 2349.073730 75.610062 -5682.618652
v 2348.618896 75.713799 -5682.668945
v 2349.073242 75.713799 -5682.673828
v 2348.618408 75.826347 -5682.703125
v 2349.072754 75.826347 -5682.708008
v 2348.618408 75.943405 -5682.714844
v 2349.072754 75.943405 -5682.719727
v 2348.618408 76.060455 -5682.703125
v 2349.072754 76.060455 -5682.708008
v 2348.618896 76.173012 -5682.668945
v 2349.073242 76.173012 -5682.673828
v 2348.619385 76.276749 -5682.613770
v 2349.073730 76.276749 -5682.618652
v 2348.620361 76.367668 -5682.539062
v 2349.074707 76.367668 -5682.543945
v 2348.621338 76.442284 -5682.448242
v 2349.075684 76.442284 -5682.453125
v 2348.622314 76.497734 -5682.344238
v 2349.076660 76.497734 -5682.349121
v 2348.623535 76.531876 -5682.231934
v 2349.077881 76.531876 -5682.236816
v 2348.625000 76.543404 -5682.114746
v 2349.079102 76.543404 -5682.119629
v 2348.626221 76.531876 -5681.997559
v 2349.080566 76.531876 -5682.002441
v 2348.627441 76.497734 -5681.885254
v 2349.081787 76.497734 -5681.890137
v 2348.628418 76.442284 -5681.781250
v 2349.082764 76.442284 -5681.786133
v 2348.629395 76.367668 -5681.690430
v 2349.083740 76.367668 -5681.695312
v 2348.630371 76.276749 -5681.615723
v 2349.084717 76.276749 -5681.620605
v 2348.630859 76.173012 -5681.560547
v 2349.085205 76.173012 -5681.565430
v 2348.631348 76.060455 -5681.526367
v 2349.085693 76.060455 -5681.531250
v 2348.631348 75.943405 -5681.514648
v 2349.085693 75.943405 -5681.519531
v 2348.631348 75.826347 -5681.526367
v 2349.085693 75.826347 -5681.531250
v 2348.630859 75.713799 -5681.560547
v 2349.085205 75.713799 -5681.565430
v 2348.630371 75.610062 -5681.615723
v 2349.084717 75.610062 -5681.620605
v 2348.629395 75.519142 -5681.690430
v 2349.083740 75.519142 -5681.695312
v 2348.628418 75.444527 -5681.781250
v 2349.082764 75.444527 -5681.786133
v 2348.627441 75.389076 -5681.885254
v 2349.081787 75.389076 -5681.890137
v 2348.626221 75.354935 -5681.997559
v 2349.080566 75.354935 -5682.002441
v 2348.640137 75.343407 -5680.701172
v 2349.094482 75.343407 -5680.706055
v 2348.638916 75.354935 -5680.817871
v 2349.093262 75.354935 -5680.822754
v 2348.637695 75.389076 -5680.930664
v 2349.092041 75.389076 -5680.935547
v 2348.636719 75.444527 -5681.034180
v 2349.090820 75.444527 -5681.039062
v 2348.635742 75.519142 -5681.125000
v 2349.089844 75.519142 -5681.129883
v 2348.634766 75.610062 -5681.199707
v 2349.089111 75.610062 -5681.204590
v 2348.634277 75.713799 -5681.255371
v 2349.088623 75.713799 -5681.260254
v 2348.633789 75.826347 -5681.289551
v 2349.088135 75.826347 -5681.294434
v 2348.633789 75.943405 -5681.300781
v 2349.088135 75.943405 -5681.305664
v 2348.633789 76.060455 -5681.289551
v 2349.088135 76.060455 -5681.294434
v 2348.634277 76.173012 -5681.255371
v 2349.088623 76.173012 -5681.260254
v 2348.634766 76.276749 -5681.199707
v 2349.089111 76.276749 -5681.204590
v 2348.635742 76.367668 -5681.125000
v 2349.089844 76.367668 -5681.129883
v 2348.636719 76.442284 -5681.034180
v 2349.090820 76.442284 -5681.039062
v 2348.637695 76.497734 -5680.930664
v 2349.092041 76.497734 -5680.935547
v 2348.638916 76.531876 -5680.817871
v 2349.093262 76.531876 -5680.822754
v 2348.640137 76.543404 -5680.701172
v 2349.094482 76.543404 -5680.706055
v 2348.641602 76.531876 -5680.583984
v 2349.095703 76.531876 -5680.588867
v 2348.642822 76.497734 -5680.471191
v 2349.096924 76.497734 -5680.476074
v 2348.643799 76.442284 -5680.367676
v 2349.098145 76.442284 -5680.372559
v 2348.644775 76.367668 -5680.276855
v 2349.099121 76.367668 -5680.281738
v 2348.645752 76.276749 -5680.202148
v 2349.099854 76.276749 -5680.207031
v 2348.646240 76.173012 -5680.146484
v 2349.100586 76.173012 -5680.151367
v 2348.646729 76.060455 -5680.112305
v 2349.100830 76.060455 -5680.117676
v 2348.646729 75.943405 -5680.101074
v 2349.101074 75.943405 -5680.105957
v 2348.646729 75.826347 -5680.112305
v 2349.100830 75.826347 -5680.117676
v 2348.646240 75.713799 -5680.146484
v 2349.100586 75.713799 -5680.151367
v 2348.645752 75.610062 -5680.202148
v 2349.099854 75.610062 -5680.207031
v 2348.644775 75.519142 -5680.276855
v 2349.099121 75.519142 -5680.281738
v 2348.643799 75.444527 -5680.367676
v 2349.098145 75.444527 -5680.372559
v 2348.642822 75.389076 -5680.471191
v 2349.096924 75.389076 -5680.476074
v 2348.641602 75.354935 -5680.583984
v 2349.095703 75.354935 -5680.588867
vn -0.0011 -0.9952 -0.0980
vn -0.0031 -0.9569 -0.2903
vn -0.0051 -0.8819 -0.4714
vn -0.0069 -0.7730 -0.6344
vn -0.0084 -0.6344 -0.7730
vn -0.0096 -0.4714 -0.8819
vn -0.0104 -0.2903 -0.9569
vn -0.0108 -0.0980 -0.9951
vn -0.0108 0.0980 -0.9951
vn -0.0104 0.2903 -0.9569
vn -0.0096 0.4714 -0.8819
vn -0.0084 0.6344 -0.7730
vn -0.0069 0.7730 -0.6344
vn -0.0051 0.8819 -0.4714
vn -0.0031 0.9569 -0.2903
vn -0.0011 0.9952 -0.0980
vn 0.0011 0.9952 0.0980
vn 0.0031 0.9569 0.2903
vn 0.0051 0.8819 0.4714
vn 0.0069 0.7730 0.6344
vn 0.0084 0.6344 0.7730
vn 0.0096 0.4714 0.8819
vn 0.0104 0.2903 0.9569
vn 0.0108 0.0980 0.9951
vn 0.0108 -0.0980 0.9951
vn 0.0104 -0.2903 0.9569
vn 0.0096 -0.4714 0.8819
vn 0.0084 -0.6344 0.7730
vn 0.0069 -0.7730 0.6344
vn 0.0051 -0.8819 0.4714
vn -0.9999 -0.0000 0.0108
vn 0.0031 -0.9569 0.2903
vn 0.0011 -0.9952 0.0980
vn 0.9999 -0.0000 -0.0108
vn -0.0108 -0.0000 -0.9999
vn -0.0000 1.0000 -0.0000
vn 0.9990 -0.0423 -0.0107
vn -0.0550 0.0078 0.9985
vn -0.0011 -1.0000 -0.0000
vn -0.0000 -1.0000 -0.0000
vn 0.0011 -0.9952 0.0981
vn 0.9999 -0.0000 -0.0109
vn 0.9999 0.0043 -0.0108
vn 0.9989 -0.0451 -0.0108
vn 0.9999 -0.0123 -0.0108
vn 0.9999 -0.0090 -0.0119
vn 0.9999 -0.0088 -0.0098
vn 0.9991 -0.0400 -0.0108
vn 0.4436 -0.8962 -0.0048
vn 0.4636 -0.8860 -0.0070
vn 0.9990 -0.0423 -0.0110
vn 0.4826 -0.8758 -0.0052
vn 0.4653 -0.8852 -0.0041
vn 0.0001 -1.0000 0.0093
vn -0.0108 0.0981 -0.9951
vn -0.0011 -0.9952 -0.0981
vn 0.0550 -0.0078 -0.9985
vn 0.0108 -0.0000 0.9999
vn 0.0105 0.2563 0.9665
vn -0.9990 -0.0423 0.0110
vn 0.0766 0.0078 0.9970
vn 0.0011 -1.0000 -0.0000
vn -0.9999 -0.0000 0.0143
vn -0.9999 0.0043 0.0108
vn -0.9989 -0.0451 0.0108
vn -0.9999 -0.0123 0.0108
vn -0.9999 -0.0090 0.0098
vn -0.9999 -0.0088 0.0119
vn -0.9991 -0.0400 0.0108
vn -0.4436 -0.8962 0.0048
vn -0.4637 -0.8860 0.0031
vn -0.9990 -0.0423 0.0107
vn -0.4826 -0.8758 0.0052
vn -0.4652 -0.8852 0.0060
vn 0.0032 -0.9569 0.2903
vn -0.9999 -0.0000 0.0109
vn -0.0766 -0.0078 -0.9970
vt 1.000000 0.500000
vt 1.000000 1.000000
vt 0.968750 1.000000
vt 0.968750 0.500000
vt 0.937500 1.000000
vt 0.937500 0.500000
vt 0.906250 1.000000
vt 0.906250 0.500000
vt 0.875000 1.000000
vt 0.875000 0.500000
vt 0.843750 1.000000
vt 0.843750 0.500000
vt 0.812500 1.000000
vt 0.812500 0.500000
vt 0.781250 1.000000
vt 0.781250 0.500000
vt 0.750000 1.000000
vt 0.750000 0.500000
vt 0.718750 1.000000
vt 0.718750 0.500000
vt 0.687500 1.000000
vt 0.687500 0.500000
vt 0.656250 1.000000
vt 0.656250 0.500000
vt 0.625000 1.000000
vt 0.625000 0.500000
vt 0.593750 1.000000
vt 0.593750 0.500000
vt 0.562500 1.000000
vt 0.562500 0.500000
vt 0.531250 1.000000
vt 0.531250 0.500000
vt 0.500000 1.000000
vt 0.500000 0.500000
vt 0.468750 1.000000
vt 0.468750 0.500000
vt 0.437500 1.000000
vt 0.437500 0.500000
vt 0.406250 1.000000
vt 0.406250 0.500000
vt 0.375000 1.000000
vt 0.375000 0.500000
vt 0.343750 1.000000
vt 0.343750 0.500000
vt 0.312500 1.000000
vt 0.312500 0.500000
vt 0.281250 1.000000
vt 0.281250 0.500000
vt 0.250000 1.000000
vt 0.250000 0.500000
vt 0.218750 1.000000
vt 0.218750 0.500000
vt 0.187500 1.000000
vt 0.187500 0.500000
vt 0.156250 1.000000
vt 0.156250 0.500000
vt 0.125000 1.000000
vt 0.125000 0.500000
vt 0.093750 1.000000
vt 0.093750 0.500000
vt 0.062500 1.000000
vt 0.062500 0.500000
vt 0.296822 0.485388
vt 0.250000 0.490000
vt 0.203178 0.485388
vt 0.158156 0.471731
vt 0.116663 0.449553
vt 0.080294 0.419706
vt 0.050447 0.383337
vt 0.028269 0.341844
vt 0.014612 0.296822
vt 0.010000 0.250000
vt 0.014612 0.203178
vt 0.028269 0.158156
vt 0.050447 0.116663
vt 0.080294 0.080294
vt 0.116663 0.050447
vt 0.158156 0.028269
vt 0.203178 0.014612
vt 0.250000 0.010000
vt 0.296822 0.014612
vt 0.341844 0.028269
vt 0.383337 0.050447
vt 0.419706 0.080294
vt 0.449553 0.116663
vt 0.471731 0.158156
vt 0.485388 0.203178
vt 0.490000 0.250000
vt 0.485388 0.296822
vt 0.471731 0.341844
vt 0.449553 0.383337
vt 0.419706 0.419706
vt 0.383337 0.449553
vt 0.341844 0.471731
vt 0.031250 1.000000
vt 0.031250 0.500000
vt 0.000000 1.000000
vt 0.000000 0.500000
vt 0.750000 0.490000
vt 0.796822 0.485388
vt 0.841844 0.471731
vt 0.883337 0.449553
vt 0.919706 0.419706
vt 0.949553 0.383337
vt 0.971731 0.341844
vt 0.985388 0.296822
vt 0.990000 0.250000
vt 0.985388 0.203178
vt 0.971731 0.158156
vt 0.949553 0.116663
vt 0.919706 0.080294
vt 0.883337 0.050447
vt 0.841844 0.028269
vt 0.796822 0.014612
vt 0.750000 0.010000
vt 0.703178 0.014612
vt 0.658156 0.028269
vt 0.616663 0.050447
vt 0.580294 0.080294
vt 0.550447 0.116663
vt 0.528269 0.158156
vt 0.514612 0.203178
vt 0.510000 0.250000
vt 0.514612 0.296822
vt 0.528269 0.341844
vt 0.550447 0.383337
vt 0.580294 0.419706
vt 0.616663 0.449553
vt 0.658156 0.471731
vt 0.703178 0.485388
vt 0.500000 0.437500
vt 0.500000 0.375000
vt 0.625000 0.375000
vt 0.751251 0.750000
vt 0.625000 0.750000
vt 0.751251 0.500000
vt 0.406250 0.531250
vt 0.375000 0.531250
vt 0.625000 0.857225
vt 0.375000 0.827061
vt 0.375000 0.750000
vt 0.406250 0.750000
vt 0.437500 0.750000
vt 0.500000 0.750000
vt 0.297939 0.750000
vt 0.297939 0.500000
vt 0.375000 0.562500
vt 0.375000 0.593750
vt 0.375000 0.625000
vt 0.375000 0.656250
vt 0.375000 0.687500
vt 0.375000 0.718750
vt 0.732226 0.500000
vt 0.732226 0.750000
vt 0.625000 0.625000
vt 0.437500 0.437500
vt 0.500000 0.373749
vt 0.625000 0.373749
vt 0.375000 0.437500
vt 0.437500 0.373749
vt 0.437500 0.375000
vt 0.375000 0.373749
vt 0.375000 0.375000
vt 0.687597 1.000000
vt 0.687342 1.000000
vt 0.624539 1.000000
vt 0.500000 0.687513
vt 0.500131 1.000000
vt 0.500131 0.687513
vt 0.468750 0.687513
vt 0.437500 0.687513
vt 0.406250 0.687513
vt 0.375000 0.687513
vt 0.343750 0.687513
vt 0.312500 0.687514
vt 0.281250 0.687514
vt 0.250000 0.687514
vt 0.218750 0.687514
vt 0.217875 1.000000
vt 0.217875 0.687514
vt 0.471774 0.158296
vt 0.471619 0.157946
vt 0.471580 0.157934
vt 0.471819 0.158911
vt 0.472125 0.160160
vt 0.421825 0.082877
vt 0.470156 0.155210
vt 0.250038 0.010041
vt 0.249852 0.010065
vt 0.158994 0.028144
vt 0.203572 0.014615
vt 0.250130 0.010027
vt 0.250197 0.010019
vt 0.014994 0.298082
vt 0.014637 0.293760
vt 0.010428 0.250473
vt 0.010408 0.250188
vt 0.028663 0.259836
vt 0.060046 0.289859
vt 0.266176 0.330862
vt 0.320035 0.318379
vt 0.456779 0.261368
vt 0.448770 0.215255
vt 0.380002 0.124831
vt 0.294469 0.029395
vt 0.250085 0.010037
vt 0.342070 0.028422
vt 0.342784 0.028818
vt 0.419169 0.079854
vt 0.500000 0.625000
vt 0.500000 0.562500
vt 0.500000 0.687500
vt 0.406250 0.656250
vt 0.406250 0.625000
vt 0.437500 0.687500
vt 0.437500 0.656250
vt 0.437500 0.625000
vt 0.437500 0.718750
vt 0.406250 0.718750
vt 0.406250 0.687500
vt 0.459029 0.562500
vt 0.458486 0.537915
vt 0.456578 0.535127
vt 0.453482 0.532557
vt 0.449320 0.530305
vt 0.444252 0.528457
vt 0.438470 0.527083
vt 0.437667 0.526975
vt 0.437500 0.526952
vt 0.437500 0.593750
vt 0.437500 0.582636
vt 0.437625 0.582619
vt 0.438524 0.582497
vt 0.444296 0.581124
vt 0.449357 0.579275
vt 0.453513 0.577023
vt 0.456603 0.574453
vt 0.458507 0.571665
vt 0.459152 0.568765
vt 0.406250 0.593750
vt 0.406250 0.562500
vt 0.406494 0.562500
vt 0.406494 0.586290
vt 0.408650 0.586141
vt 0.424643 0.584462
vt 0.408846 0.528448
vt 0.406495 0.528694
vt 0.406494 0.531250
vt 0.433327 0.527062
vt 0.424923 0.527333
vt 0.754555 1.000000
vt 0.750000 0.976717
vt 0.718750 0.817375
vt 0.718750 0.817374
vt 0.701719 0.734082
vt 0.692352 0.693077
vt 0.691498 0.694724
vt 0.687500 0.694599
vt 0.656250 0.693658
vt 0.625000 0.692793
vt 0.593750 0.692037
vt 0.562500 0.691421
vt 0.531250 0.690966
vt 0.506347 0.690700
vt 0.500000 0.691076
vt 0.468750 0.691310
vt 0.437500 0.691646
vt 0.406250 0.692070
vt 0.375000 0.692566
vt 0.343750 0.693115
vt 0.312500 0.693697
vt 0.281250 0.820034
vt 0.308013 0.693781
vt 0.307375 0.692551
vt 0.281250 0.820035
vt 0.250000 0.978620
vt 0.245787 1.000000
vt 0.010622 0.256313
vt 0.263607 0.488660
vt 0.448055 0.114838
vt 0.489328 0.243174
vt 0.196256 0.689441
vt 0.500256 0.687492
vt 0.531473 0.687435
vt 0.562653 0.687363
vt 0.593789 0.687275
vt 0.624871 0.687174
vt 0.655887 0.687059
vt 0.686821 0.686931
vt 0.717625 0.686777
vt 0.747821 0.686409
vt 0.375000 0.532493
vt 0.778756 1.000000
vt 0.778756 0.687514
vt 0.750000 0.687514
vt 0.718750 0.687513
vt 0.687500 0.687513
vt 0.656250 0.687513
vt 0.625000 0.687513
vt 0.593750 0.687513
vt 0.562500 0.687513
vt 0.531250 0.687513
vt 0.499824 1.000000
vt 0.499869 1.000000
vt 0.499869 0.687513
vt 0.437808 1.000000
vt 0.221244 0.687514
vt 0.221244 1.000000
vt 0.218827 1.000000
vt 0.218827 0.687514
vt 0.158600 0.028134
vt 0.249458 0.010061
vt 0.249644 0.010038
vt 0.249691 0.010035
vt 0.249737 0.010026
vt 0.418775 0.079854
vt 0.342390 0.028815
vt 0.471187 0.157930
vt 0.471225 0.157946
vt 0.471337 0.158156
vt 0.471380 0.158296
vt 0.489606 0.250000
vt 0.471731 0.160136
vt 0.471425 0.158895
vt 0.379609 0.119998
vt 0.448376 0.208770
vt 0.456385 0.250000
vt 0.319641 0.278847
vt 0.265782 0.288101
vt 0.059653 0.266077
vt 0.028269 0.253169
vt 0.010014 0.250069
vt 0.010035 0.250351
vt 0.014244 0.293085
vt 0.485756 0.293085
vt 0.449159 0.116663
vt 0.469762 0.155210
vt 0.341676 0.028420
vt 0.294075 0.028420
vt 0.421431 0.082877
vt 0.249803 0.010019
vt 0.296428 0.014612
vt 0.341450 0.028269
vt 0.382943 0.050447
vt 0.375000 0.422939
vt 0.625000 0.392774
vt 0.248749 0.500000
vt 0.343724 0.652061
vt 0.375000 0.652061
vt 0.248749 0.750000
vt 0.343724 0.532493
vt 0.500000 0.876251
vt 0.375000 0.876251
vt 0.625000 0.876251
s 0
f 1/1/1 2/2/1 4/3/1 3/4/1
f 3/4/2 4/3/2 6/5/2 5/6/2
f 5/6/3 6/5/3 8/7/3 7/8/3
f 7/8/4 8/7/4 10/9/4 9/10/4
f 9/10/5 10/9/5 12/11/5 11/12/5
f 11/12/6 12/11/6 14/13/6 13/14/6
f 13/14/7 14/13/7 16/15/7 15/16/7
f 15/16/8 16/15/8 18/17/8 17/18/8
f 17/18/9 18/17/9 20/19/9 19/20/9
f 19/20/10 20/19/10 22/21/10 21/22/10
f 21/22/11 22/21/11 24/23/11 23/24/11
f 23/24/12 24/23/12 26/25/12 25/26/12
f 25/26/13 26/25/13 28/27/13 27/28/13
f 27/28/14 28/27/14 30/29/14 29/30/14
f 29/30/15 30/29/15 32/31/15 31/32/15
f 31/32/16 32/31/16 34/33/16 33/34/16
f 33/34/17 34/33/17 36/35/17 35/36/17
f 35/36/18 36/35/18 38/37/18 37/38/18
f 37/38/19 38/37/19 40/39/19 39/40/19
f 39/40/20 40/39/20 42/41/20 41/42/20
f 41/42/21 42/41/21 44/43/21 43/44/21
f 43/44/22 44/43/22 46/45/22 45/46/22
f 45/46/23 46/45/23 48/47/23 47/48/23
f 47/48/24 48/47/24 50/49/24 49/50/24
f 49/50/25 50/49/25 52/51/25 51/52/25
f 51/52/26 52/51/26 54/53/26 53/54/26
f 53/54/27 54/53/27 56/55/27 55/56/27
f 55/56/28 56/55/28 58/57/28 57/58/28
f 57/58/29 58/57/29 60/59/29 59/60/29
f 59/60/30 60/59/30 62/61/30 61/62/30
f 4/63/31 2/64/31 64/65/31 62/66/31 60/67/31 58/68/31 56/69/31 54/70/31 52/71/31 50/72/31 48/73/31 46/74/31 44/75/31 42/76/31 40/77/31 38/78/31 36/79/31 34/80/31 32/81/31 30/82/31 28/83/31 26/84/31 24/85/31 22/86/31 20/87/31 18/88/31 16/89/31 14/90/31 12/91/31 10/92/31 8/93/31 6/94/31
f 61/62/32 62/61/32 64/95/32 63/96/32
f 63/96/33 64/95/33 2/97/33 1/98/33
f 1/99/34 3/100/34 5/101/34 7/102/34 9/103/34 11/104/34 13/105/34 15/106/34 17/107/34 19/108/34 21/109/34 23/110/34 25/111/34 27/112/34 29/113/34 31/114/34 33/115/34 35/116/34 37/117/34 39/118/34 41/119/34 43/120/34 45/121/34 47/122/34 49/123/34 51/124/34 53/125/34 55/126/34 57/127/34 59/128/34 61/129/34 63/130/34
f 171/34/35 69/131/35 68/132/35 180/133/35 182/26/35
f 380/134/36 181/135/36 182/26/36 180/18/36 381/136/36
f 216/137/37 215/138/37 223/42/37 224/40/37
f 384/139/38 385/140/38 124/141/38 125/142/38 163/143/38 172/144/38 183/135/38
f 385/145/39 382/146/39 223/42/39 215/138/39 207/147/39 188/148/39 186/149/39 184/150/39 175/151/39 173/152/39 124/141/39
f 383/153/36 384/154/36 183/135/36 247/155/36 248/26/36
f 171/34/35 169/38/35 67/156/35 69/131/35
f 386/157/35 381/158/35 180/133/35 68/132/35
f 66/159/35 67/156/35 169/38/35 162/42/35
f 69/131/34 67/156/34 73/156/34 75/131/34
f 388/160/35 389/157/35 74/132/35 71/161/35
f 387/162/35 388/160/35 71/161/35 70/163/35
f 73/156/35 72/159/35 70/163/35 71/161/35
f 75/131/35 73/156/35 71/161/35 74/132/35
f 66/46/40 65/50/40 70/50/40 72/46/40
f 75/131/36 74/132/36 68/132/36 69/131/36
f 67/156/34 66/159/34 72/159/34 73/156/34
f 116/21/31 117/164/31 118/21/31
f 116/21/31 118/21/31 120/165/31
f 132/27/31 129/166/31 134/27/31
f 139/29/31 136/29/31 132/27/31 134/27/31
f 136/29/31 139/29/31 142/31/31
f 155/167/41 95/33/41 100/168/41 156/169/41
f 154/170/1 92/35/1 95/33/1 155/167/1
f 153/171/2 90/37/2 92/35/2 154/170/2
f 89/39/3 90/37/3 153/171/3 152/172/3
f 88/41/4 89/39/4 152/172/4 151/173/4
f 87/43/5 88/41/5 151/173/5 150/174/5
f 149/175/6 86/45/6 87/43/6 150/174/6
f 148/176/7 85/47/7 86/45/7 149/175/7
f 81/49/8 85/47/8 148/176/8 147/177/8
f 76/51/9 81/49/9 147/177/9 144/178/9
f 77/179/18 76/51/18 144/178/18 145/180/18
f 111/88/42 112/88/42 107/88/42 108/88/42 109/88/42 105/88/42 110/88/42 117/181/42 116/86/42 120/182/42 121/183/42 119/184/42 115/185/42
f 130/85/34 127/186/34 123/187/34
f 98/188/34 97/189/34 91/190/34 94/191/34 101/192/34 100/193/34 95/80/34 92/79/34 90/78/34 89/77/34 88/76/34 87/75/34 86/74/34 85/73/34 81/72/34 76/71/34 77/194/34 78/195/34 82/196/34 83/197/34 80/198/34 79/199/34 84/200/34 102/201/34 104/202/34 113/203/34 126/204/34 135/205/34
f 101/192/42 99/206/42 98/188/42 135/205/42 138/207/42 140/208/42 129/209/42 132/83/42 136/82/42 142/81/42 100/193/42
f 206/210/43 245/211/43 246/34/43 248/26/43 247/155/43
f 172/144/43 179/212/43 206/210/43 247/155/43 183/135/43
f 185/213/44 184/150/44 186/149/44 187/214/44
f 178/215/45 197/216/45 198/217/45 206/210/45 179/212/45
f 163/143/45 177/218/45 178/215/45 179/212/45 172/144/45
f 174/219/44 173/152/44 175/151/44 176/220/44
f 233/221/46 234/222/46 244/223/46 243/224/46 242/225/46 241/226/46 238/227/46 237/228/46 239/229/46 240/38/46 246/34/46 245/211/46
f 198/217/47 200/230/47 201/231/47 202/232/47 203/233/47 204/234/47 205/235/47 229/236/47 230/237/47 231/238/47 232/239/47 233/221/47 245/211/47 206/210/47
f 189/240/48 188/148/48 207/147/48 208/241/48
f 189/240/49 208/241/49 209/242/49 190/243/49 192/244/49 199/245/49 201/231/49 200/230/49
f 198/217/50 187/214/50 189/240/50 200/230/50
f 187/214/51 186/149/51 188/148/51 189/240/51
f 177/218/52 174/219/52 176/220/52 178/215/52
f 163/143/52 125/142/52 174/219/52 177/218/52
f 125/142/44 124/141/44 173/152/44 174/219/44
f 197/216/52 185/213/52 187/214/52 198/217/52
f 178/215/52 176/220/52 185/213/52 197/216/52
f 176/220/44 175/151/44 184/150/44 185/213/44
f 220/246/53 218/247/53 217/248/53 216/137/53 224/40/53 240/38/53 239/229/53 236/249/53 235/250/53
f 217/248/49 209/242/49 208/241/49 216/137/49
f 208/241/48 207/147/48 215/138/48 216/137/48
f 218/251/24 220/252/24 219/17/24
f 221/19/25 219/17/25 220/252/25 235/253/25
f 222/21/26 221/19/26 235/254/26 236/255/26 239/256/26 237/257/26 238/258/26
f 225/23/27 222/21/27 238/258/27 241/259/27
f 226/25/28 225/23/28 241/259/28 242/260/28
f 227/27/29 226/25/29 242/260/29 243/261/29
f 244/262/30 228/29/30 227/27/30 243/261/30
f 234/263/32 214/31/32 228/29/32 244/262/32
f 213/33/54 214/31/54 234/263/54 233/264/54 232/265/54
f 212/35/1 213/33/1 232/265/1 231/266/1
f 211/37/2 212/35/2 231/266/2 230/267/2
f 210/39/3 211/37/3 230/267/3 229/268/3
f 196/41/4 210/39/4 229/268/4 205/269/4
f 195/43/5 196/41/5 205/269/5 204/270/5
f 194/45/6 195/43/6 204/270/6 203/271/6
f 199/272/7 193/47/7 194/45/7 203/271/7 202/273/7 201/274/7
f 199/275/8 192/276/8 191/49/8 193/47/8
f 190/277/55 191/49/55 192/276/55
f 213/64/34 212/65/34 211/66/34 210/67/34 196/68/34 195/69/34 194/70/34 193/71/34 191/72/34 190/278/34 209/279/34 217/280/34 218/281/34 219/88/34 221/87/34 222/86/34 225/85/34 226/84/34 227/83/34 228/94/34 214/63/34
f 143/141/34 146/282/34 145/180/34 144/178/34 147/177/34 148/176/34 149/175/34 150/174/34 151/173/34 152/172/34 153/171/34 154/170/34 155/167/34 156/169/34 157/283/34 168/284/34 167/285/34 166/286/34 164/287/34 165/288/34 161/289/34 160/290/34 159/291/34 158/292/34 162/42/34 169/38/34 171/34/34 182/26/34 181/135/34 170/144/34
f 106/17/24 103/293/24 158/294/24 159/295/24
f 114/19/25 106/17/25 159/295/25 160/296/25
f 161/297/26 122/21/26 114/19/26 160/296/26
f 165/298/27 131/23/27 122/21/27 161/297/27
f 128/25/28 131/23/28 165/298/28 164/299/28
f 133/27/29 128/25/29 164/299/29 166/300/29
f 137/29/30 133/27/30 166/300/30 167/301/30
f 168/302/32 141/31/32 137/29/32 167/301/32
f 157/167/33 96/33/33 141/31/33 168/302/33
f 93/35/31 101/303/31 94/35/31
f 100/304/56 96/33/56 157/167/56 156/305/56
f 93/35/31 94/35/31 91/306/31
f 146/307/25 78/308/25 77/309/25 145/310/25
f 93/79/34 91/311/34 97/312/34 98/313/34 99/314/34 101/315/34
f 129/316/34 140/317/34 121/318/34 120/319/34 118/320/34 117/321/34 110/322/34 105/322/34 109/322/34 108/322/34 107/322/34 112/322/34 111/322/34 115/323/34 119/324/34 126/325/34 113/326/34 104/327/34 102/328/34 84/329/34 79/330/34 80/331/34 83/332/34 82/333/34 78/334/34 103/335/34 106/88/34 114/87/34 122/86/34 131/85/34 130/336/34 123/337/34
f 119/324/34 121/318/34 140/317/34 138/338/34 135/339/34 126/325/34
f 129/316/42 123/337/42 127/340/42 130/336/42 131/85/42 128/84/42 133/83/42 137/82/42 141/81/42 96/80/42 100/341/42 142/342/42 139/343/42 134/344/42
f 249/1/1 250/2/1 252/3/1 251/4/1
f 251/4/2 252/3/2 254/5/2 253/6/2
f 253/6/3 254/5/3 256/7/3 255/8/3
f 255/8/4 256/7/4 258/9/4 257/10/4
f 257/10/5 258/9/5 260/11/5 259/12/5
f 259/12/6 260/11/6 262/13/6 261/14/6
f 261/14/7 262/13/7 264/15/7 263/16/7
f 263/16/8 264/15/8 266/17/8 265/18/8
f 265/18/9 266/17/9 268/19/9 267/20/9
f 267/20/10 268/19/10 270/21/10 269/22/10
f 269/22/11 270/21/11 272/23/11 271/24/11
f 271/24/12 272/23/12 274/25/12 273/26/12
f 273/26/13 274/25/13 276/27/13 275/28/13
f 275/28/14 276/27/14 278/29/14 277/30/14
f 277/30/15 278/29/15 280/31/15 279/32/15
f 279/32/16 280/31/16 282/33/16 281/34/16
f 281/34/17 282/33/17 284/35/17 283/36/17
f 283/36/18 284/35/18 286/37/18 285/38/18
f 285/38/19 286/37/19 288/39/19 287/40/19
f 287/40/20 288/39/20 290/41/20 289/42/20
f 289/42/21 290/41/21 292/43/21 291/44/21
f 291/44/22 292/43/22 294/45/22 293/46/22
f 293/46/23 294/45/23 296/47/23 295/48/23
f 295/48/24 296/47/24 298/49/24 297/50/24
f 297/50/25 298/49/25 300/51/25 299/52/25
f 299/52/26 300/51/26 302/53/26 301/54/26
f 301/54/27 302/53/27 304/55/27 303/56/27
f 303/56/28 304/55/28 306/57/28 305/58/28
f 305/58/29 306/57/29 308/59/29 307/60/29
f 307/60/30 308/59/30 310/61/30 309/62/30
f 252/63/31 250/64/31 312/65/31 310/66/31 308/67/31 306/68/31 304/69/31 302/70/31 300/71/31 298/72/31 296/73/31 294/74/31 292/75/31 290/76/31 288/77/31 286/78/31 284/79/31 282/80/31 280/81/31 278/82/31 276/83/31 274/84/31 272/85/31 270/86/31 268/87/31 266/88/31 264/89/31 262/90/31 260/91/31 258/92/31 256/93/31 254/94/31
f 309/62/32 310/61/32 312/95/32 311/96/32
f 311/96/33 312/95/33 250/97/33 249/98/33
f 249/99/34 251/100/34 253/101/34 255/102/34 257/103/34 259/104/34 261/105/34 263/106/34 265/107/34 267/108/34 269/109/34 271/110/34 273/111/34 275/112/34 277/113/34 279/114/34 281/115/34 283/116/34 285/117/34 287/118/34 289/119/34 291/120/34 293/121/34 295/122/34 297/123/34 299/124/34 301/125/34 303/126/34 305/127/34 307/128/34 309/129/34 311/130/34
f 313/1/1 314/2/1 316/3/1 315/4/1
f 315/4/2 316/3/2 318/5/2 317/6/2
f 317/6/3 318/5/3 320/7/3 319/8/3
f 319/8/4 320/7/4 322/9/4 321/10/4
f 321/10/5 322/9/5 324/11/5 323/12/5
f 323/12/6 324/11/6 326/13/6 325/14/6
f 325/14/7 326/13/7 328/15/7 327/16/7
f 327/16/8 328/15/8 330/17/8 329/18/8
f 329/18/9 330/17/9 332/19/9 331/20/9
f 331/20/10 332/19/10 334/21/10 333/22/10
f 333/22/11 334/21/11 336/23/11 335/24/11
f 335/24/12 336/23/12 338/25/12 337/26/12
f 337/26/13 338/25/13 340/27/13 339/28/13
f 339/28/14 340/27/14 342/29/14 341/30/14
f 341/30/15 342/29/15 344/31/15 343/32/15
f 343/32/16 344/31/16 346/33/16 345/34/16
f 345/34/17 346/33/17 348/35/17 347/36/17
f 347/36/18 348/35/18 350/37/18 349/38/18
f 349/38/19 350/37/19 352/39/19 351/40/19
f 351/40/20 352/39/20 354/41/20 353/42/20
f 353/42/21 354/41/21 356/43/21 355/44/21
f 355/44/22 356/43/22 358/45/22 357/46/22
f 357/46/23 358/45/23 360/47/23 359/48/23
f 359/48/24 360/47/24 362/49/24 361/50/24
f 361/50/25 362/49/25 364/51/25 363/52/25
f 363/52/26 364/51/26 366/53/26 365/54/26
f 365/54/27 366/53/27 368/55/27 367/56/27
f 367/56/28 368/55/28 370/57/28 369/58/28
f 369/58/29 370/57/29 372/59/29 371/60/29
f 371/60/30 372/59/30 374/61/30 373/62/30
f 316/63/31 314/64/31 376/65/31 374/66/31 372/67/31 370/68/31 368/69/31 366/70/31 364/71/31 362/72/31 360/73/31 358/74/31 356/75/31 354/76/31 352/77/31 350/78/31 348/79/31 346/80/31 344/81/31 342/82/31 340/83/31 338/84/31 336/85/31 334/86/31 332/87/31 330/88/31 328/89/31 326/90/31 324/91/31 322/92/31 320/93/31 318/94/31
f 373/62/32 374/61/32 376/95/32 375/96/32
f 375/96/33 376/95/33 314/97/33 313/98/33
f 313/99/34 315/100/34 317/101/34 319/102/34 321/103/34 323/104/34 325/105/34 327/106/34 329/107/34 331/108/34 333/109/34 335/110/34 337/111/34 339/112/34 341/113/34 343/114/34 345/115/34 347/116/34 349/117/34 351/118/34 353/119/34 355/120/34 357/121/34 359/122/34 361/123/34 363/124/34 365/125/34 367/126/34 369/127/34 371/128/34 373/129/34 375/130/34
f 74/132/36 389/157/36 386/157/36 68/132/36
f 240/38/57 224/40/57 223/42/57 382/345/57 383/346/57 248/26/57 246/34/57
f 65/50/40 379/347/40 387/347/40 70/50/40
f 78/348/40 146/349/40 143/141/40 378/350/40 379/347/40 65/50/40 66/46/40 162/42/40 158/292/40 103/351/40
f 170/144/58 377/352/58 378/353/58 143/141/58
f 181/135/59 380/354/59 377/352/59 170/144/59
f 390/1/1 392/4/1 393/3/1 391/2/1
f 392/4/2 394/6/2 395/5/2 393/3/2
f 394/6/3 396/8/3 397/7/3 395/5/3
f 396/8/4 398/10/4 399/9/4 397/7/4
f 398/10/5 400/12/5 401/11/5 399/9/5
f 400/12/6 402/14/6 403/13/6 401/11/6
f 402/14/7 404/16/7 405/15/7 403/13/7
f 404/16/8 406/18/8 407/17/8 405/15/8
f 406/18/9 408/20/9 409/19/9 407/17/9
f 408/20/10 410/22/10 411/21/10 409/19/10
f 410/22/11 412/24/11 413/23/11 411/21/11
f 412/24/12 414/26/12 415/25/12 413/23/12
f 414/26/13 416/28/13 417/27/13 415/25/13
f 416/28/14 418/30/14 419/29/14 417/27/14
f 418/30/15 420/32/15 421/31/15 419/29/15
f 420/32/16 422/34/16 423/33/16 421/31/16
f 422/34/17 424/36/17 425/35/17 423/33/17
f 424/36/18 426/38/18 427/37/18 425/35/18
f 426/38/19 428/40/19 429/39/19 427/37/19
f 428/40/20 430/42/20 431/41/20 429/39/20
f 430/42/21 432/44/21 433/43/21 431/41/21
f 432/44/22 434/46/22 435/45/22 433/43/22
f 434/46/23 436/48/23 437/47/23 435/45/23
f 436/48/24 438/50/24 439/49/24 437/47/24
f 438/50/25 440/52/25 441/51/25 439/49/25
f 440/52/26 442/54/26 443/53/26 441/51/26
f 442/54/27 444/56/27 445/55/27 443/53/27
f 444/56/28 446/58/28 447/57/28 445/55/28
f 446/58/29 448/60/29 449/59/29 447/57/29
f 448/60/30 450/62/30 451/61/30 449/59/30
f 393/63/34 395/94/34 397/93/34 399/92/34 401/91/34 403/90/34 405/89/34 407/88/34 409/87/34 411/86/34 413/85/34 415/84/34 417/83/34 419/82/34 421/81/34 423/80/34 425/79/34 427/78/34 429/77/34 431/76/34 433/75/34 435/74/34 437/73/34 439/72/34 441/71/34 443/70/34 445/69/34 447/68/34 449/67/34 451/66/34 453/65/34 391/64/34
f 450/62/32 452/96/32 453/95/32 451/61/32
f 452/96/33 390/98/33 391/97/33 453/95/33
f 390/99/31 452/130/31 450/129/31 448/128/31 446/127/31 444/126/31 442/125/31 440/124/31 438/123/31 436/122/31 434/121/31 432/120/31 430/119/31 428/118/31 426/117/31 424/116/31 422/115/31 420/114/31 418/113/31 416/112/31 414/111/31 412/110/31 410/109/31 408/108/31 406/107/31 404/106/31 402/105/31 400/104/31 398/103/31 396/102/31 394/101/31 392/100/31
f 560/34/35 571/26/35 569/133/35 457/132/35 458/131/35
f 380/134/36 381/136/36 569/18/36 571/26/36 570/135/36
f 605/137/60 613/40/60 612/42/60 604/138/60
f 384/139/61 572/135/61 561/144/61 552/143/61 514/142/61 513/141/61 385/140/61
f 385/145/62 513/141/62 562/152/62 564/151/62 573/150/62 575/149/62 577/148/62 596/147/62 604/138/62 612/42/62 382/146/62
f 383/153/36 637/26/36 636/155/36 572/135/36 384/154/36
f 560/34/35 458/131/35 456/156/35 558/38/35
f 386/157/35 457/132/35 569/133/35 381/158/35
f 455/159/35 551/42/35 558/38/35 456/156/35
f 458/131/31 464/131/31 462/156/31 456/156/31
f 388/160/35 460/161/35 463/132/35 389/157/35
f 387/162/35 459/163/35 460/161/35 388/160/35
f 462/156/35 460/161/35 459/163/35 461/159/35
f 464/131/35 463/132/35 460/161/35 462/156/35
f 455/46/40 461/46/40 459/50/40 454/50/40
f 464/131/36 458/131/36 457/132/36 463/132/36
f 456/156/31 462/156/31 461/159/31 455/159/31
f 505/21/31 507/21/31 506/164/31
f 505/21/31 509/165/31 507/21/31
f 521/27/31 523/27/31 518/166/31
f 528/29/31 523/27/31 521/27/31 525/29/31
f 525/29/31 531/31/31 528/29/31
f 544/167/41 545/169/41 489/168/41 484/33/41
f 543/170/1 544/167/1 484/33/1 481/35/1
f 542/171/2 543/170/2 481/35/2 479/37/2
f 478/39/3 541/172/3 542/171/3 479/37/3
f 477/41/4 540/173/4 541/172/4 478/39/4
f 476/43/5 539/174/5 540/173/5 477/41/5
f 538/175/6 539/174/6 476/43/6 475/45/6
f 537/176/7 538/175/7 475/45/7 474/47/7
f 470/49/8 536/177/8 537/176/8 474/47/8
f 465/51/9 533/178/9 536/177/9 470/49/9
f 466/179/18 534/180/18 533/178/18 465/51/18
f 500/88/63 504/185/63 508/184/63 510/183/63 509/182/63 505/86/63 506/181/63 499/88/63 494/88/63 498/88/63 497/88/63 496/88/63 501/88/63
f 519/85/31 512/187/31 516/186/31
f 487/188/31 524/205/31 515/204/31 502/203/31 493/202/31 491/201/31 473/200/31 468/199/31 469/198/31 472/197/31 471/196/31 467/195/31 466/194/31 465/71/31 470/72/31 474/73/31 475/74/31 476/75/31 477/76/31 478/77/31 479/78/31 481/79/31 484/80/31 489/193/31 490/192/31 483/191/31 480/190/31 486/189/31
f 490/192/31 489/193/31 531/81/31 525/82/31 521/83/31 518/209/31 529/208/31 527/207/31 524/205/31 487/188/31 488/206/31
f 595/210/64 636/155/64 637/26/64 635/34/64 634/211/64
f 561/144/64 572/135/64 636/155/64 595/210/64 568/212/64
f 574/213/65 576/214/65 575/149/65 573/150/65
f 567/215/66 568/212/66 595/210/66 587/217/66 586/216/66
f 552/143/66 561/144/66 568/212/66 567/215/66 566/218/66
f 563/219/65 565/220/65 564/151/65 562/152/65
f 622/221/67 634/211/67 635/34/67 629/38/67 628/229/67 626/228/67 627/227/67 630/226/67 631/225/67 632/224/67 633/223/67 623/222/67
f 587/217/68 595/210/68 634/211/68 622/221/68 621/239/68 620/238/68 619/237/68 618/236/68 594/235/68 593/234/68 592/233/68 591/232/68 590/231/68 589/230/68
f 578/240/69 597/241/69 596/147/69 577/148/69
f 578/240/70 589/230/70 590/231/70 588/245/70 581/244/70 579/243/70 598/242/70 597/241/70
f 587/217/71 589/230/71 578/240/71 576/214/71
f 576/214/72 578/240/72 577/148/72 575/149/72
f 566/218/73 567/215/73 565/220/73 563/219/73
f 552/143/73 566/218/73 563/219/73 514/142/73
f 514/142/65 563/219/65 562/152/65 513/141/65
f 586/216/73 587/217/73 576/214/73 574/213/73
f 567/215/73 586/216/73 574/213/73 565/220/73
f 565/220/65 574/213/65 573/150/65 564/151/65
f 609/246/74 624/250/74 625/249/74 628/229/74 629/38/74 613/40/74 605/137/74 606/248/74 607/247/74
f 606/248/70 605/137/70 597/241/70 598/242/70
f 597/241/69 605/137/69 604/138/69 596/147/69
f 607/251/24 608/17/24 609/252/24
f 610/19/25 624/253/25 609/252/25 608/17/25
f 611/21/26 627/258/26 626/257/26 628/256/26 625/255/26 624/254/26 610/19/26
f 614/23/27 630/259/27 627/258/27 611/21/27
f 615/25/28 631/260/28 630/259/28 614/23/28
f 616/27/29 632/261/29 631/260/29 615/25/29
f 633/262/30 632/261/30 616/27/30 617/29/30
f 623/263/75 633/262/75 617/29/75 603/31/75
f 602/33/54 621/265/54 622/264/54 623/263/54 603/31/54
f 601/35/1 620/266/1 621/265/1 602/33/1
f 600/37/2 619/267/2 620/266/2 601/35/2
f 599/39/3 618/268/3 619/267/3 600/37/3
f 585/41/4 594/269/4 618/268/4 599/39/4
f 584/43/5 593/270/5 594/269/5 585/41/5
f 583/45/6 592/271/6 593/270/6 584/43/6
f 588/272/7 590/274/7 591/273/7 592/271/7 583/45/7 582/47/7
f 588/275/8 582/47/8 580/49/8 581/276/8
f 579/277/55 581/276/55 580/49/55
f 602/64/31 603/63/31 617/94/31 616/83/31 615/84/31 614/85/31 611/86/31 610/87/31 608/88/31 607/281/31 606/280/31 598/279/31 579/278/31 580/72/31 582/71/31 583/70/31 584/69/31 585/68/31 599/67/31 600/66/31 601/65/31
f 532/141/31 559/144/31 570/135/31 571/26/31 560/34/31 558/38/31 551/42/31 547/292/31 548/291/31 549/290/31 550/289/31 554/288/31 553/287/31 555/286/31 556/285/31 557/284/31 546/283/31 545/169/31 544/167/31 543/170/31 542/171/31 541/172/31 540/173/31 539/174/31 538/175/31 537/176/31 536/177/31 533/178/31 534/180/31 535/282/31
f 495/17/24 548/295/24 547/294/24 492/293/24
f 503/19/25 549/296/25 548/295/25 495/17/25
f 550/297/26 549/296/26 503/19/26 511/21/26
f 554/298/27 550/297/27 511/21/27 520/23/27
f 517/25/28 553/299/28 554/298/28 520/23/28
f 522/27/29 555/300/29 553/299/29 517/25/29
f 526/29/30 556/301/30 555/300/30 522/27/30
f 557/302/32 556/301/32 526/29/32 530/31/32
f 546/167/33 557/302/33 530/31/33 485/33/33
f 482/35/31 483/35/31 490/303/31
f 489/304/56 545/305/56 546/167/56 485/33/56
f 482/35/31 480/306/31 483/35/31
f 535/307/25 534/310/25 466/309/25 467/308/25
f 482/79/76 490/315/76 488/314/76 487/313/76 486/312/76 480/311/76
f 518/316/31 512/337/31 519/336/31 520/85/31 511/86/31 503/87/31 495/88/31 492/335/31 467/334/31 471/333/31 472/332/31 469/331/31 468/330/31 473/329/31 491/328/31 493/327/31 502/326/31 515/325/31 508/324/31 504/323/31 500/322/31 501/322/31 496/322/31 497/322/31 498/322/31 494/322/31 499/322/31 506/321/31 507/320/31 509/319/31 510/318/31 529/317/31
f 508/324/31 515/325/31 524/339/31 527/338/31 529/317/31 510/318/31
f 518/316/31 523/344/31 528/343/31 531/342/31 489/341/31 485/80/31 530/81/31 526/82/31 522/83/31 517/84/31 520/85/31 519/336/31 516/340/31 512/337/31
f 638/1/1 640/4/1 641/3/1 639/2/1
f 640/4/2 642/6/2 643/5/2 641/3/2
f 642/6/3 644/8/3 645/7/3 643/5/3
f 644/8/4 646/10/4 647/9/4 645/7/4
f 646/10/5 648/12/5 649/11/5 647/9/5
f 648/12/6 650/14/6 651/13/6 649/11/6
f 650/14/7 652/16/7 653/15/7 651/13/7
f 652/16/8 654/18/8 655/17/8 653/15/8
f 654/18/9 656/20/9 657/19/9 655/17/9
f 656/20/10 658/22/10 659/21/10 657/19/10
f 658/22/11 660/24/11 661/23/11 659/21/11
f 660/24/12 662/26/12 663/25/12 661/23/12
f 662/26/13 664/28/13 665/27/13 663/25/13
f 664/28/14 666/30/14 667/29/14 665/27/14
f 666/30/15 668/32/15 669/31/15 667/29/15
f 668/32/16 670/34/16 671/33/16 669/31/16
f 670/34/17 672/36/17 673/35/17 671/33/17
f 672/36/18 674/38/18 675/37/18 673/35/18
f 674/38/19 676/40/19 677/39/19 675/37/19
f 676/40/20 678/42/20 679/41/20 677/39/20
f 678/42/21 680/44/21 681/43/21 679/41/21
f 680/44/22 682/46/22 683/45/22 681/43/22
f 682/46/23 684/48/23 685/47/23 683/45/23
f 684/48/24 686/50/24 687/49/24 685/47/24
f 686/50/25 688/52/25 689/51/25 687/49/25
f 688/52/26 690/54/26 691/53/26 689/51/26
f 690/54/27 692/56/27 693/55/27 691/53/27
f 692/56/28 694/58/28 695/57/28 693/55/28
f 694/58/29 696/60/29 697/59/29 695/57/29
f 696/60/30 698/62/30 699/61/30 697/59/30
f 641/63/34 643/94/34 645/93/34 647/92/34 649/91/34 651/90/34 653/89/34 655/88/34 657/87/34 659/86/34 661/85/34 663/84/34 665/83/34 667/82/34 669/81/34 671/80/34 673/79/34 675/78/34 677/77/34 679/76/34 681/75/34 683/74/34 685/73/34 687/72/34 689/71/34 691/70/34 693/69/34 695/68/34 697/67/34 699/66/34 701/65/34 639/64/34
f 698/62/32 700/96/32 701/95/32 699/61/32
f 700/96/33 638/98/33 639/97/33 701/95/33
f 638/99/31 700/130/31 698/129/31 696/128/31 694/127/31 692/126/31 690/125/31 688/124/31 686/123/31 684/122/31 682/121/31 680/120/31 678/119/31 676/118/31 674/117/31 672/116/31 670/115/31 668/114/31 666/113/31 664/112/31 662/111/31 660/110/31 658/109/31 656/108/31 654/107/31 652/106/31 650/105/31 648/104/31 646/103/31 644/102/31 642/101/31 640/100/31
f 702/1/1 704/4/1 705/3/1 703/2/1
f 704/4/2 706/6/2 707/5/2 705/3/2
f 706/6/3 708/8/3 709/7/3 707/5/3
f 708/8/4 710/10/4 711/9/4 709/7/4
f 710/10/5 712/12/5 713/11/5 711/9/5
f 712/12/6 714/14/6 715/13/6 713/11/6
f 714/14/7 716/16/7 717/15/7 715/13/7
f 716/16/8 718/18/8 719/17/8 717/15/8
f 718/18/9 720/20/9 721/19/9 719/17/9
f 720/20/10 722/22/10 723/21/10 721/19/10
f 722/22/11 724/24/11 725/23/11 723/21/11
f 724/24/12 726/26/12 727/25/12 725/23/12
f 726/26/13 728/28/13 729/27/13 727/25/13
f 728/28/14 730/30/14 731/29/14 729/27/14
f 730/30/15 732/32/15 733/31/15 731/29/15
f 732/32/16 734/34/16 735/33/16 733/31/16
f 734/34/17 736/36/17 737/35/17 735/33/17
f 736/36/18 738/38/18 739/37/18 737/35/18
f 738/38/19 740/40/19 741/39/19 739/37/19
f 740/40/20 742/42/20 743/41/20 741/39/20
f 742/42/21 744/44/21 745/43/21 743/41/21
f 744/44/22 746/46/22 747/45/22 745/43/22
f 746/46/23 748/48/23 749/47/23 747/45/23
f 748/48/24 750/50/24 751/49/24 749/47/24
f 750/50/25 752/52/25 753/51/25 751/49/25
f 752/52/26 754/54/26 755/53/26 753/51/26
f 754/54/27 756/56/27 757/55/27 755/53/27
f 756/56/28 758/58/28 759/57/28 757/55/28
f 758/58/29 760/60/29 761/59/29 759/57/29
f 760/60/30 762/62/30 763/61/30 761/59/30
f 705/63/34 707/94/34 709/93/34 711/92/34 713/91/34 715/90/34 717/89/34 719/88/34 721/87/34 723/86/34 725/85/34 727/84/34 729/83/34 731/82/34 733/81/34 735/80/34 737/79/34 739/78/34 741/77/34 743/76/34 745/75/34 747/74/34 749/73/34 751/72/34 753/71/34 755/70/34 757/69/34 759/68/34 761/67/34 763/66/34 765/65/34 703/64/34
f 762/62/32 764/96/32 765/95/32 763/61/32
f 764/96/33 702/98/33 703/97/33 765/95/33
f 702/99/31 764/130/31 762/129/31 760/128/31 758/127/31 756/126/31 754/125/31 752/124/31 750/123/31 748/122/31 746/121/31 744/120/31 742/119/31 740/118/31 738/117/31 736/116/31 734/115/31 732/114/31 730/113/31 728/112/31 726/111/31 724/110/31 722/109/31 720/108/31 718/107/31 716/106/31 714/105/31 712/104/31 710/103/31 708/102/31 706/101/31 704/100/31
f 463/132/36 457/132/36 386/157/36 389/157/36
f 629/38/77 635/34/77 637/26/77 383/346/77 382/345/77 612/42/77 613/40/77
f 454/50/40 459/50/40 387/347/40 379/347/40
f 467/348/40 492/351/40 547/292/40 551/42/40 455/46/40 454/50/40 379/347/40 378/350/40 532/141/40 535/349/40
f 559/144/58 532/141/58 378/353/58 377/352/58
f 570/135/59 559/144/59 377/352/59 380/354/59
o tuck.001
v 2419.650146 75.343407 -5717.088379
v 2420.102051 75.343407 -5717.134277
v 2419.662109 75.354935 -5716.971680
v 2420.114014 75.354935 -5717.018066
v 2419.673584 75.389076 -5716.859863
v 2420.125488 75.389076 -5716.906250
v 2419.684082 75.444519 -5716.756836
v 2420.135986 75.444519 -5716.802734
v 2419.693359 75.519142 -5716.666016
v 2420.145264 75.519142 -5716.712402
v 2419.700928 75.610062 -5716.591797
v 2420.152832 75.610062 -5716.638184
v 2419.706543 75.713791 -5716.536621
v 2420.158447 75.713791 -5716.583008
v 2419.709961 75.826347 -5716.502930
v 2420.162109 75.826347 -5716.549316
v 2419.711182 75.943405 -5716.491211
v 2420.163086 75.943405 -5716.537598
v 2419.709961 76.060455 -5716.502930
v 2420.162109 76.060455 -5716.549316
v 2419.706543 76.173012 -5716.536621
v 2420.158447 76.173012 -5716.583008
v 2419.700928 76.276749 -5716.591797
v 2420.152832 76.276749 -5716.638184
v 2419.693359 76.367668 -5716.666016
v 2420.145264 76.367668 -5716.712402
v 2419.684082 76.442284 -5716.756836
v 2420.135986 76.442284 -5716.802734
v 2419.673584 76.497734 -5716.859863
v 2420.125488 76.497734 -5716.906250
v 2419.662109 76.531876 -5716.971680
v 2420.114014 76.531876 -5717.018066
v 2419.650146 76.543404 -5717.088379
v 2420.102051 76.543404 -5717.134277
v 2419.638184 76.531876 -5717.204590
v 2420.090332 76.531876 -5717.250977
v 2419.626709 76.497734 -5717.316895
v 2420.078857 76.497734 -5717.362793
v 2419.616211 76.442284 -5717.419922
v 2420.068115 76.442284 -5717.466309
v 2419.606934 76.367668 -5717.510254
v 2420.058838 76.367668 -5717.556641
v 2419.599365 76.276749 -5717.584473
v 2420.051270 76.276749 -5717.630859
v 2419.593750 76.173012 -5717.639648
v 2420.045654 76.173012 -5717.686035
v 2419.590332 76.060455 -5717.673828
v 2420.042236 76.060455 -5717.719727
v 2419.589111 75.943405 -5717.685059
v 2420.041016 75.943405 -5717.731445
v 2419.590332 75.826347 -5717.673828
v 2420.042236 75.826347 -5717.719727
v 2419.593750 75.713791 -5717.639648
v 2420.045654 75.713791 -5717.686035
v 2419.599365 75.610062 -5717.584473
v 2420.051270 75.610062 -5717.630859
v 2419.606934 75.519142 -5717.510254
v 2420.058838 75.519142 -5717.556641
v 2419.616211 75.444519 -5717.419922
v 2420.068115 75.444519 -5717.466309
v 2419.626709 75.389076 -5717.316895
v 2420.078857 75.389076 -5717.362793
v 2419.638184 75.354935 -5717.204590
v 2420.090332 75.354935 -5717.250977
v 2421.013184 75.808762 -5716.083984
v 2420.448730 75.808762 -5716.026367
v 2420.448730 76.388794 -5716.026367
v 2421.013184 77.107376 -5716.083984
v 2420.448730 77.107376 -5716.026367
v 2421.136230 75.808762 -5714.880859
v 2421.136230 76.388794 -5714.880859
v 2420.571777 75.808762 -5714.822754
v 2420.571777 76.388794 -5714.822754
v 2421.136230 77.107376 -5714.880859
v 2420.571777 77.107376 -5714.822754
v 2419.976074 75.797089 -5717.861328
v 2419.976074 75.797455 -5717.860352
v 2419.976074 75.808762 -5717.861328
v 2419.990479 75.893166 -5717.720215
v 2419.980469 75.933502 -5717.817871
v 2419.974609 75.943405 -5717.875977
v 2419.974609 75.942307 -5717.874512
v 2419.974609 75.943192 -5717.874512
v 2420.055908 75.824341 -5717.079590
v 2419.976074 76.089722 -5717.861328
v 2419.980225 76.230423 -5717.819336
v 2419.987305 76.360085 -5717.750000
v 2419.996826 76.473740 -5717.657227
v 2420.008545 76.567009 -5717.544434
v 2420.021729 76.636314 -5717.415527
v 2420.021973 76.636734 -5717.412598
v 2420.035889 76.678993 -5717.275391
v 2420.036133 76.678993 -5717.273926
v 2420.036133 76.678993 -5717.273926
v 2420.050781 76.693405 -5717.129883
v 2420.051025 76.693405 -5717.128418
v 2420.050781 76.693214 -5717.130371
v 2420.050781 76.693291 -5717.129883
v 2420.050781 76.693298 -5717.129395
v 2420.051025 76.693344 -5717.129395
v 2420.050781 76.693329 -5717.129395
v 2420.073242 75.853264 -5716.912109
v 2420.125977 75.808762 -5716.395508
v 2420.116699 75.943405 -5716.486816
v 2420.127197 75.943405 -5716.383789
v 2420.127197 75.943405 -5716.382324
v 2420.127197 75.943405 -5716.383789
v 2420.127197 75.943405 -5716.383789
v 2420.127197 75.943405 -5716.383789
v 2420.127197 75.943405 -5716.383789
v 2420.127197 75.943405 -5716.383789
v 2420.127197 75.943405 -5716.383789
v 2420.114014 76.072250 -5716.511719
v 2420.125732 76.089722 -5716.396973
v 2420.121582 76.224236 -5716.439453
v 2420.121338 76.230423 -5716.440430
v 2420.121338 76.229980 -5716.440430
v 2420.121338 76.230423 -5716.440430
v 2420.121338 76.228111 -5716.440430
v 2420.121338 76.231071 -5716.440918
v 2420.121338 76.231125 -5716.440918
v 2420.121582 76.230423 -5716.439453
v 2420.120850 76.239624 -5716.445312
v 2420.223877 75.794327 -5715.533691
v 2420.218994 75.901749 -5715.533203
v 2420.092285 76.349663 -5716.725586
v 2420.105469 76.465668 -5716.595703
v 2420.104980 76.473740 -5716.601074
v 2420.104736 76.475113 -5716.604004
v 2420.114258 76.360085 -5716.509277
v 2420.114502 76.360085 -5716.508301
v 2420.093262 76.567009 -5716.715332
v 2420.093506 76.567009 -5716.713867
v 2420.093262 76.567009 -5716.715332
v 2420.064941 76.635849 -5716.991699
v 2420.080078 76.636314 -5716.844238
v 2420.080078 76.636314 -5716.843262
v 2420.080078 76.635849 -5716.843750
v 2420.080078 76.636314 -5716.844238
v 2420.080322 76.634613 -5716.841309
v 2420.065918 76.678993 -5716.982910
v 2420.065674 76.678993 -5716.984375
v 2419.570801 75.808769 -5719.033203
v 2419.693604 75.797089 -5717.832520
v 2419.693604 75.797455 -5717.831543
v 2419.693604 75.808769 -5717.832520
v 2419.692139 75.943405 -5717.847168
v 2419.693604 76.089722 -5717.832520
v 2419.697754 76.230423 -5717.790039
v 2419.704834 76.360085 -5717.721191
v 2419.714355 76.473740 -5717.628418
v 2419.726074 76.567009 -5717.515625
v 2419.739258 76.636314 -5717.386230
v 2419.753418 76.678993 -5717.246582
v 2419.768311 76.693405 -5717.101074
v 2419.768555 76.693344 -5717.100098
v 2419.768555 76.693405 -5717.099609
v 2419.843506 75.808769 -5716.366699
v 2419.844727 75.943405 -5716.353516
v 2419.843262 76.089722 -5716.367676
v 2419.839111 76.230423 -5716.410156
v 2419.884277 75.808769 -5715.968262
v 2419.637207 76.216270 -5715.611816
v 2419.822510 76.473740 -5716.572266
v 2419.832031 76.360085 -5716.479492
v 2419.810791 76.567009 -5716.685059
v 2419.797607 76.636314 -5716.813965
v 2419.783447 76.678993 -5716.954102
v 2419.884277 76.388794 -5715.968262
v 2419.570801 77.107376 -5719.033203
v 2419.884277 77.107376 -5715.968262
v 2419.620117 77.609909 -5715.609863
v 2420.384277 75.794327 -5713.964844
v 2420.379395 75.901749 -5713.964355
v 2420.544678 75.794327 -5712.395996
v 2420.540039 75.901749 -5712.395508
v 2419.797607 76.216270 -5714.042969
v 2419.958252 76.216270 -5712.474121
v 2419.941162 77.609909 -5712.472656
v 2421.013184 78.544556 -5716.083984
v 2419.609375 78.544556 -5718.654297
v 2419.884277 78.544556 -5715.968262
v 2419.642334 79.548431 -5715.474121
v 2420.705322 75.794327 -5710.827637
v 2420.700439 75.901749 -5710.827148
v 2420.865723 75.794327 -5709.258789
v 2420.861084 75.901749 -5709.258301
v 2421.026367 75.794327 -5707.689941
v 2421.021240 75.921448 -5707.689453
v 2421.054932 75.923683 -5707.315430
v 2421.054688 75.943405 -5707.317383
v 2421.015137 75.943405 -5707.313477
v 2421.056152 76.089722 -5707.303223
v 2421.060547 76.230423 -5707.260742
v 2421.067627 76.360085 -5707.191895
v 2421.077148 76.473740 -5707.099121
v 2420.118652 76.216270 -5710.905273
v 2420.279297 76.216270 -5709.336914
v 2420.722412 76.089722 -5707.269043
v 2420.432617 76.207344 -5707.767090
v 2420.489746 76.207344 -5707.209473
v 2420.491943 76.210220 -5707.208496
v 2420.492432 76.230423 -5707.202637
v 2420.498535 76.360085 -5707.133301
v 2420.507080 76.473740 -5707.040527
v 2420.262207 77.609909 -5709.334961
v 2421.186768 75.794327 -5706.121094
v 2421.181641 75.921448 -5706.120605
v 2421.177002 75.923683 -5706.121094
v 2421.088623 76.567009 -5706.985840
v 2421.101807 76.636314 -5706.856934
v 2421.116211 76.678993 -5706.716797
v 2421.131104 76.693405 -5706.571289
v 2421.289551 76.678993 -5705.022949
v 2421.347168 75.794327 -5704.552734
v 2421.342285 75.921448 -5704.551758
v 2421.337646 75.923683 -5704.552734
v 2421.350830 75.922081 -5704.424316
v 2421.351074 75.943405 -5704.422363
v 2421.307861 75.943405 -5704.417969
v 2421.349609 76.089722 -5704.436523
v 2421.345215 76.230423 -5704.479004
v 2421.507812 75.794327 -5702.983887
v 2421.502930 75.901749 -5702.983398
v 2421.338135 76.360085 -5704.547852
v 2421.328613 76.473740 -5704.640625
v 2421.317139 76.567009 -5704.753906
v 2421.303955 76.636314 -5704.882812
v 2420.517578 76.567009 -5706.927246
v 2420.530029 76.636314 -5706.798340
v 2420.543701 76.678993 -5706.658203
v 2420.558105 76.693405 -5706.512695
v 2420.589600 76.690483 -5706.198242
v 2420.716309 76.678993 -5704.964355
v 2421.010742 76.089722 -5704.401855
v 2420.854004 76.166405 -5704.409180
v 2420.779541 76.212418 -5704.415527
v 2420.778809 76.230423 -5704.420898
v 2420.776611 76.208572 -5704.414062
v 2420.921143 76.216270 -5703.062012
v 2420.770020 76.360085 -5704.489746
v 2420.758789 76.473740 -5704.582520
v 2420.745850 76.567009 -5704.695312
v 2420.731689 76.636314 -5704.824219
v 2420.583252 77.609909 -5706.197754
v 2420.904053 77.609909 -5703.060059
v 2420.284424 79.548431 -5709.199219
v 2420.926270 79.548431 -5702.924316
v 2420.875000 75.343407 -5705.115234
v 2421.327148 75.343407 -5705.161621
v 2420.886963 75.354935 -5704.999023
v 2421.338867 75.354935 -5705.044922
v 2420.898438 75.389076 -5704.886719
v 2421.350342 75.389076 -5704.933105
v 2420.908936 75.444527 -5704.783691
v 2421.361084 75.444527 -5704.830078
v 2420.918213 75.519142 -5704.693359
v 2421.370361 75.519142 -5704.739746
v 2420.925781 75.610062 -5704.619141
v 2421.377930 75.610062 -5704.665039
v 2420.931396 75.713799 -5704.563965
v 2421.383545 75.713799 -5704.610352
v 2420.935059 75.826347 -5704.529785
v 2421.386963 75.826347 -5704.576172
v 2420.936035 75.943405 -5704.518555
v 2421.388184 75.943405 -5704.564453
v 2420.935059 76.060463 -5704.529785
v 2421.386963 76.060463 -5704.576172
v 2420.931396 76.173012 -5704.563965
v 2421.383545 76.173012 -5704.610352
v 2420.925781 76.276749 -5704.619141
v 2421.377930 76.276749 -5704.665039
v 2420.918213 76.367668 -5704.693359
v 2421.370361 76.367668 -5704.739746
v 2420.908936 76.442284 -5704.783691
v 2421.361084 76.442284 -5704.830078
v 2420.898438 76.497734 -5704.886719
v 2421.350342 76.497734 -5704.933105
v 2420.886963 76.531876 -5704.999023
v 2421.338867 76.531876 -5705.044922
v 2420.875000 76.543404 -5705.115234
v 2421.327148 76.543404 -5705.161621
v 2420.863281 76.531876 -5705.231934
v 2421.315186 76.531876 -5705.277832
v 2420.851807 76.497734 -5705.343750
v 2421.303711 76.497734 -5705.390137
v 2420.841064 76.442284 -5705.446777
v 2421.293213 76.442284 -5705.493164
v 2420.831787 76.367668 -5705.537598
v 2421.283936 76.367668 -5705.583496
v 2420.824219 76.276749 -5705.611816
v 2421.276367 76.276749 -5705.657715
v 2420.818604 76.173012 -5705.666992
v 2421.270752 76.173012 -5705.712891
v 2420.815186 76.060463 -5705.700684
v 2421.267090 76.060463 -5705.747070
v 2420.813965 75.943405 -5705.712402
v 2421.266113 75.943405 -5705.758301
v 2420.815186 75.826347 -5705.700684
v 2421.267090 75.826347 -5705.747070
v 2420.818604 75.713799 -5705.666992
v 2421.270752 75.713799 -5705.712891
v 2420.824219 75.610062 -5705.611816
v 2421.276367 75.610062 -5705.657715
v 2420.831787 75.519142 -5705.537598
v 2421.283936 75.519142 -5705.583496
v 2420.841064 75.444527 -5705.446777
v 2421.293213 75.444527 -5705.493164
v 2420.851807 75.389076 -5705.343750
v 2421.303711 75.389076 -5705.390137
v 2420.863281 75.354935 -5705.231934
v 2421.315186 75.354935 -5705.277832
v 2420.731201 75.343407 -5706.521973
v 2421.183105 75.343407 -5706.567871
v 2420.743164 75.354935 -5706.405273
v 2421.195068 75.354935 -5706.451660
v 2420.754639 75.389076 -5706.293457
v 2421.206543 75.389076 -5706.339844
v 2420.765137 75.444527 -5706.190430
v 2421.217041 75.444527 -5706.236328
v 2420.774414 75.519142 -5706.099609
v 2421.226318 75.519142 -5706.145996
v 2420.781982 75.610062 -5706.025391
v 2421.233887 75.610062 -5706.071777
v 2420.787598 75.713799 -5705.970215
v 2421.239502 75.713799 -5706.016602
v 2420.791016 75.826347 -5705.936523
v 2421.243164 75.826347 -5705.982910
v 2420.792236 75.943405 -5705.924805
v 2421.244141 75.943405 -5705.971191
v 2420.791016 76.060463 -5705.936523
v 2421.243164 76.060463 -5705.982910
v 2420.787598 76.173012 -5705.970215
v 2421.239502 76.173012 -5706.016602
v 2420.781982 76.276749 -5706.025391
v 2421.233887 76.276749 -5706.071777
v 2420.774414 76.367668 -5706.099609
v 2421.226318 76.367668 -5706.145996
v 2420.765137 76.442284 -5706.190430
v 2421.217041 76.442284 -5706.236328
v 2420.754639 76.497734 -5706.293457
v 2421.206543 76.497734 -5706.339844
v 2420.743164 76.531876 -5706.405273
v 2421.195068 76.531876 -5706.451660
v 2420.731201 76.543404 -5706.521973
v 2421.183105 76.543404 -5706.567871
v 2420.719238 76.531876 -5706.638184
v 2421.171143 76.531876 -5706.684570
v 2420.707764 76.497734 -5706.750488
v 2421.159912 76.497734 -5706.796387
v 2420.697266 76.442284 -5706.853516
v 2421.149170 76.442284 -5706.899902
v 2420.687988 76.367668 -5706.943848
v 2421.139893 76.367668 -5706.990234
v 2420.680420 76.276749 -5707.018066
v 2421.132324 76.276749 -5707.064453
v 2420.674805 76.173012 -5707.073242
v 2421.126709 76.173012 -5707.119629
v 2420.671387 76.060463 -5707.107422
v 2421.123291 76.060463 -5707.153320
v 2420.670166 75.943405 -5707.118652
v 2421.122070 75.943405 -5707.165039
v 2420.671387 75.826347 -5707.107422
v 2421.123291 75.826347 -5707.153320
v 2420.674805 75.713799 -5707.073242
v 2421.126709 75.713799 -5707.119629
v 2420.680420 75.610062 -5707.018066
v 2421.132324 75.610062 -5707.064453
v 2420.687988 75.519142 -5706.943848
v 2421.139893 75.519142 -5706.990234
v 2420.697266 75.444527 -5706.853516
v 2421.149170 75.444527 -5706.899902
v 2420.707764 75.389076 -5706.750488
v 2421.159912 75.389076 -5706.796387
v 2420.719238 75.354935 -5706.638184
v 2421.171143 75.354935 -5706.684570
v 2420.710938 77.107376 -5719.149902
v 2420.710938 75.808769 -5719.149902
v 2421.024414 75.808762 -5716.084961
v 2420.749756 78.544556 -5718.770996
v 2421.024414 78.544556 -5716.084961
v 2422.355957 75.795296 -5703.070801
v 2422.355957 79.548431 -5703.070801
v 2421.072021 79.548431 -5715.620117
v 2421.072021 75.795296 -5715.620117
v 2421.024414 77.107376 -5716.084961
v 2421.147705 75.808762 -5714.881836
v 2421.147705 76.388794 -5714.881836
v 2421.147705 77.107376 -5714.881836
v 2422.167236 75.343399 -5717.345703
v 2421.715332 75.343399 -5717.299316
v 2422.179199 75.354935 -5717.229492
v 2421.727295 75.354935 -5717.183105
v 2422.190674 75.389076 -5717.117188
v 2421.738770 75.389076 -5717.071289
v 2422.201172 75.444519 -5717.014160
v 2421.749268 75.444519 -5716.967773
v 2422.210449 75.519142 -5716.923828
v 2421.758545 75.519142 -5716.877441
v 2422.218018 75.610062 -5716.849609
v 2421.766113 75.610062 -5716.803223
v 2422.223633 75.713791 -5716.794434
v 2421.771729 75.713791 -5716.748047
v 2422.227051 75.826347 -5716.760254
v 2421.775146 75.826347 -5716.714355
v 2422.228271 75.943405 -5716.749023
v 2421.776367 75.943405 -5716.702637
v 2422.227051 76.060455 -5716.760254
v 2421.775146 76.060455 -5716.714355
v 2422.223633 76.173012 -5716.794434
v 2421.771729 76.173012 -5716.748047
v 2422.218018 76.276741 -5716.849609
v 2421.766113 76.276741 -5716.803223
v 2422.210449 76.367668 -5716.923828
v 2421.758545 76.367668 -5716.877441
v 2422.201172 76.442284 -5717.014160
v 2421.749268 76.442284 -5716.967773
v 2422.190674 76.497726 -5717.117188
v 2421.738770 76.497734 -5717.071289
v 2422.179199 76.531876 -5717.229492
v 2421.727295 76.531876 -5717.183105
v 2422.167236 76.543404 -5717.345703
v 2421.715332 76.543404 -5717.299316
v 2422.155273 76.531876 -5717.462402
v 2421.703369 76.531876 -5717.416016
v 2422.143799 76.497726 -5717.574219
v 2421.691895 76.497734 -5717.527832
v 2422.133301 76.442284 -5717.677246
v 2421.681396 76.442284 -5717.631348
v 2422.124023 76.367668 -5717.768066
v 2421.672119 76.367668 -5717.721680
v 2422.116455 76.276741 -5717.842285
v 2421.664551 76.276741 -5717.795898
v 2422.110840 76.173012 -5717.897461
v 2421.658936 76.173012 -5717.851074
v 2422.107422 76.060455 -5717.931152
v 2421.655518 76.060455 -5717.884766
v 2422.106201 75.943405 -5717.942871
v 2421.654297 75.943405 -5717.896484
v 2422.107422 75.826347 -5717.931152
v 2421.655518 75.826347 -5717.884766
v 2422.110840 75.713791 -5717.897461
v 2421.658936 75.713791 -5717.851074
v 2422.116455 75.610062 -5717.842285
v 2421.664551 75.610062 -5717.795898
v 2422.124023 75.519142 -5717.768066
v 2421.672119 75.519142 -5717.721680
v 2422.133301 75.444519 -5717.677246
v 2421.681396 75.444519 -5717.631348
v 2422.143799 75.389076 -5717.574219
v 2421.691895 75.389076 -5717.527832
v 2422.155273 75.354935 -5717.462402
v 2421.703369 75.354935 -5717.416016
v 2421.035889 75.808762 -5716.086426
v 2421.600342 75.808762 -5716.144043
v 2421.600342 76.388794 -5716.144043
v 2421.035889 77.107376 -5716.086426
v 2421.600342 77.107376 -5716.144043
v 2421.158936 75.808762 -5714.882812
v 2421.158936 76.388794 -5714.882812
v 2421.723389 75.808762 -5714.940918
v 2421.723389 76.388794 -5714.940918
v 2421.158936 77.107376 -5714.882812
v 2421.723389 77.107376 -5714.940918
v 2421.691650 75.797089 -5718.037109
v 2421.691650 75.797455 -5718.036133
v 2421.691650 75.808762 -5718.037109
v 2421.706055 75.893166 -5717.895996
v 2421.696045 75.933502 -5717.993164
v 2421.690186 75.943405 -5718.051270
v 2421.690186 75.942307 -5718.050293
v 2421.690186 75.943192 -5718.050293
v 2421.771484 75.824341 -5717.254883
v 2421.691650 76.089722 -5718.037109
v 2421.696045 76.230423 -5717.994629
v 2421.702881 76.360085 -5717.925781
v 2421.712402 76.473740 -5717.833008
v 2421.724121 76.567009 -5717.719727
v 2421.737305 76.636314 -5717.590820
v 2421.737549 76.636734 -5717.588379
v 2421.751465 76.678993 -5717.450684
v 2421.751709 76.678993 -5717.449707
v 2421.751709 76.678993 -5717.449707
v 2421.766357 76.693405 -5717.305176
v 2421.766602 76.693405 -5717.304199
v 2421.766357 76.693214 -5717.305664
v 2421.766357 76.693291 -5717.305176
v 2421.766357 76.693298 -5717.305176
v 2421.766602 76.693344 -5717.304688
v 2421.766602 76.693329 -5717.304688
v 2421.788818 75.853264 -5717.087402
v 2421.841553 75.808762 -5716.571289
v 2421.832275 75.943405 -5716.662598
v 2421.842773 75.943405 -5716.559082
v 2421.843018 75.943405 -5716.558105
v 2421.842773 75.943405 -5716.559082
v 2421.842773 75.943405 -5716.559082
v 2421.842773 75.943405 -5716.559082
v 2421.842773 75.943405 -5716.559082
v 2421.842773 75.943405 -5716.559082
v 2421.842773 75.943405 -5716.559082
v 2421.829590 76.072250 -5716.687500
v 2421.841553 76.089722 -5716.572266
v 2421.837158 76.224236 -5716.614746
v 2421.836914 76.230423 -5716.616211
v 2421.836914 76.229980 -5716.615723
v 2421.836914 76.230423 -5716.616211
v 2421.836914 76.228111 -5716.615723
v 2421.836914 76.231071 -5716.616211
v 2421.836914 76.231125 -5716.616699
v 2421.837158 76.230423 -5716.614746
v 2421.836426 76.239624 -5716.621094
v 2421.920410 75.794327 -5715.707031
v 2421.925049 75.901749 -5715.707520
v 2421.807861 76.349663 -5716.901367
v 2421.821045 76.465668 -5716.770996
v 2421.820557 76.473740 -5716.776367
v 2421.820312 76.475113 -5716.779297
v 2421.829834 76.360085 -5716.685059
v 2421.830078 76.360085 -5716.683594
v 2421.808838 76.567009 -5716.890625
v 2421.809082 76.567009 -5716.889648
v 2421.808838 76.567009 -5716.890625
v 2421.780518 76.635849 -5717.166992
v 2421.795654 76.636314 -5717.020020
v 2421.795898 76.636314 -5717.018555
v 2421.795654 76.635849 -5717.019043
v 2421.795654 76.636314 -5717.020020
v 2421.795898 76.634613 -5717.017090
v 2421.781494 76.678993 -5717.158691
v 2421.781250 76.678993 -5717.159668
v 2421.851318 75.808762 -5719.266602
v 2421.974121 75.797089 -5718.065918
v 2421.974121 75.797455 -5718.064941
v 2421.974121 75.808762 -5718.065918
v 2421.972656 75.943405 -5718.080078
v 2421.974121 76.089722 -5718.065918
v 2421.978516 76.230415 -5718.023438
v 2421.985352 76.360085 -5717.954590
v 2421.994873 76.473740 -5717.861816
v 2422.006592 76.567009 -5717.748535
v 2422.019775 76.636314 -5717.619629
v 2422.033936 76.678993 -5717.479980
v 2422.048828 76.693405 -5717.333984
v 2422.049072 76.693344 -5717.333496
v 2422.049072 76.693405 -5717.333008
v 2422.124023 75.808762 -5716.600098
v 2422.125488 75.943405 -5716.586914
v 2422.124023 76.089722 -5716.601074
v 2422.119629 76.230415 -5716.643555
v 2422.164795 75.808762 -5716.201660
v 2422.479004 76.216270 -5715.902344
v 2422.103027 76.473740 -5716.805176
v 2422.112549 76.360085 -5716.712402
v 2422.091553 76.567009 -5716.918457
v 2422.078369 76.636314 -5717.047363
v 2422.063965 76.678993 -5717.187500
v 2422.164795 76.388794 -5716.201660
v 2421.851318 77.107376 -5719.266602
v 2422.164795 77.107376 -5716.201660
v 2422.496094 77.609901 -5715.904297
v 2422.080811 75.794327 -5714.138184
v 2422.085693 75.901749 -5714.138672
v 2422.241211 75.794327 -5712.569824
v 2422.246094 75.901749 -5712.570312
v 2422.639404 76.216270 -5714.333496
v 2422.800049 76.216270 -5712.765137
v 2422.816895 77.609901 -5712.766602
v 2421.035889 78.544556 -5716.086426
v 2421.890137 78.544556 -5718.887695
v 2422.164795 78.544556 -5716.201660
v 2422.501709 79.548431 -5715.766602
v 2422.401855 75.794327 -5711.000977
v 2422.406738 75.901749 -5711.001465
v 2422.562256 75.794327 -5709.432129
v 2422.567139 75.901749 -5709.432617
v 2422.722900 75.794327 -5707.863770
v 2422.727783 75.921448 -5707.864258
v 2422.770508 75.923683 -5707.491211
v 2422.770264 75.943405 -5707.493164
v 2422.810059 75.943405 -5707.497070
v 2422.771729 76.089722 -5707.478516
v 2422.776123 76.230423 -5707.436035
v 2422.783203 76.360085 -5707.367188
v 2422.792725 76.473740 -5707.274414
v 2422.960449 76.216270 -5711.196289
v 2423.120850 76.216270 -5709.627441
v 2423.105469 76.089722 -5707.512695
v 2423.288574 76.207344 -5708.059570
v 2423.345703 76.207344 -5707.501465
v 2423.343506 76.210220 -5707.500488
v 2423.344238 76.230415 -5707.494141
v 2423.352295 76.360085 -5707.425293
v 2423.362793 76.473740 -5707.333008
v 2423.137939 77.609901 -5709.629395
v 2422.883301 75.794327 -5706.294922
v 2422.888428 75.921448 -5706.295410
v 2422.892822 75.923683 -5706.296875
v 2422.804199 76.567009 -5707.161621
v 2422.817383 76.636314 -5707.032227
v 2422.831787 76.678993 -5706.892578
v 2422.846680 76.693405 -5706.747070
v 2423.005127 76.678993 -5705.198242
v 2423.043701 75.794327 -5704.726074
v 2423.048828 75.921448 -5704.726562
v 2423.053223 75.923683 -5704.728027
v 2423.066406 75.922081 -5704.599609
v 2423.066650 75.943405 -5704.597656
v 2423.109619 75.943405 -5704.602051
v 2423.065186 76.089722 -5704.612305
v 2423.060791 76.230423 -5704.654297
v 2423.204346 75.794327 -5703.157227
v 2423.208984 75.901749 -5703.157715
v 2423.053711 76.360085 -5704.723633
v 2423.044189 76.473740 -5704.816406
v 2423.032715 76.567009 -5704.929199
v 2423.019531 76.636314 -5705.058105
v 2423.375244 76.567009 -5707.219727
v 2423.389404 76.636314 -5707.090820
v 2423.404297 76.678993 -5706.951172
v 2423.419678 76.693405 -5706.805664
v 2423.452393 76.690483 -5706.491211
v 2423.578125 76.678993 -5705.256836
v 2423.403809 76.089722 -5704.646484
v 2423.555908 76.166405 -5704.685547
v 2423.627441 76.212418 -5704.707031
v 2423.627197 76.230415 -5704.712402
v 2423.630615 76.208572 -5704.706055
v 2423.762939 76.216270 -5703.352539
v 2423.621826 76.360085 -5704.781738
v 2423.614014 76.473740 -5704.874512
v 2423.603760 76.567009 -5704.987793
v 2423.591797 76.636314 -5705.116699
v 2423.458984 77.609901 -5706.491699
v 2423.780029 77.609901 -5703.354492
v 2423.143799 79.548431 -5709.491699
v 2423.785645 79.548431 -5703.216797
v 2423.392334 75.343407 -5705.373047
v 2422.940186 75.343407 -5705.326660
v 2423.404053 75.354935 -5705.256348
v 2422.952148 75.354935 -5705.209961
v 2423.415527 75.389076 -5705.144531
v 2422.963623 75.389076 -5705.098145
v 2423.426025 75.444527 -5705.041016
v 2422.974121 75.444527 -5704.995117
v 2423.435303 75.519142 -5704.950684
v 2422.983398 75.519142 -5704.904785
v 2423.443115 75.610062 -5704.876465
v 2422.990967 75.610062 -5704.830078
v 2423.448730 75.713799 -5704.821289
v 2422.996582 75.713799 -5704.775391
v 2423.452148 75.826347 -5704.787598
v 2423.000244 75.826347 -5704.741211
v 2423.453369 75.943405 -5704.775879
v 2423.001221 75.943405 -5704.729492
v 2423.452148 76.060455 -5704.787598
v 2423.000244 76.060455 -5704.741211
v 2423.448730 76.173012 -5704.821289
v 2422.996582 76.173012 -5704.775391
v 2423.443115 76.276749 -5704.876465
v 2422.990967 76.276749 -5704.830078
v 2423.435303 76.367668 -5704.950684
v 2422.983398 76.367668 -5704.904785
v 2423.426025 76.442284 -5705.041016
v 2422.974121 76.442284 -5704.995117
v 2423.415527 76.497734 -5705.144531
v 2422.963623 76.497734 -5705.098145
v 2423.404053 76.531876 -5705.256348
v 2422.952148 76.531876 -5705.209961
v 2423.392334 76.543404 -5705.373047
v 2422.940186 76.543404 -5705.326660
v 2423.380371 76.531876 -5705.489258
v 2422.928223 76.531876 -5705.442871
v 2423.368896 76.497734 -5705.601074
v 2422.916748 76.497734 -5705.555176
v 2423.358398 76.442284 -5705.704590
v 2422.906250 76.442284 -5705.658203
v 2423.349121 76.367668 -5705.794922
v 2422.896973 76.367668 -5705.748535
v 2423.341553 76.276749 -5705.869141
v 2422.889404 76.276749 -5705.822754
v 2423.335693 76.173012 -5705.924316
v 2422.883789 76.173012 -5705.877930
v 2423.332275 76.060455 -5705.958496
v 2422.880371 76.060455 -5705.912109
v 2423.331055 75.943405 -5705.969727
v 2422.879150 75.943405 -5705.923340
v 2423.332275 75.826347 -5705.958496
v 2422.880371 75.826347 -5705.912109
v 2423.335693 75.713799 -5705.924316
v 2422.883789 75.713799 -5705.877930
v 2423.341553 75.610062 -5705.869141
v 2422.889404 75.610062 -5705.822754
v 2423.349121 75.519142 -5705.794922
v 2422.896973 75.519142 -5705.748535
v 2423.358398 75.444527 -5705.704590
v 2422.906250 75.444527 -5705.658203
v 2423.368896 75.389076 -5705.601074
v 2422.916748 75.389076 -5705.555176
v 2423.380371 75.354935 -5705.489258
v 2422.928223 75.354935 -5705.442871
v 2423.248291 75.343407 -5706.779297
v 2422.796387 75.343407 -5706.732910
v 2423.260254 75.354935 -5706.663086
v 2422.808350 75.354935 -5706.616699
v 2423.271729 75.389076 -5706.550781
v 2422.819580 75.389076 -5706.504883
v 2423.282227 75.444527 -5706.447754
v 2422.830322 75.444527 -5706.401367
v 2423.291504 75.519142 -5706.357422
v 2422.839600 75.519142 -5706.311035
v 2423.299072 75.610062 -5706.283203
v 2422.847168 75.610062 -5706.236816
v 2423.304688 75.713799 -5706.228027
v 2422.852783 75.713799 -5706.181641
v 2423.308105 75.826347 -5706.193848
v 2422.856201 75.826347 -5706.147949
v 2423.309326 75.943405 -5706.182617
v 2422.857422 75.943405 -5706.136230
v 2423.308105 76.060455 -5706.193848
v 2422.856201 76.060455 -5706.147949
v 2423.304688 76.173012 -5706.228027
v 2422.852783 76.173012 -5706.181641
v 2423.299072 76.276749 -5706.283203
v 2422.847168 76.276749 -5706.236816
v 2423.291504 76.367668 -5706.357422
v 2422.839600 76.367668 -5706.311035
v 2423.282227 76.442284 -5706.447754
v 2422.830322 76.442284 -5706.401367
v 2423.271729 76.497734 -5706.550781
v 2422.819824 76.497734 -5706.504883
v 2423.260254 76.531876 -5706.663086
v 2422.808350 76.531876 -5706.616699
v 2423.248291 76.543404 -5706.779297
v 2422.796387 76.543404 -5706.732910
v 2423.236328 76.531876 -5706.895996
v 2422.784424 76.531876 -5706.849609
v 2423.224854 76.497734 -5707.007812
v 2422.772949 76.497734 -5706.961426
v 2423.214355 76.442284 -5707.110840
v 2422.762451 76.442284 -5707.064941
v 2423.205078 76.367668 -5707.201660
v 2422.753174 76.367668 -5707.155273
v 2423.197510 76.276749 -5707.275879
v 2422.745605 76.276749 -5707.229492
v 2423.191895 76.173012 -5707.331055
v 2422.739990 76.173012 -5707.284668
v 2423.188477 76.060455 -5707.364746
v 2422.736328 76.060455 -5707.318359
v 2423.187256 75.943405 -5707.376465
v 2422.735352 75.943405 -5707.330078
v 2423.188477 75.826347 -5707.364746
v 2422.736328 75.826347 -5707.318359
v 2423.191895 75.713799 -5707.331055
v 2422.739990 75.713799 -5707.284668
v 2423.197510 75.610062 -5707.275879
v 2422.745605 75.610062 -5707.229492
v 2423.205078 75.519142 -5707.201660
v 2422.753174 75.519142 -5707.155273
v 2423.214355 75.444527 -5707.110840
v 2422.762451 75.444527 -5707.064941
v 2423.224854 75.389076 -5707.007812
v 2422.772949 75.389076 -5706.961426
v 2423.236328 75.354935 -5706.895996
v 2422.784424 75.354935 -5706.849609
vn 0.0100 -0.9952 0.0975
vn 0.0295 -0.9569 0.2888
vn 0.0480 -0.8819 0.4689
vn 0.0646 -0.7730 0.6311
vn 0.0787 -0.6344 0.7690
vn 0.0898 -0.4714 0.8773
vn 0.0974 -0.2903 0.9520
vn 0.1013 -0.0980 0.9900
vn 0.1013 0.0980 0.9900
vn 0.0974 0.2903 0.9520
vn 0.0898 0.4714 0.8773
vn 0.0787 0.6344 0.7690
vn 0.0646 0.7730 0.6311
vn 0.0480 0.8819 0.4689
vn 0.0295 0.9569 0.2888
vn 0.0100 0.9952 0.0975
vn -0.0100 0.9952 -0.0975
vn -0.0295 0.9569 -0.2888
vn -0.0480 0.8819 -0.4689
vn -0.0646 0.7730 -0.6311
vn -0.0787 0.6344 -0.7690
vn -0.0898 0.4714 -0.8773
vn -0.0974 0.2903 -0.9520
vn -0.1013 0.0980 -0.9900
vn -0.1013 -0.0980 -0.9900
vn -0.0974 -0.2903 -0.9520
vn -0.0898 -0.4714 -0.8773
vn -0.0787 -0.6344 -0.7690
vn -0.0646 -0.7730 -0.6311
vn -0.0480 -0.8819 -0.4689
vn 0.9948 -0.0000 -0.1018
vn -0.0295 -0.9569 -0.2888
vn -0.0100 -0.9952 -0.0975
vn -0.9948 -0.0000 0.1018
vn 0.1018 -0.0000 0.9948
vn -0.0000 1.0000 -0.0000
vn -0.9939 -0.0423 0.1015
vn -0.0361 0.0078 -0.9993
vn 0.0011 -1.0000 -0.0001
vn -0.0000 -1.0000 -0.0000
vn -0.0100 -0.9952 -0.0976
vn -0.9948 0.0043 0.1018
vn -0.9938 -0.0451 0.1017
vn -0.9947 -0.0123 0.1018
vn -0.9947 -0.0090 0.1028
vn -0.9949 -0.0088 0.1007
vn -0.9940 -0.0400 0.1017
vn -0.4413 -0.8962 0.0451
vn -0.4611 -0.8860 0.0491
vn -0.9939 -0.0423 0.1019
vn -0.4801 -0.8758 0.0491
vn -0.4630 -0.8852 0.0464
vn -0.0009 -1.0000 -0.0092
vn 0.1013 0.0981 0.9900
vn 0.0100 -0.9952 0.0976
vn 0.0480 -0.8819 0.4690
vn 0.0480 0.8819 0.4690
vn -0.0480 0.8819 -0.4690
vn -0.0480 -0.8819 -0.4690
vn 0.0361 -0.0078 0.9993
vn -0.1018 -0.0000 -0.9948
vn -0.0984 0.2563 -0.9616
vn 0.9939 -0.0423 -0.1019
vn -0.1670 0.0078 -0.9859
vn -0.0011 -1.0000 0.0001
vn 0.9945 -0.0000 -0.1052
vn 0.9948 0.0043 -0.1018
vn 0.9938 -0.0451 -0.1017
vn 0.9947 -0.0123 -0.1018
vn 0.9949 -0.0090 -0.1007
vn 0.9947 -0.0088 -0.1028
vn 0.9940 -0.0400 -0.1017
vn 0.4413 -0.8962 -0.0451
vn 0.4615 -0.8860 -0.0453
vn 0.9939 -0.0423 -0.1015
vn 0.4801 -0.8758 -0.0491
vn 0.4628 -0.8852 -0.0483
vn 0.1670 -0.0078 0.9859
vt 1.000000 0.500000
vt 1.000000 1.000000
vt 0.968750 1.000000
vt 0.968750 0.500000
vt 0.937500 1.000000
vt 0.937500 0.500000
vt 0.906250 1.000000
vt 0.906250 0.500000
vt 0.875000 1.000000
vt 0.875000 0.500000
vt 0.843750 1.000000
vt 0.843750 0.500000
vt 0.812500 1.000000
vt 0.812500 0.500000
vt 0.781250 1.000000
vt 0.781250 0.500000
vt 0.750000 1.000000
vt 0.750000 0.500000
vt 0.718750 1.000000
vt 0.718750 0.500000
vt 0.687500 1.000000
vt 0.687500 0.500000
vt 0.656250 1.000000
vt 0.656250 0.500000
vt 0.625000 1.000000
vt 0.625000 0.500000
vt 0.593750 1.000000
vt 0.593750 0.500000
vt 0.562500 1.000000
vt 0.562500 0.500000
vt 0.531250 1.000000
vt 0.531250 0.500000
vt 0.500000 1.000000
vt 0.500000 0.500000
vt 0.468750 1.000000
vt 0.468750 0.500000
vt 0.437500 1.000000
vt 0.437500 0.500000
vt 0.406250 1.000000
vt 0.406250 0.500000
vt 0.375000 1.000000
vt 0.375000 0.500000
vt 0.343750 1.000000
vt 0.343750 0.500000
vt 0.312500 1.000000
vt 0.312500 0.500000
vt 0.281250 1.000000
vt 0.281250 0.500000
vt 0.250000 1.000000
vt 0.250000 0.500000
vt 0.218750 1.000000
vt 0.218750 0.500000
vt 0.187500 1.000000
vt 0.187500 0.500000
vt 0.156250 1.000000
vt 0.156250 0.500000
vt 0.125000 1.000000
vt 0.125000 0.500000
vt 0.093750 1.000000
vt 0.093750 0.500000
vt 0.062500 1.000000
vt 0.062500 0.500000
vt 0.296822 0.485388
vt 0.250000 0.490000
vt 0.203178 0.485388
vt 0.158156 0.471731
vt 0.116663 0.449553
vt 0.080294 0.419706
vt 0.050447 0.383337
vt 0.028269 0.341844
vt 0.014612 0.296822
vt 0.010000 0.250000
vt 0.014612 0.203178
vt 0.028269 0.158156
vt 0.050447 0.116663
vt 0.080294 0.080294
vt 0.116663 0.050447
vt 0.158156 0.028269
vt 0.203178 0.014612
vt 0.250000 0.010000
vt 0.296822 0.014612
vt 0.341844 0.028269
vt 0.383337 0.050447
vt 0.419706 0.080294
vt 0.449553 0.116663
vt 0.471731 0.158156
vt 0.485388 0.203178
vt 0.490000 0.250000
vt 0.485388 0.296822
vt 0.471731 0.341844
vt 0.449553 0.383337
vt 0.419706 0.419706
vt 0.383337 0.449553
vt 0.341844 0.471731
vt 0.031250 1.000000
vt 0.031250 0.500000
vt 0.000000 1.000000
vt 0.000000 0.500000
vt 0.750000 0.490000
vt 0.796822 0.485388
vt 0.841844 0.471731
vt 0.883337 0.449553
vt 0.919706 0.419706
vt 0.949553 0.383337
vt 0.971731 0.341844
vt 0.985388 0.296822
vt 0.990000 0.250000
vt 0.985388 0.203178
vt 0.971731 0.158156
vt 0.949553 0.116663
vt 0.919706 0.080294
vt 0.883337 0.050447
vt 0.841844 0.028269
vt 0.796822 0.014612
vt 0.750000 0.010000
vt 0.703178 0.014612
vt 0.658156 0.028269
vt 0.616663 0.050447
vt 0.580294 0.080294
vt 0.550447 0.116663
vt 0.528269 0.158156
vt 0.514612 0.203178
vt 0.510000 0.250000
vt 0.514612 0.296822
vt 0.528269 0.341844
vt 0.550447 0.383337
vt 0.580294 0.419706
vt 0.616663 0.449553
vt 0.658156 0.471731
vt 0.703178 0.485388
vt 0.500000 0.437500
vt 0.500000 0.375000
vt 0.625000 0.375000
vt 0.751251 0.750000
vt 0.625000 0.750000
vt 0.751251 0.500000
vt 0.406250 0.531250
vt 0.375000 0.531250
vt 0.625000 0.857225
vt 0.375000 0.827061
vt 0.375000 0.750000
vt 0.406250 0.750000
vt 0.437500 0.750000
vt 0.500000 0.750000
vt 0.297939 0.750000
vt 0.297939 0.500000
vt 0.375000 0.562500
vt 0.375000 0.593750
vt 0.375000 0.625000
vt 0.375000 0.656250
vt 0.375000 0.687500
vt 0.375000 0.718750
vt 0.732226 0.500000
vt 0.732226 0.750000
vt 0.625000 0.625000
vt 0.437500 0.437500
vt 0.500000 0.373749
vt 0.625000 0.373749
vt 0.375000 0.437500
vt 0.437500 0.373749
vt 0.437500 0.375000
vt 0.375000 0.373749
vt 0.375000 0.375000
vt 0.687597 1.000000
vt 0.687342 1.000000
vt 0.624539 1.000000
vt 0.500000 0.687513
vt 0.500131 1.000000
vt 0.500131 0.687513
vt 0.468750 0.687513
vt 0.437500 0.687513
vt 0.406250 0.687513
vt 0.375000 0.687513
vt 0.343750 0.687513
vt 0.312500 0.687514
vt 0.281250 0.687514
vt 0.250000 0.687514
vt 0.218750 0.687514
vt 0.217875 1.000000
vt 0.217875 0.687514
vt 0.471774 0.158296
vt 0.471619 0.157946
vt 0.471580 0.157934
vt 0.471819 0.158911
vt 0.472125 0.160160
vt 0.421825 0.082877
vt 0.470156 0.155210
vt 0.250038 0.010041
vt 0.249852 0.010065
vt 0.158994 0.028144
vt 0.203572 0.014615
vt 0.250130 0.010027
vt 0.250197 0.010019
vt 0.014994 0.298082
vt 0.014637 0.293760
vt 0.010428 0.250473
vt 0.010408 0.250188
vt 0.028663 0.259836
vt 0.060046 0.289859
vt 0.266176 0.330862
vt 0.320035 0.318379
vt 0.456779 0.261368
vt 0.448770 0.215255
vt 0.380002 0.124831
vt 0.294469 0.029395
vt 0.250085 0.010037
vt 0.342070 0.028422
vt 0.342784 0.028818
vt 0.419169 0.079854
vt 0.500000 0.625000
vt 0.500000 0.562500
vt 0.500000 0.687500
vt 0.406250 0.656250
vt 0.406250 0.625000
vt 0.437500 0.687500
vt 0.437500 0.656250
vt 0.437500 0.625000
vt 0.437500 0.718750
vt 0.406250 0.718750
vt 0.406250 0.687500
vt 0.459029 0.562500
vt 0.458486 0.537915
vt 0.456578 0.535127
vt 0.453482 0.532557
vt 0.449320 0.530305
vt 0.444252 0.528457
vt 0.438470 0.527083
vt 0.437667 0.526975
vt 0.437500 0.526952
vt 0.437500 0.593750
vt 0.437500 0.582636
vt 0.437625 0.582619
vt 0.438524 0.582497
vt 0.444296 0.581124
vt 0.449357 0.579275
vt 0.453513 0.577023
vt 0.456603 0.574453
vt 0.458507 0.571665
vt 0.459152 0.568765
vt 0.406250 0.593750
vt 0.406250 0.562500
vt 0.406494 0.562500
vt 0.406494 0.586290
vt 0.408650 0.586141
vt 0.424643 0.584462
vt 0.408846 0.528448
vt 0.406495 0.528694
vt 0.406494 0.531250
vt 0.433327 0.527062
vt 0.424923 0.527333
vt 0.754555 1.000000
vt 0.750000 0.976717
vt 0.718750 0.817375
vt 0.718750 0.817374
vt 0.701719 0.734082
vt 0.692352 0.693077
vt 0.691498 0.694724
vt 0.687500 0.694599
vt 0.656250 0.693658
vt 0.625000 0.692793
vt 0.593750 0.692037
vt 0.562500 0.691421
vt 0.531250 0.690966
vt 0.506347 0.690700
vt 0.500000 0.691076
vt 0.468750 0.691310
vt 0.437500 0.691646
vt 0.406250 0.692070
vt 0.375000 0.692566
vt 0.343750 0.693115
vt 0.312500 0.693697
vt 0.281250 0.820034
vt 0.308013 0.693781
vt 0.307375 0.692551
vt 0.281250 0.820035
vt 0.250000 0.978620
vt 0.245787 1.000000
vt 0.010622 0.256313
vt 0.263607 0.488660
vt 0.448055 0.114838
vt 0.489328 0.243174
vt 0.196256 0.689441
vt 0.500256 0.687492
vt 0.531473 0.687435
vt 0.562653 0.687363
vt 0.593789 0.687275
vt 0.624871 0.687174
vt 0.655887 0.687059
vt 0.686821 0.686931
vt 0.717625 0.686777
vt 0.747821 0.686409
vt 0.375000 0.532493
vt 0.778756 1.000000
vt 0.778756 0.687514
vt 0.750000 0.687514
vt 0.718750 0.687513
vt 0.687500 0.687513
vt 0.656250 0.687513
vt 0.625000 0.687513
vt 0.593750 0.687513
vt 0.562500 0.687513
vt 0.531250 0.687513
vt 0.499824 1.000000
vt 0.499869 1.000000
vt 0.499869 0.687513
vt 0.437808 1.000000
vt 0.221244 0.687514
vt 0.221244 1.000000
vt 0.218827 1.000000
vt 0.218827 0.687514
vt 0.158600 0.028134
vt 0.249458 0.010061
vt 0.249644 0.010038
vt 0.249691 0.010035
vt 0.249737 0.010026
vt 0.418775 0.079854
vt 0.342390 0.028815
vt 0.471187 0.157930
vt 0.471225 0.157946
vt 0.471337 0.158156
vt 0.471380 0.158296
vt 0.489606 0.250000
vt 0.471731 0.160136
vt 0.471425 0.158895
vt 0.379609 0.119998
vt 0.448376 0.208770
vt 0.456385 0.250000
vt 0.319641 0.278847
vt 0.265782 0.288101
vt 0.059653 0.266077
vt 0.028269 0.253169
vt 0.010014 0.250069
vt 0.010035 0.250351
vt 0.014244 0.293085
vt 0.485756 0.293085
vt 0.449159 0.116663
vt 0.469762 0.155210
vt 0.341676 0.028420
vt 0.294075 0.028420
vt 0.421431 0.082877
vt 0.249803 0.010019
vt 0.296428 0.014612
vt 0.341450 0.028269
vt 0.382943 0.050447
vt 0.375000 0.422939
vt 0.625000 0.392774
vt 0.248749 0.500000
vt 0.343724 0.652061
vt 0.375000 0.652061
vt 0.248749 0.750000
vt 0.343724 0.532493
vt 0.500000 0.876251
vt 0.375000 0.876251
vt 0.625000 0.876251
s 0
f 766/355/78 767/356/78 769/357/78 768/358/78
f 768/358/79 769/357/79 771/359/79 770/360/79
f 770/360/80 771/359/80 773/361/80 772/362/80
f 772/362/81 773/361/81 775/363/81 774/364/81
f 774/364/82 775/363/82 777/365/82 776/366/82
f 776/366/83 777/365/83 779/367/83 778/368/83
f 778/368/84 779/367/84 781/369/84 780/370/84
f 780/370/85 781/369/85 783/371/85 782/372/85
f 782/372/86 783/371/86 785/373/86 784/374/86
f 784/374/87 785/373/87 787/375/87 786/376/87
f 786/376/88 787/375/88 789/377/88 788/378/88
f 788/378/89 789/377/89 791/379/89 790/380/89
f 790/380/90 791/379/90 793/381/90 792/382/90
f 792/382/91 793/381/91 795/383/91 794/384/91
f 794/384/92 795/383/92 797/385/92 796/386/92
f 796/386/93 797/385/93 799/387/93 798/388/93
f 798/388/94 799/387/94 801/389/94 800/390/94
f 800/390/95 801/389/95 803/391/95 802/392/95
f 802/392/96 803/391/96 805/393/96 804/394/96
f 804/394/97 805/393/97 807/395/97 806/396/97
f 806/396/98 807/395/98 809/397/98 808/398/98
f 808/398/99 809/397/99 811/399/99 810/400/99
f 810/400/100 811/399/100 813/401/100 812/402/100
f 812/402/101 813/401/101 815/403/101 814/404/101
f 814/404/102 815/403/102 817/405/102 816/406/102
f 816/406/103 817/405/103 819/407/103 818/408/103
f 818/408/104 819/407/104 821/409/104 820/410/104
f 820/410/105 821/409/105 823/411/105 822/412/105
f 822/412/106 823/411/106 825/413/106 824/414/106
f 824/414/107 825/413/107 827/415/107 826/416/107
f 769/417/108 767/418/108 829/419/108 827/420/108 825/421/108 823/422/108 821/423/108 819/424/108 817/425/108 815/426/108 813/427/108 811/428/108 809/429/108 807/430/108 805/431/108 803/432/108 801/433/108 799/434/108 797/435/108 795/436/108 793/437/108 791/438/108 789/439/108 787/440/108 785/441/108 783/442/108 781/443/108 779/444/108 777/445/108 775/446/108 773/447/108 771/448/108
f 826/416/109 827/415/109 829/449/109 828/450/109
f 828/450/110 829/449/110 767/451/110 766/452/110
f 766/453/111 768/454/111 770/455/111 772/456/111 774/457/111 776/458/111 778/459/111 780/460/111 782/461/111 784/462/111 786/463/111 788/464/111 790/465/111 792/466/111 794/467/111 796/468/111 798/469/111 800/470/111 802/471/111 804/472/111 806/473/111 808/474/111 810/475/111 812/476/111 814/477/111 816/478/111 818/479/111 820/480/111 822/481/111 824/482/111 826/483/111 828/484/111
f 936/388/112 834/485/112 833/486/112 945/487/112 947/380/112
f 1145/488/113 946/489/113 947/380/113 945/372/113 1146/490/113
f 981/491/114 980/492/114 988/396/114 989/394/114
f 1149/493/115 1150/494/115 889/495/115 890/496/115 928/497/115 937/498/115 948/489/115
f 1150/499/116 1147/500/116 988/396/116 980/492/116 972/501/116 953/502/116 951/503/116 949/504/116 940/505/116 938/506/116 889/495/116
f 1148/507/113 1149/508/113 948/489/113 1012/509/113 1013/380/113
f 936/388/112 934/392/112 832/510/112 834/485/112
f 1151/511/112 1146/512/112 945/487/112 833/486/112
f 831/513/112 832/510/112 934/392/112 927/396/112
f 834/485/111 832/510/111 838/510/111 840/485/111
f 1153/514/112 1154/511/112 839/486/112 836/515/112
f 1152/516/112 1153/514/112 836/515/112 835/517/112
f 838/510/112 837/513/112 835/517/112 836/515/112
f 840/485/112 838/510/112 836/515/112 839/486/112
f 831/400/117 830/404/117 835/404/117 837/400/117
f 840/485/113 839/486/113 833/486/113 834/485/113
f 832/510/111 831/513/111 837/513/111 838/510/111
f 881/375/108 882/518/108 883/375/108
f 881/375/108 883/375/108 885/519/108
f 897/381/108 894/520/108 899/381/108
f 904/383/108 901/383/108 897/381/108 899/381/108
f 901/383/108 904/383/108 907/385/108
f 920/521/118 860/387/118 865/522/118 921/523/118
f 919/524/78 857/389/78 860/387/78 920/521/78
f 918/525/79 855/391/79 857/389/79 919/524/79
f 854/393/80 855/391/80 918/525/80 917/526/80
f 853/395/81 854/393/81 917/526/81 916/527/81
f 852/397/82 853/395/82 916/527/82 915/528/82
f 914/529/83 851/399/83 852/397/83 915/528/83
f 913/530/84 850/401/84 851/399/84 914/529/84
f 846/403/85 850/401/85 913/530/85 912/531/85
f 841/405/86 846/403/86 912/531/86 909/532/86
f 842/533/95 841/405/95 909/532/95 910/534/95
f 876/442/111 877/442/111 872/442/111 873/442/111 874/442/111 870/442/111 875/442/111 882/535/111 881/440/111 885/536/111 886/537/111 884/538/111 880/539/111
f 895/439/111 892/540/111 888/541/111
f 863/542/111 862/543/111 856/544/111 859/545/111 866/546/111 865/547/111 860/434/111 857/433/111 855/432/111 854/431/111 853/430/111 852/429/111 851/428/111 850/427/111 846/426/111 841/425/111 842/548/111 843/549/111 847/550/111 848/551/111 845/552/111 844/553/111 849/554/111 867/555/111 869/556/111 878/557/111 891/558/111 900/559/111
f 866/546/111 864/560/111 863/542/111 900/559/111 903/561/111 905/562/111 894/563/111 897/437/111 901/436/111 907/435/111 865/547/111
f 971/564/119 1010/565/119 1011/388/119 1013/380/119 1012/509/119
f 937/498/119 944/566/119 971/564/119 1012/509/119 948/489/119
f 950/567/120 949/504/120 951/503/120 952/568/120
f 943/569/121 962/570/121 963/571/121 971/564/121 944/566/121
f 928/497/121 942/572/121 943/569/121 944/566/121 937/498/121
f 939/573/120 938/506/120 940/505/120 941/574/120
f 998/575/122 999/576/122 1009/577/122 1008/578/122 1007/579/122 1006/580/122 1003/581/122 1002/582/122 1004/583/122 1005/392/122 1011/388/122 1010/565/122
f 963/571/123 965/584/123 966/585/123 967/586/123 968/587/123 969/588/123 970/589/123 994/590/123 995/591/123 996/592/123 997/593/123 998/575/123 1010/565/123 971/564/123
f 954/594/124 953/502/124 972/501/124 973/595/124
f 954/594/125 973/595/125 974/596/125 955/597/125 957/598/125 964/599/125 966/585/125 965/584/125
f 963/571/126 952/568/126 954/594/126 965/584/126
f 952/568/127 951/503/127 953/502/127 954/594/127
f 942/572/128 939/573/128 941/574/128 943/569/128
f 928/497/128 890/496/128 939/573/128 942/572/128
f 890/496/120 889/495/120 938/506/120 939/573/120
f 962/570/128 950/567/128 952/568/128 963/571/128
f 943/569/128 941/574/128 950/567/128 962/570/128
f 941/574/120 940/505/120 949/504/120 950/567/120
f 985/600/129 983/601/129 982/602/129 981/491/129 989/394/129 1005/392/129 1004/583/129 1001/603/129 1000/604/129
f 982/602/125 974/596/125 973/595/125 981/491/125
f 973/595/124 972/501/124 980/492/124 981/491/124
f 983/605/101 985/606/101 984/371/101
f 986/373/102 984/371/102 985/606/102 1000/607/102
f 987/375/103 986/373/103 1000/608/103 1001/609/103 1004/610/103 1002/611/103 1003/612/103
f 990/377/104 987/375/104 1003/612/104 1006/613/104
f 991/379/105 990/377/105 1006/613/105 1007/614/105
f 992/381/106 991/379/106 1007/614/106 1008/615/106
f 1009/616/107 993/383/107 992/381/107 1008/615/107
f 999/617/109 979/385/109 993/383/109 1009/616/109
f 978/387/130 979/385/130 999/617/130 998/618/130 997/619/130
f 977/389/78 978/387/78 997/619/78 996/620/78
f 976/391/79 977/389/79 996/620/79 995/621/79
f 975/393/80 976/391/80 995/621/80 994/622/80
f 961/395/81 975/393/81 994/622/81 970/623/81
f 960/397/82 961/395/82 970/623/82 969/624/82
f 959/399/83 960/397/83 969/624/83 968/625/83
f 964/626/84 958/401/84 959/399/84 968/625/84 967/627/84 966/628/84
f 964/629/85 957/630/85 956/403/85 958/401/85
f 955/631/131 956/403/131 957/630/131
f 978/418/111 977/419/111 976/420/111 975/421/111 961/422/111 960/423/111 959/424/111 958/425/111 956/426/111 955/632/111 974/633/111 982/634/111 983/635/111 984/442/111 986/441/111 987/440/111 990/439/111 991/438/111 992/437/111 993/448/111 979/417/111
f 908/495/111 911/636/111 910/534/111 909/532/111 912/531/111 913/530/111 914/529/111 915/528/111 916/527/111 917/526/111 918/525/111 919/524/111 920/521/111 921/523/111 922/637/111 933/638/111 932/639/111 931/640/111 929/641/111 930/642/111 926/643/111 925/644/111 924/645/111 923/646/111 927/396/111 934/392/111 936/388/111 947/380/111 946/489/111 935/498/111
f 871/371/101 868/647/101 923/648/101 924/649/101
f 879/373/102 871/371/102 924/649/102 925/650/102
f 926/651/103 887/375/103 879/373/103 925/650/103
f 930/652/104 896/377/104 887/375/104 926/651/104
f 893/379/105 896/377/105 930/652/105 929/653/105
f 898/381/106 893/379/106 929/653/106 931/654/106
f 902/383/107 898/381/107 931/654/107 932/655/107
f 933/656/109 906/385/109 902/383/109 932/655/109
f 922/521/110 861/387/110 906/385/110 933/656/110
f 858/389/108 866/657/108 859/389/108
f 865/658/132 861/387/132 922/521/132 921/659/132
f 858/389/108 859/389/108 856/660/108
f 911/661/102 843/662/102 842/663/102 910/664/102
f 858/433/111 856/665/111 862/666/111 863/667/111 864/668/111 866/669/111
f 894/670/111 905/671/111 886/672/111 885/673/111 883/674/111 882/675/111 875/676/111 870/676/111 874/676/111 873/676/111 872/676/111 877/676/111 876/676/111 880/677/111 884/678/111 891/679/111 878/680/111 869/681/111 867/682/111 849/683/111 844/684/111 845/685/111 848/686/111 847/687/111 843/688/111 868/689/111 871/442/111 879/441/111 887/440/111 896/439/111 895/690/111 888/691/111
f 884/678/111 886/672/111 905/671/111 903/692/111 900/693/111 891/679/111
f 894/670/111 888/691/111 892/694/111 895/690/111 896/439/111 893/438/111 898/437/111 902/436/111 906/435/111 861/434/111 865/695/111 907/696/111 904/697/111 899/698/111
f 1014/355/78 1015/356/78 1017/357/78 1016/358/78
f 1016/358/79 1017/357/79 1019/359/79 1018/360/79
f 1018/360/133 1019/359/133 1021/361/133 1020/362/133
f 1020/362/81 1021/361/81 1023/363/81 1022/364/81
f 1022/364/82 1023/363/82 1025/365/82 1024/366/82
f 1024/366/83 1025/365/83 1027/367/83 1026/368/83
f 1026/368/84 1027/367/84 1029/369/84 1028/370/84
f 1028/370/85 1029/369/85 1031/371/85 1030/372/85
f 1030/372/86 1031/371/86 1033/373/86 1032/374/86
f 1032/374/87 1033/373/87 1035/375/87 1034/376/87
f 1034/376/88 1035/375/88 1037/377/88 1036/378/88
f 1036/378/89 1037/377/89 1039/379/89 1038/380/89
f 1038/380/90 1039/379/90 1041/381/90 1040/382/90
f 1040/382/134 1041/381/134 1043/383/134 1042/384/134
f 1042/384/92 1043/383/92 1045/385/92 1044/386/92
f 1044/386/93 1045/385/93 1047/387/93 1046/388/93
f 1046/388/94 1047/387/94 1049/389/94 1048/390/94
f 1048/390/95 1049/389/95 1051/391/95 1050/392/95
f 1050/392/135 1051/391/135 1053/393/135 1052/394/135
f 1052/394/97 1053/393/97 1055/395/97 1054/396/97
f 1054/396/98 1055/395/98 1057/397/98 1056/398/98
f 1056/398/99 1057/397/99 1059/399/99 1058/400/99
f 1058/400/100 1059/399/100 1061/401/100 1060/402/100
f 1060/402/101 1061/401/101 1063/403/101 1062/404/101
f 1062/404/102 1063/403/102 1065/405/102 1064/406/102
f 1064/406/103 1065/405/103 1067/407/103 1066/408/103
f 1066/408/104 1067/407/104 1069/409/104 1068/410/104
f 1068/410/105 1069/409/105 1071/411/105 1070/412/105
f 1070/412/106 1071/411/106 1073/413/106 1072/414/106
f 1072/414/136 1073/413/136 1075/415/136 1074/416/136
f 1017/417/108 1015/418/108 1077/419/108 1075/420/108 1073/421/108 1071/422/108 1069/423/108 1067/424/108 1065/425/108 1063/426/108 1061/427/108 1059/428/108 1057/429/108 1055/430/108 1053/431/108 1051/432/108 1049/433/108 1047/434/108 1045/435/108 1043/436/108 1041/437/108 1039/438/108 1037/439/108 1035/440/108 1033/441/108 1031/442/108 1029/443/108 1027/444/108 1025/445/108 1023/446/108 1021/447/108 1019/448/108
f 1074/416/109 1075/415/109 1077/449/109 1076/450/109
f 1076/450/110 1077/449/110 1015/451/110 1014/452/110
f 1014/453/111 1016/454/111 1018/455/111 1020/456/111 1022/457/111 1024/458/111 1026/459/111 1028/460/111 1030/461/111 1032/462/111 1034/463/111 1036/464/111 1038/465/111 1040/466/111 1042/467/111 1044/468/111 1046/469/111 1048/470/111 1050/471/111 1052/472/111 1054/473/111 1056/474/111 1058/475/111 1060/476/111 1062/477/111 1064/478/111 1066/479/111 1068/480/111 1070/481/111 1072/482/111 1074/483/111 1076/484/111
f 1078/355/78 1079/356/78 1081/357/78 1080/358/78
f 1080/358/79 1081/357/79 1083/359/79 1082/360/79
f 1082/360/133 1083/359/133 1085/361/133 1084/362/133
f 1084/362/81 1085/361/81 1087/363/81 1086/364/81
f 1086/364/82 1087/363/82 1089/365/82 1088/366/82
f 1088/366/83 1089/365/83 1091/367/83 1090/368/83
f 1090/368/84 1091/367/84 1093/369/84 1092/370/84
f 1092/370/85 1093/369/85 1095/371/85 1094/372/85
f 1094/372/86 1095/371/86 1097/373/86 1096/374/86
f 1096/374/87 1097/373/87 1099/375/87 1098/376/87
f 1098/376/88 1099/375/88 1101/377/88 1100/378/88
f 1100/378/89 1101/377/89 1103/379/89 1102/380/89
f 1102/380/90 1103/379/90 1105/381/90 1104/382/90
f 1104/382/134 1105/381/134 1107/383/134 1106/384/134
f 1106/384/92 1107/383/92 1109/385/92 1108/386/92
f 1108/386/93 1109/385/93 1111/387/93 1110/388/93
f 1110/388/94 1111/387/94 1113/389/94 1112/390/94
f 1112/390/95 1113/389/95 1115/391/95 1114/392/95
f 1114/392/135 1115/391/135 1117/393/135 1116/394/135
f 1116/394/97 1117/393/97 1119/395/97 1118/396/97
f 1118/396/98 1119/395/98 1121/397/98 1120/398/98
f 1120/398/99 1121/397/99 1123/399/99 1122/400/99
f 1122/400/100 1123/399/100 1125/401/100 1124/402/100
f 1124/402/101 1125/401/101 1127/403/101 1126/404/101
f 1126/404/102 1127/403/102 1129/405/102 1128/406/102
f 1128/406/103 1129/405/103 1131/407/103 1130/408/103
f 1130/408/104 1131/407/104 1133/409/104 1132/410/104
f 1132/410/105 1133/409/105 1135/411/105 1134/412/105
f 1134/412/106 1135/411/106 1137/413/106 1136/414/106
f 1136/414/136 1137/413/136 1139/415/136 1138/416/136
f 1081/417/108 1079/418/108 1141/419/108 1139/420/108 1137/421/108 1135/422/108 1133/423/108 1131/424/108 1129/425/108 1127/426/108 1125/427/108 1123/428/108 1121/429/108 1119/430/108 1117/431/108 1115/432/108 1113/433/108 1111/434/108 1109/435/108 1107/436/108 1105/437/108 1103/438/108 1101/439/108 1099/440/108 1097/441/108 1095/442/108 1093/443/108 1091/444/108 1089/445/108 1087/446/108 1085/447/108 1083/448/108
f 1138/416/109 1139/415/109 1141/449/109 1140/450/109
f 1140/450/110 1141/449/110 1079/451/110 1078/452/110
f 1078/453/111 1080/454/111 1082/455/111 1084/456/111 1086/457/111 1088/458/111 1090/459/111 1092/460/111 1094/461/111 1096/462/111 1098/463/111 1100/464/111 1102/465/111 1104/466/111 1106/467/111 1108/468/111 1110/469/111 1112/470/111 1114/471/111 1116/472/111 1118/473/111 1120/474/111 1122/475/111 1124/476/111 1126/477/111 1128/478/111 1130/479/111 1132/480/111 1134/481/111 1136/482/111 1138/483/111 1140/484/111
f 839/486/113 1154/511/113 1151/511/113 833/486/113
f 1005/392/137 989/394/137 988/396/137 1147/699/137 1148/700/137 1013/380/137 1011/388/137
f 830/404/117 1144/701/117 1152/701/117 835/404/117
f 843/702/117 911/703/117 908/495/117 1143/704/117 1144/701/117 830/404/117 831/400/117 927/396/117 923/646/117 868/705/117
f 935/498/138 1142/706/138 1143/707/138 908/495/138
f 946/489/139 1145/708/139 1142/706/139 935/498/139
f 1155/355/78 1157/358/78 1158/357/78 1156/356/78
f 1157/358/79 1159/360/79 1160/359/79 1158/357/79
f 1159/360/80 1161/362/80 1162/361/80 1160/359/80
f 1161/362/81 1163/364/81 1164/363/81 1162/361/81
f 1163/364/82 1165/366/82 1166/365/82 1164/363/82
f 1165/366/83 1167/368/83 1168/367/83 1166/365/83
f 1167/368/84 1169/370/84 1170/369/84 1168/367/84
f 1169/370/85 1171/372/85 1172/371/85 1170/369/85
f 1171/372/86 1173/374/86 1174/373/86 1172/371/86
f 1173/374/87 1175/376/87 1176/375/87 1174/373/87
f 1175/376/88 1177/378/88 1178/377/88 1176/375/88
f 1177/378/89 1179/380/89 1180/379/89 1178/377/89
f 1179/380/90 1181/382/90 1182/381/90 1180/379/90
f 1181/382/91 1183/384/91 1184/383/91 1182/381/91
f 1183/384/92 1185/386/92 1186/385/92 1184/383/92
f 1185/386/93 1187/388/93 1188/387/93 1186/385/93
f 1187/388/94 1189/390/94 1190/389/94 1188/387/94
f 1189/390/95 1191/392/95 1192/391/95 1190/389/95
f 1191/392/96 1193/394/96 1194/393/96 1192/391/96
f 1193/394/97 1195/396/97 1196/395/97 1194/393/97
f 1195/396/98 1197/398/98 1198/397/98 1196/395/98
f 1197/398/99 1199/400/99 1200/399/99 1198/397/99
f 1199/400/100 1201/402/100 1202/401/100 1200/399/100
f 1201/402/101 1203/404/101 1204/403/101 1202/401/101
f 1203/404/102 1205/406/102 1206/405/102 1204/403/102
f 1205/406/103 1207/408/103 1208/407/103 1206/405/103
f 1207/408/104 1209/410/104 1210/409/104 1208/407/104
f 1209/410/105 1211/412/105 1212/411/105 1210/409/105
f 1211/412/106 1213/414/106 1214/413/106 1212/411/106
f 1213/414/107 1215/416/107 1216/415/107 1214/413/107
f 1158/417/111 1160/448/111 1162/447/111 1164/446/111 1166/445/111 1168/444/111 1170/443/111 1172/442/111 1174/441/111 1176/440/111 1178/439/111 1180/438/111 1182/437/111 1184/436/111 1186/435/111 1188/434/111 1190/433/111 1192/432/111 1194/431/111 1196/430/111 1198/429/111 1200/428/111 1202/427/111 1204/426/111 1206/425/111 1208/424/111 1210/423/111 1212/422/111 1214/421/111 1216/420/111 1218/419/111 1156/418/111
f 1215/416/109 1217/450/109 1218/449/109 1216/415/109
f 1217/450/110 1155/452/110 1156/451/110 1218/449/110
f 1155/453/108 1217/484/108 1215/483/108 1213/482/108 1211/481/108 1209/480/108 1207/479/108 1205/478/108 1203/477/108 1201/476/108 1199/475/108 1197/474/108 1195/473/108 1193/472/108 1191/471/108 1189/470/108 1187/469/108 1185/468/108 1183/467/108 1181/466/108 1179/465/108 1177/464/108 1175/463/108 1173/462/108 1171/461/108 1169/460/108 1167/459/108 1165/458/108 1163/457/108 1161/456/108 1159/455/108 1157/454/108
f 1325/388/112 1336/380/112 1334/487/112 1222/486/112 1223/485/112
f 1145/488/113 1146/490/113 1334/372/113 1336/380/113 1335/489/113
f 1370/491/140 1378/394/140 1377/396/140 1369/492/140
f 1149/493/141 1337/489/141 1326/498/141 1317/497/141 1279/496/141 1278/495/141 1150/494/141
f 1150/499/142 1278/495/142 1327/506/142 1329/505/142 1338/504/142 1340/503/142 1342/502/142 1361/501/142 1369/492/142 1377/396/142 1147/500/142
f 1148/507/113 1402/380/113 1401/509/113 1337/489/113 1149/508/113
f 1325/388/112 1223/485/112 1221/510/112 1323/392/112
f 1151/511/112 1222/486/112 1334/487/112 1146/512/112
f 1220/513/112 1316/396/112 1323/392/112 1221/510/112
f 1223/485/108 1229/485/108 1227/510/108 1221/510/108
f 1153/514/112 1225/515/112 1228/486/112 1154/511/112
f 1152/516/112 1224/517/112 1225/515/112 1153/514/112
f 1227/510/112 1225/515/112 1224/517/112 1226/513/112
f 1229/485/112 1228/486/112 1225/515/112 1227/510/112
f 1220/400/117 1226/400/117 1224/404/117 1219/404/117
f 1229/485/113 1223/485/113 1222/486/113 1228/486/113
f 1221/510/108 1227/510/108 1226/513/108 1220/513/108
f 1270/375/108 1272/375/108 1271/518/108
f 1270/375/108 1274/519/108 1272/375/108
f 1286/381/108 1288/381/108 1283/520/108
f 1293/383/108 1288/381/108 1286/381/108 1290/383/108
f 1290/383/108 1296/385/108 1293/383/108
f 1309/521/118 1310/523/118 1254/522/118 1249/387/118
f 1308/524/78 1309/521/78 1249/387/78 1246/389/78
f 1307/525/79 1308/524/79 1246/389/79 1244/391/79
f 1243/393/80 1306/526/80 1307/525/80 1244/391/80
f 1242/395/81 1305/527/81 1306/526/81 1243/393/81
f 1241/397/82 1304/528/82 1305/527/82 1242/395/82
f 1303/529/83 1304/528/83 1241/397/83 1240/399/83
f 1302/530/84 1303/529/84 1240/399/84 1239/401/84
f 1235/403/85 1301/531/85 1302/530/85 1239/401/85
f 1230/405/86 1298/532/86 1301/531/86 1235/403/86
f 1231/533/95 1299/534/95 1298/532/95 1230/405/95
f 1265/442/143 1269/539/143 1273/538/143 1275/537/143 1274/536/143 1270/440/143 1271/535/143 1264/442/143 1259/442/143 1263/442/143 1262/442/143 1261/442/143 1266/442/143
f 1284/439/108 1277/541/108 1281/540/108
f 1252/542/108 1289/559/108 1280/558/108 1267/557/108 1258/556/108 1256/555/108 1238/554/108 1233/553/108 1234/552/108 1237/551/108 1236/550/108 1232/549/108 1231/548/108 1230/425/108 1235/426/108 1239/427/108 1240/428/108 1241/429/108 1242/430/108 1243/431/108 1244/432/108 1246/433/108 1249/434/108 1254/547/108 1255/546/108 1248/545/108 1245/544/108 1251/543/108
f 1255/546/108 1254/547/108 1296/435/108 1290/436/108 1286/437/108 1283/563/108 1294/562/108 1292/561/108 1289/559/108 1252/542/108 1253/560/108
f 1360/564/144 1401/509/144 1402/380/144 1400/388/144 1399/565/144
f 1326/498/144 1337/489/144 1401/509/144 1360/564/144 1333/566/144
f 1339/567/145 1341/568/145 1340/503/145 1338/504/145
f 1332/569/146 1333/566/146 1360/564/146 1352/571/146 1351/570/146
f 1317/497/146 1326/498/146 1333/566/146 1332/569/146 1331/572/146
f 1328/573/145 1330/574/145 1329/505/145 1327/506/145
f 1387/575/147 1399/565/147 1400/388/147 1394/392/147 1393/583/147 1391/582/147 1392/581/147 1395/580/147 1396/579/147 1397/578/147 1398/577/147 1388/576/147
f 1352/571/148 1360/564/148 1399/565/148 1387/575/148 1386/593/148 1385/592/148 1384/591/148 1383/590/148 1359/589/148 1358/588/148 1357/587/148 1356/586/148 1355/585/148 1354/584/148
f 1343/594/149 1362/595/149 1361/501/149 1342/502/149
f 1343/594/150 1354/584/150 1355/585/150 1353/599/150 1346/598/150 1344/597/150 1363/596/150 1362/595/150
f 1352/571/151 1354/584/151 1343/594/151 1341/568/151
f 1341/568/152 1343/594/152 1342/502/152 1340/503/152
f 1331/572/153 1332/569/153 1330/574/153 1328/573/153
f 1317/497/153 1331/572/153 1328/573/153 1279/496/153
f 1279/496/145 1328/573/145 1327/506/145 1278/495/145
f 1351/570/153 1352/571/153 1341/568/153 1339/567/153
f 1332/569/153 1351/570/153 1339/567/153 1330/574/153
f 1330/574/145 1339/567/145 1338/504/145 1329/505/145
f 1374/600/154 1389/604/154 1390/603/154 1393/583/154 1394/392/154 1378/394/154 1370/491/154 1371/602/154 1372/601/154
f 1371/602/150 1370/491/150 1362/595/150 1363/596/150
f 1362/595/149 1370/491/149 1369/492/149 1361/501/149
f 1372/605/101 1373/371/101 1374/606/101
f 1375/373/102 1389/607/102 1374/606/102 1373/371/102
f 1376/375/103 1392/612/103 1391/611/103 1393/610/103 1390/609/103 1389/608/103 1375/373/103
f 1379/377/104 1395/613/104 1392/612/104 1376/375/104
f 1380/379/105 1396/614/105 1395/613/105 1379/377/105
f 1381/381/106 1397/615/106 1396/614/106 1380/379/106
f 1398/616/107 1397/615/107 1381/381/107 1382/383/107
f 1388/617/109 1398/616/109 1382/383/109 1368/385/109
f 1367/387/130 1386/619/130 1387/618/130 1388/617/130 1368/385/130
f 1366/389/78 1385/620/78 1386/619/78 1367/387/78
f 1365/391/79 1384/621/79 1385/620/79 1366/389/79
f 1364/393/80 1383/622/80 1384/621/80 1365/391/80
f 1350/395/81 1359/623/81 1383/622/81 1364/393/81
f 1349/397/82 1358/624/82 1359/623/82 1350/395/82
f 1348/399/83 1357/625/83 1358/624/83 1349/397/83
f 1353/626/84 1355/628/84 1356/627/84 1357/625/84 1348/399/84 1347/401/84
f 1353/629/85 1347/401/85 1345/403/85 1346/630/85
f 1344/631/131 1346/630/131 1345/403/131
f 1367/418/108 1368/417/108 1382/448/108 1381/437/108 1380/438/108 1379/439/108 1376/440/108 1375/441/108 1373/442/108 1372/635/108 1371/634/108 1363/633/108 1344/632/108 1345/426/108 1347/425/108 1348/424/108 1349/423/108 1350/422/108 1364/421/108 1365/420/108 1366/419/108
f 1297/495/108 1324/498/108 1335/489/108 1336/380/108 1325/388/108 1323/392/108 1316/396/108 1312/646/108 1313/645/108 1314/644/108 1315/643/108 1319/642/108 1318/641/108 1320/640/108 1321/639/108 1322/638/108 1311/637/108 1310/523/108 1309/521/108 1308/524/108 1307/525/108 1306/526/108 1305/527/108 1304/528/108 1303/529/108 1302/530/108 1301/531/108 1298/532/108 1299/534/108 1300/636/108
f 1260/371/101 1313/649/101 1312/648/101 1257/647/101
f 1268/373/102 1314/650/102 1313/649/102 1260/371/102
f 1315/651/103 1314/650/103 1268/373/103 1276/375/103
f 1319/652/104 1315/651/104 1276/375/104 1285/377/104
f 1282/379/105 1318/653/105 1319/652/105 1285/377/105
f 1287/381/106 1320/654/106 1318/653/106 1282/379/106
f 1291/383/107 1321/655/107 1320/654/107 1287/381/107
f 1322/656/109 1321/655/109 1291/383/109 1295/385/109
f 1311/521/110 1322/656/110 1295/385/110 1250/387/110
f 1247/389/108 1248/389/108 1255/657/108
f 1254/658/132 1310/659/132 1311/521/132 1250/387/132
f 1247/389/108 1245/660/108 1248/389/108
f 1300/661/102 1299/664/102 1231/663/102 1232/662/102
f 1247/433/108 1255/669/108 1253/668/108 1252/667/108 1251/666/108 1245/665/108
f 1283/670/108 1277/691/108 1284/690/108 1285/439/108 1276/440/108 1268/441/108 1260/442/108 1257/689/108 1232/688/108 1236/687/108 1237/686/108 1234/685/108 1233/684/108 1238/683/108 1256/682/108 1258/681/108 1267/680/108 1280/679/108 1273/678/108 1269/677/108 1265/676/108 1266/676/108 1261/676/108 1262/676/108 1263/676/108 1259/676/108 1264/676/108 1271/675/108 1272/674/108 1274/673/108 1275/672/108 1294/671/108
f 1273/678/108 1280/679/108 1289/693/108 1292/692/108 1294/671/108 1275/672/108
f 1283/670/108 1288/698/108 1293/697/108 1296/696/108 1254/695/108 1250/434/108 1295/435/108 1291/436/108 1287/437/108 1282/438/108 1285/439/108 1284/690/108 1281/694/108 1277/691/108
f 1403/355/78 1405/358/78 1406/357/78 1404/356/78
f 1405/358/79 1407/360/79 1408/359/79 1406/357/79
f 1407/360/133 1409/362/133 1410/361/133 1408/359/133
f 1409/362/81 1411/364/81 1412/363/81 1410/361/81
f 1411/364/82 1413/366/82 1414/365/82 1412/363/82
f 1413/366/83 1415/368/83 1416/367/83 1414/365/83
f 1415/368/84 1417/370/84 1418/369/84 1416/367/84
f 1417/370/85 1419/372/85 1420/371/85 1418/369/85
f 1419/372/86 1421/374/86 1422/373/86 1420/371/86
f 1421/374/87 1423/376/87 1424/375/87 1422/373/87
f 1423/376/88 1425/378/88 1426/377/88 1424/375/88
f 1425/378/89 1427/380/89 1428/379/89 1426/377/89
f 1427/380/90 1429/382/90 1430/381/90 1428/379/90
f 1429/382/134 1431/384/134 1432/383/134 1430/381/134
f 1431/384/92 1433/386/92 1434/385/92 1432/383/92
f 1433/386/93 1435/388/93 1436/387/93 1434/385/93
f 1435/388/94 1437/390/94 1438/389/94 1436/387/94
f 1437/390/95 1439/392/95 1440/391/95 1438/389/95
f 1439/392/135 1441/394/135 1442/393/135 1440/391/135
f 1441/394/97 1443/396/97 1444/395/97 1442/393/97
f 1443/396/98 1445/398/98 1446/397/98 1444/395/98
f 1445/398/99 1447/400/99 1448/399/99 1446/397/99
f 1447/400/100 1449/402/100 1450/401/100 1448/399/100
f 1449/402/101 1451/404/101 1452/403/101 1450/401/101
f 1451/404/102 1453/406/102 1454/405/102 1452/403/102
f 1453/406/103 1455/408/103 1456/407/103 1454/405/103
f 1455/408/104 1457/410/104 1458/409/104 1456/407/104
f 1457/410/105 1459/412/105 1460/411/105 1458/409/105
f 1459/412/106 1461/414/106 1462/413/106 1460/411/106
f 1461/414/136 1463/416/136 1464/415/136 1462/413/136
f 1406/417/111 1408/448/111 1410/447/111 1412/446/111 1414/445/111 1416/444/111 1418/443/111 1420/442/111 1422/441/111 1424/440/111 1426/439/111 1428/438/111 1430/437/111 1432/436/111 1434/435/111 1436/434/111 1438/433/111 1440/432/111 1442/431/111 1444/430/111 1446/429/111 1448/428/111 1450/427/111 1452/426/111 1454/425/111 1456/424/111 1458/423/111 1460/422/111 1462/421/111 1464/420/111 1466/419/111 1404/418/111
f 1463/416/109 1465/450/109 1466/449/109 1464/415/109
f 1465/450/110 1403/452/110 1404/451/110 1466/449/110
f 1403/453/108 1465/484/108 1463/483/108 1461/482/108 1459/481/108 1457/480/108 1455/479/108 1453/478/108 1451/477/108 1449/476/108 1447/475/108 1445/474/108 1443/473/108 1441/472/108 1439/471/108 1437/470/108 1435/469/108 1433/468/108 1431/467/108 1429/466/108 1427/465/108 1425/464/108 1423/463/108 1421/462/108 1419/461/108 1417/460/108 1415/459/108 1413/458/108 1411/457/108 1409/456/108 1407/455/108 1405/454/108
f 1467/355/78 1469/358/78 1470/357/78 1468/356/78
f 1469/358/79 1471/360/79 1472/359/79 1470/357/79
f 1471/360/133 1473/362/133 1474/361/133 1472/359/133
f 1473/362/81 1475/364/81 1476/363/81 1474/361/81
f 1475/364/82 1477/366/82 1478/365/82 1476/363/82
f 1477/366/83 1479/368/83 1480/367/83 1478/365/83
f 1479/368/84 1481/370/84 1482/369/84 1480/367/84
f 1481/370/85 1483/372/85 1484/371/85 1482/369/85
f 1483/372/86 1485/374/86 1486/373/86 1484/371/86
f 1485/374/87 1487/376/87 1488/375/87 1486/373/87
f 1487/376/88 1489/378/88 1490/377/88 1488/375/88
f 1489/378/89 1491/380/89 1492/379/89 1490/377/89
f 1491/380/90 1493/382/90 1494/381/90 1492/379/90
f 1493/382/134 1495/384/134 1496/383/134 1494/381/134
f 1495/384/92 1497/386/92 1498/385/92 1496/383/92
f 1497/386/93 1499/388/93 1500/387/93 1498/385/93
f 1499/388/94 1501/390/94 1502/389/94 1500/387/94
f 1501/390/95 1503/392/95 1504/391/95 1502/389/95
f 1503/392/135 1505/394/135 1506/393/135 1504/391/135
f 1505/394/97 1507/396/97 1508/395/97 1506/393/97
f 1507/396/98 1509/398/98 1510/397/98 1508/395/98
f 1509/398/99 1511/400/99 1512/399/99 1510/397/99
f 1511/400/100 1513/402/100 1514/401/100 1512/399/100
f 1513/402/101 1515/404/101 1516/403/101 1514/401/101
f 1515/404/102 1517/406/102 1518/405/102 1516/403/102
f 1517/406/103 1519/408/103 1520/407/103 1518/405/103
f 1519/408/104 1521/410/104 1522/409/104 1520/407/104
f 1521/410/105 1523/412/105 1524/411/105 1522/409/105
f 1523/412/106 1525/414/106 1526/413/106 1524/411/106
f 1525/414/136 1527/416/136 1528/415/136 1526/413/136
f 1470/417/111 1472/448/111 1474/447/111 1476/446/111 1478/445/111 1480/444/111 1482/443/111 1484/442/111 1486/441/111 1488/440/111 1490/439/111 1492/438/111 1494/437/111 1496/436/111 1498/435/111 1500/434/111 1502/433/111 1504/432/111 1506/431/111 1508/430/111 1510/429/111 1512/428/111 1514/427/111 1516/426/111 1518/425/111 1520/424/111 1522/423/111 1524/422/111 1526/421/111 1528/420/111 1530/419/111 1468/418/111
f 1527/416/109 1529/450/109 1530/449/109 1528/415/109
f 1529/450/110 1467/452/110 1468/451/110 1530/449/110
f 1467/453/108 1529/484/108 1527/483/108 1525/482/108 1523/481/108 1521/480/108 1519/479/108 1517/478/108 1515/477/108 1513/476/108 1511/475/108 1509/474/108 1507/473/108 1505/472/108 1503/471/108 1501/470/108 1499/469/108 1497/468/108 1495/467/108 1493/466/108 1491/465/108 1489/464/108 1487/463/108 1485/462/108 1483/461/108 1481/460/108 1479/459/108 1477/458/108 1475/457/108 1473/456/108 1471/455/108 1469/454/108
f 1228/486/113 1222/486/113 1151/511/113 1154/511/113
f 1394/392/155 1400/388/155 1402/380/155 1148/700/155 1147/699/155 1377/396/155 1378/394/155
f 1219/404/117 1224/404/117 1152/701/117 1144/701/117
f 1232/702/117 1257/705/117 1312/646/117 1316/396/117 1220/400/117 1219/404/117 1144/701/117 1143/704/117 1297/495/117 1300/703/117
f 1324/498/138 1297/495/138 1143/707/138 1142/706/138
f 1335/489/139 1324/498/139 1142/706/139 1145/708/139
o tuck.002
v 2465.907227 75.343407 -5668.353027
v 2465.452881 75.343407 -5668.353027
v 2465.907227 75.354935 -5668.470215
v 2465.452881 75.354935 -5668.469727
v 2465.907227 75.389076 -5668.582520
v 2465.452881 75.389076 -5668.582520
v 2465.907227 75.444519 -5668.686523
v 2465.452881 75.444519 -5668.686035
v 2465.907227 75.519142 -5668.777344
v 2465.452881 75.519142 -5668.777344
v 2465.906982 75.610062 -5668.852051
v 2465.452637 75.610062 -5668.851562
v 2465.906982 75.713791 -5668.907227
v 2465.452637 75.713791 -5668.907227
v 2465.906982 75.826347 -5668.941406
v 2465.452637 75.826347 -5668.941406
v 2465.906982 75.943405 -5668.953125
v 2465.452637 75.943405 -5668.952637
v 2465.906982 76.060455 -5668.941406
v 2465.452637 76.060455 -5668.941406
v 2465.906982 76.173012 -5668.907227
v 2465.452637 76.173012 -5668.907227
v 2465.906982 76.276749 -5668.852051
v 2465.452637 76.276749 -5668.851562
v 2465.907227 76.367668 -5668.777344
v 2465.452881 76.367668 -5668.777344
v 2465.907227 76.442284 -5668.686523
v 2465.452881 76.442284 -5668.686035
v 2465.907227 76.497734 -5668.582520
v 2465.452881 76.497734 -5668.582520
v 2465.907227 76.531876 -5668.470215
v 2465.452881 76.531876 -5668.469727
v 2465.907227 76.543404 -5668.353027
v 2465.452881 76.543404 -5668.353027
v 2465.907471 76.531876 -5668.235840
v 2465.453125 76.531876 -5668.235840
v 2465.907471 76.497734 -5668.123535
v 2465.453125 76.497734 -5668.123047
v 2465.907471 76.442284 -5668.019531
v 2465.453125 76.442284 -5668.019531
v 2465.907471 76.367668 -5667.928711
v 2465.453125 76.367668 -5667.928711
v 2465.907471 76.276749 -5667.854004
v 2465.453125 76.276749 -5667.854004
v 2465.907715 76.173012 -5667.798828
v 2465.453369 76.173012 -5667.798340
v 2465.907715 76.060455 -5667.764648
v 2465.453369 76.060455 -5667.764160
v 2465.907715 75.943405 -5667.752930
v 2465.453369 75.943405 -5667.752930
v 2465.907715 75.826347 -5667.764648
v 2465.453369 75.826347 -5667.764160
v 2465.907715 75.713791 -5667.798828
v 2465.453369 75.713791 -5667.798340
v 2465.907471 75.610062 -5667.854004
v 2465.453125 75.610062 -5667.854004
v 2465.907471 75.519142 -5667.928711
v 2465.453125 75.519142 -5667.928711
v 2465.907471 75.444519 -5668.019531
v 2465.453125 75.444519 -5668.019531
v 2465.907471 75.389076 -5668.123535
v 2465.453125 75.389076 -5668.123047
v 2465.907471 75.354935 -5668.235840
v 2465.453125 75.354935 -5668.235840
v 2464.653076 75.808762 -5669.490234
v 2465.220459 75.808762 -5669.490723
v 2465.220459 76.388794 -5669.490723
v 2464.653076 77.107376 -5669.490234
v 2465.220459 77.107376 -5669.490723
v 2464.652344 75.808762 -5670.699707
v 2464.652344 76.388794 -5670.699707
v 2465.219727 75.808762 -5670.700195
v 2465.219727 76.388794 -5670.700195
v 2464.652344 77.107376 -5670.699707
v 2465.219727 77.107376 -5670.700195
v 2465.504883 75.797089 -5667.616699
v 2465.504883 75.797455 -5667.618164
v 2465.504883 75.808762 -5667.616699
v 2465.504883 75.893166 -5667.758789
v 2465.504883 75.933502 -5667.660645
v 2465.504883 75.943405 -5667.602539
v 2465.504883 75.942307 -5667.603516
v 2465.504883 75.943192 -5667.603516
v 2465.504395 75.824341 -5668.402832
v 2465.504883 76.089722 -5667.616699
v 2465.504883 76.230423 -5667.659668
v 2465.504883 76.360085 -5667.728516
v 2465.504639 76.473740 -5667.822266
v 2465.504639 76.567009 -5667.935547
v 2465.504639 76.636314 -5668.065430
v 2465.504639 76.636734 -5668.067871
v 2465.504639 76.678993 -5668.206055
v 2465.504639 76.678993 -5668.207031
v 2465.504639 76.678993 -5668.207031
v 2465.504395 76.693405 -5668.352539
v 2465.504395 76.693405 -5668.353516
v 2465.504395 76.693214 -5668.352051
v 2465.504395 76.693291 -5668.352539
v 2465.504395 76.693298 -5668.352539
v 2465.504395 76.693344 -5668.353027
v 2465.504395 76.693329 -5668.352539
v 2465.504395 75.853264 -5668.571289
v 2465.504150 75.808762 -5669.090332
v 2465.504150 75.943405 -5668.998535
v 2465.504150 75.943405 -5669.102539
v 2465.504150 75.943405 -5669.103516
v 2465.504150 75.943405 -5669.102539
v 2465.504150 75.943405 -5669.102539
v 2465.504150 75.943405 -5669.102539
v 2465.504150 75.943405 -5669.102539
v 2465.504150 75.943405 -5669.102539
v 2465.504150 75.943405 -5669.102539
v 2465.504150 76.072250 -5668.973633
v 2465.504150 76.089722 -5669.089355
v 2465.504150 76.224236 -5669.046387
v 2465.504150 76.230423 -5669.045410
v 2465.504150 76.229980 -5669.045410
v 2465.504150 76.230423 -5669.045410
v 2465.504150 76.228111 -5669.045410
v 2465.504150 76.231071 -5669.044922
v 2465.504150 76.231125 -5669.044922
v 2465.504150 76.230423 -5669.046387
v 2465.504150 76.239624 -5669.040527
v 2465.494141 75.794327 -5669.958008
v 2465.499023 75.901749 -5669.958008
v 2465.504150 76.349663 -5668.758789
v 2465.504150 76.465668 -5668.889160
v 2465.504150 76.473740 -5668.883789
v 2465.504150 76.475113 -5668.880859
v 2465.504150 76.360085 -5668.976074
v 2465.504150 76.360085 -5668.977051
v 2465.504150 76.567009 -5668.769043
v 2465.504150 76.567009 -5668.770020
v 2465.504150 76.567009 -5668.769043
v 2465.504395 76.635849 -5668.491211
v 2465.504395 76.636314 -5668.639160
v 2465.504395 76.636314 -5668.640625
v 2465.504395 76.635849 -5668.640137
v 2465.504395 76.636314 -5668.639160
v 2465.504395 76.634613 -5668.642090
v 2465.504395 76.678993 -5668.500000
v 2465.504395 76.678993 -5668.498535
v 2465.789307 75.808769 -5666.410156
v 2465.788818 75.797089 -5667.616699
v 2465.788818 75.797455 -5667.618164
v 2465.788818 75.808769 -5667.617188
v 2465.788818 75.943405 -5667.602539
v 2465.788818 76.089722 -5667.616699
v 2465.788818 76.230423 -5667.659668
v 2465.788818 76.360085 -5667.729004
v 2465.788574 76.473740 -5667.822266
v 2465.788574 76.567009 -5667.936035
v 2465.788574 76.636314 -5668.065430
v 2465.788574 76.678993 -5668.206055
v 2465.788330 76.693405 -5668.352539
v 2465.788330 76.693344 -5668.353027
v 2465.788330 76.693405 -5668.353516
v 2465.788086 75.808769 -5669.090332
v 2465.788086 75.943405 -5669.103516
v 2465.788086 76.089722 -5669.089355
v 2465.788086 76.230423 -5669.046875
v 2465.787842 75.808769 -5669.490723
v 2466.069824 76.216270 -5669.820801
v 2465.788086 76.473740 -5668.884277
v 2465.788086 76.360085 -5668.977539
v 2465.788330 76.567009 -5668.770508
v 2465.788330 76.636314 -5668.640625
v 2465.788330 76.678993 -5668.500000
v 2465.787842 76.388794 -5669.490723
v 2465.789307 77.107376 -5666.410156
v 2465.787842 77.107376 -5669.490723
v 2466.086914 77.609909 -5669.820801
v 2465.493408 75.794327 -5671.534668
v 2465.498047 75.901749 -5671.534668
v 2465.492432 75.794327 -5673.111816
v 2465.497314 75.901749 -5673.111816
v 2466.068848 76.216270 -5671.397949
v 2466.068115 76.216270 -5672.974609
v 2466.085205 77.609909 -5672.974609
v 2464.653076 78.544556 -5669.490234
v 2465.789307 78.544556 -5666.791016
v 2465.787842 78.544556 -5669.490723
v 2466.078613 79.548431 -5669.958008
v 2465.491699 75.794327 -5674.688477
v 2465.496582 75.901749 -5674.688477
v 2465.490967 75.794327 -5676.265625
v 2465.495850 75.901749 -5676.265625
v 2465.490234 75.794327 -5677.842285
v 2465.495361 75.921448 -5677.842285
v 2465.499512 75.923683 -5678.217773
v 2465.499512 75.943405 -5678.215820
v 2465.539551 75.943405 -5678.215820
v 2465.499512 76.089722 -5678.230469
v 2465.499512 76.230423 -5678.272949
v 2465.499512 76.360085 -5678.342285
v 2465.499512 76.473740 -5678.435547
v 2466.067383 76.216270 -5674.551758
v 2466.066650 76.216270 -5676.128418
v 2465.834961 76.089722 -5678.230469
v 2466.072998 76.207344 -5677.705566
v 2466.072754 76.207344 -5678.266113
v 2466.070312 76.210220 -5678.267090
v 2466.070557 76.230423 -5678.273438
v 2466.071533 76.360085 -5678.342773
v 2466.072510 76.473740 -5678.436035
v 2466.083740 77.609909 -5676.128418
v 2465.489502 75.794327 -5679.419434
v 2465.494385 75.921448 -5679.419434
v 2465.499023 75.923683 -5679.418457
v 2465.499512 76.567009 -5678.549316
v 2465.499268 76.636314 -5678.678711
v 2465.499268 76.678993 -5678.819336
v 2465.499268 76.693405 -5678.965820
v 2465.498535 76.678993 -5680.522461
v 2465.488525 75.794327 -5680.996094
v 2465.493652 75.921448 -5680.996094
v 2465.498291 75.923683 -5680.995117
v 2465.498047 75.922081 -5681.124023
v 2465.498047 75.943405 -5681.126465
v 2465.541504 75.943405 -5681.126465
v 2465.498047 76.089722 -5681.111816
v 2465.498291 76.230423 -5681.069336
v 2465.487793 75.794327 -5682.573242
v 2465.492676 75.901749 -5682.573242
v 2465.498291 76.360085 -5681.000000
v 2465.498291 76.473740 -5680.906738
v 2465.498291 76.567009 -5680.792969
v 2465.498291 76.636314 -5680.663086
v 2466.073486 76.567009 -5678.549316
v 2466.074219 76.636314 -5678.679199
v 2466.074707 76.678993 -5678.819824
v 2466.075195 76.693405 -5678.966309
v 2466.075684 76.690483 -5679.282227
v 2466.074463 76.678993 -5680.522949
v 2465.838623 76.089722 -5681.111816
v 2465.993896 76.166405 -5681.088867
v 2466.067139 76.212418 -5681.074707
v 2466.067383 76.230423 -5681.069336
v 2466.070312 76.208572 -5681.076172
v 2466.063477 76.216270 -5682.436035
v 2466.069336 76.360085 -5681.000000
v 2466.071045 76.473740 -5680.906738
v 2466.072510 76.567009 -5680.793457
v 2466.073486 76.636314 -5680.663574
v 2466.082275 77.609909 -5679.282227
v 2466.080566 77.609909 -5682.436035
v 2466.075439 79.548431 -5676.265625
v 2466.072266 79.548431 -5682.573242
v 2465.901367 75.343407 -5680.388672
v 2465.447021 75.343407 -5680.388184
v 2465.901367 75.354935 -5680.505371
v 2465.447021 75.354935 -5680.505371
v 2465.901367 75.389076 -5680.618164
v 2465.447021 75.389076 -5680.617676
v 2465.901123 75.444527 -5680.721680
v 2465.446777 75.444527 -5680.721680
v 2465.901123 75.519142 -5680.812988
v 2465.446777 75.519142 -5680.812500
v 2465.901123 75.610062 -5680.887207
v 2465.446777 75.610062 -5680.887207
v 2465.901123 75.713799 -5680.942871
v 2465.446777 75.713799 -5680.942383
v 2465.901123 75.826347 -5680.977051
v 2465.446777 75.826347 -5680.976562
v 2465.901123 75.943405 -5680.988281
v 2465.446777 75.943405 -5680.988281
v 2465.901123 76.060463 -5680.977051
v 2465.446777 76.060463 -5680.976562
v 2465.901123 76.173012 -5680.942871
v 2465.446777 76.173012 -5680.942383
v 2465.901123 76.276749 -5680.887207
v 2465.446777 76.276749 -5680.887207
v 2465.901123 76.367668 -5680.812988
v 2465.446777 76.367668 -5680.812500
v 2465.901123 76.442284 -5680.721680
v 2465.446777 76.442284 -5680.721680
v 2465.901367 76.497734 -5680.618164
v 2465.447021 76.497734 -5680.617676
v 2465.901367 76.531876 -5680.505371
v 2465.447021 76.531876 -5680.505371
v 2465.901367 76.543404 -5680.388672
v 2465.447021 76.543404 -5680.388184
v 2465.901367 76.531876 -5680.271484
v 2465.447021 76.531876 -5680.270996
v 2465.901367 76.497734 -5680.158691
v 2465.447021 76.497734 -5680.158691
v 2465.901611 76.442284 -5680.055176
v 2465.447266 76.442284 -5680.055176
v 2465.901611 76.367668 -5679.964355
v 2465.447266 76.367668 -5679.963867
v 2465.901611 76.276749 -5679.889648
v 2465.447266 76.276749 -5679.889648
v 2465.901611 76.173012 -5679.833984
v 2465.447266 76.173012 -5679.833984
v 2465.901611 76.060463 -5679.799805
v 2465.447266 76.060463 -5679.799805
v 2465.901611 75.943405 -5679.788574
v 2465.447266 75.943405 -5679.788086
v 2465.901611 75.826347 -5679.799805
v 2465.447266 75.826347 -5679.799805
v 2465.901611 75.713799 -5679.833984
v 2465.447266 75.713799 -5679.833984
v 2465.901611 75.610062 -5679.889648
v 2465.447266 75.610062 -5679.889648
v 2465.901611 75.519142 -5679.964355
v 2465.447266 75.519142 -5679.963867
v 2465.901611 75.444527 -5680.055176
v 2465.447266 75.444527 -5680.055176
v 2465.901367 75.389076 -5680.158691
v 2465.447021 75.389076 -5680.158691
v 2465.901367 75.354935 -5680.271484
v 2465.447021 75.354935 -5680.270996
v 2465.902100 75.343407 -5678.974609
v 2465.447754 75.343407 -5678.974609
v 2465.902100 75.354935 -5679.091797
v 2465.447754 75.354935 -5679.091309
v 2465.901855 75.389076 -5679.204102
v 2465.447510 75.389076 -5679.204102
v 2465.901855 75.444527 -5679.308105
v 2465.447510 75.444527 -5679.307617
v 2465.901855 75.519142 -5679.398926
v 2465.447510 75.519142 -5679.398438
v 2465.901855 75.610062 -5679.473633
v 2465.447510 75.610062 -5679.473145
v 2465.901855 75.713799 -5679.528809
v 2465.447510 75.713799 -5679.528809
v 2465.901855 75.826347 -5679.562988
v 2465.447510 75.826347 -5679.562988
v 2465.901855 75.943405 -5679.574707
v 2465.447510 75.943405 -5679.574219
v 2465.901855 76.060463 -5679.562988
v 2465.447510 76.060463 -5679.562988
v 2465.901855 76.173012 -5679.528809
v 2465.447510 76.173012 -5679.528809
v 2465.901855 76.276749 -5679.473633
v 2465.447510 76.276749 -5679.473145
v 2465.901855 76.367668 -5679.398926
v 2465.447510 76.367668 -5679.398438
v 2465.901855 76.442284 -5679.308105
v 2465.447510 76.442284 -5679.307617
v 2465.901855 76.497734 -5679.204102
v 2465.447510 76.497734 -5679.204102
v 2465.902100 76.531876 -5679.091797
v 2465.447754 76.531876 -5679.091309
v 2465.902100 76.543404 -5678.974609
v 2465.447754 76.543404 -5678.974609
v 2465.902100 76.531876 -5678.857422
v 2465.447754 76.531876 -5678.857422
v 2465.902100 76.497734 -5678.745117
v 2465.447754 76.497734 -5678.744629
v 2465.902344 76.442284 -5678.641113
v 2465.447998 76.442284 -5678.641113
v 2465.902344 76.367668 -5678.550293
v 2465.447998 76.367668 -5678.550293
v 2465.902344 76.276749 -5678.475586
v 2465.447998 76.276749 -5678.475586
v 2465.902344 76.173012 -5678.420410
v 2465.447998 76.173012 -5678.419922
v 2465.902344 76.060463 -5678.386230
v 2465.447998 76.060463 -5678.385742
v 2465.902344 75.943405 -5678.374512
v 2465.447998 75.943405 -5678.374512
v 2465.902344 75.826347 -5678.386230
v 2465.447998 75.826347 -5678.385742
v 2465.902344 75.713799 -5678.420410
v 2465.447998 75.713799 -5678.419922
v 2465.902344 75.610062 -5678.475586
v 2465.447998 75.610062 -5678.475586
v 2465.902344 75.519142 -5678.550293
v 2465.447998 75.519142 -5678.550293
v 2465.902344 75.444527 -5678.641113
v 2465.447998 75.444527 -5678.641113
v 2465.902100 75.389076 -5678.745117
v 2465.447754 75.389076 -5678.744629
v 2465.902100 75.354935 -5678.857422
v 2465.447754 75.354935 -5678.857422
v 2464.643066 77.107376 -5666.409668
v 2464.643066 75.808769 -5666.409668
v 2464.641602 75.808762 -5669.490234
v 2464.643066 78.544556 -5666.790527
v 2464.641602 78.544556 -5669.490234
v 2464.635254 75.795296 -5682.572754
v 2464.635254 79.548431 -5682.572754
v 2464.641357 79.548431 -5669.957520
v 2464.641357 75.795296 -5669.957520
v 2464.641602 77.107376 -5669.490234
v 2464.641113 75.808762 -5670.699707
v 2464.641113 76.388794 -5670.699707
v 2464.641113 77.107376 -5670.699707
v 2463.376953 75.343399 -5668.352051
v 2463.831299 75.343399 -5668.352051
v 2463.376953 75.354935 -5668.468750
v 2463.831299 75.354935 -5668.469238
v 2463.376953 75.389076 -5668.581543
v 2463.831299 75.389076 -5668.581543
v 2463.376953 75.444519 -5668.685059
v 2463.831299 75.444519 -5668.685547
v 2463.376953 75.519142 -5668.775879
v 2463.831299 75.519142 -5668.776367
v 2463.376709 75.610062 -5668.850586
v 2463.831055 75.610062 -5668.851074
v 2463.376709 75.713791 -5668.906250
v 2463.831055 75.713791 -5668.906250
v 2463.376709 75.826347 -5668.940430
v 2463.831055 75.826347 -5668.940430
v 2463.376709 75.943405 -5668.951660
v 2463.831055 75.943405 -5668.952148
v 2463.376709 76.060455 -5668.940430
v 2463.831055 76.060455 -5668.940430
v 2463.376709 76.173012 -5668.906250
v 2463.831055 76.173012 -5668.906250
v 2463.376709 76.276741 -5668.850586
v 2463.831055 76.276741 -5668.851074
v 2463.376953 76.367668 -5668.775879
v 2463.831299 76.367668 -5668.776367
v 2463.376953 76.442284 -5668.685059
v 2463.831299 76.442284 -5668.685547
v 2463.376953 76.497726 -5668.581543
v 2463.831299 76.497734 -5668.581543
v 2463.376953 76.531876 -5668.468750
v 2463.831299 76.531876 -5668.469238
v 2463.376953 76.543404 -5668.352051
v 2463.831299 76.543404 -5668.352051
v 2463.377197 76.531876 -5668.234863
v 2463.831543 76.531876 -5668.234863
v 2463.377197 76.497726 -5668.122070
v 2463.831543 76.497734 -5668.122559
v 2463.377197 76.442284 -5668.018555
v 2463.831543 76.442284 -5668.018555
v 2463.377197 76.367668 -5667.927734
v 2463.831543 76.367668 -5667.927734
v 2463.377197 76.276741 -5667.853027
v 2463.831543 76.276741 -5667.853027
v 2463.377441 76.173012 -5667.797363
v 2463.831787 76.173012 -5667.797852
v 2463.377441 76.060455 -5667.763184
v 2463.831787 76.060455 -5667.763672
v 2463.377441 75.943405 -5667.751953
v 2463.831787 75.943405 -5667.751953
v 2463.377441 75.826347 -5667.763184
v 2463.831787 75.826347 -5667.763672
v 2463.377441 75.713791 -5667.797363
v 2463.831787 75.713791 -5667.797852
v 2463.377197 75.610062 -5667.853027
v 2463.831543 75.610062 -5667.853027
v 2463.377197 75.519142 -5667.927734
v 2463.831543 75.519142 -5667.927734
v 2463.377197 75.444519 -5668.018555
v 2463.831543 75.444519 -5668.018555
v 2463.377197 75.389076 -5668.122070
v 2463.831543 75.389076 -5668.122559
v 2463.377197 75.354935 -5668.234863
v 2463.831543 75.354935 -5668.234863
v 2464.630371 75.808762 -5669.490234
v 2464.062744 75.808762 -5669.490234
v 2464.062744 76.388794 -5669.490234
v 2464.630371 77.107376 -5669.490234
v 2464.062744 77.107376 -5669.490234
v 2464.629639 75.808762 -5670.699707
v 2464.629639 76.388794 -5670.699707
v 2464.062256 75.808762 -5670.699707
v 2464.062256 76.388794 -5670.699707
v 2464.629639 77.107376 -5670.699707
v 2464.062256 77.107376 -5670.699707
v 2463.780273 75.797089 -5667.615723
v 2463.780273 75.797455 -5667.617188
v 2463.780273 75.808762 -5667.616211
v 2463.780273 75.893166 -5667.757812
v 2463.780273 75.933502 -5667.659668
v 2463.780273 75.943405 -5667.601562
v 2463.780273 75.942307 -5667.603027
v 2463.780273 75.943192 -5667.602539
v 2463.779785 75.824341 -5668.401855
v 2463.780273 76.089722 -5667.615723
v 2463.780273 76.230423 -5667.658691
v 2463.780273 76.360085 -5667.728027
v 2463.780273 76.473740 -5667.821289
v 2463.780029 76.567009 -5667.935059
v 2463.780029 76.636314 -5668.064453
v 2463.780029 76.636734 -5668.066895
v 2463.780029 76.678993 -5668.205078
v 2463.780029 76.678993 -5668.206543
v 2463.780029 76.678993 -5668.206543
v 2463.780029 76.693405 -5668.351562
v 2463.780029 76.693405 -5668.352539
v 2463.780029 76.693214 -5668.351074
v 2463.780029 76.693291 -5668.351562
v 2463.780029 76.693298 -5668.351562
v 2463.780029 76.693344 -5668.352051
v 2463.780029 76.693329 -5668.352051
v 2463.779785 75.853264 -5668.570312
v 2463.779541 75.808762 -5669.089355
v 2463.779541 75.943405 -5668.997559
v 2463.779541 75.943405 -5669.101562
v 2463.779541 75.943405 -5669.102539
v 2463.779541 75.943405 -5669.101562
v 2463.779541 75.943405 -5669.101562
v 2463.779541 75.943405 -5669.101562
v 2463.779541 75.943405 -5669.101562
v 2463.779541 75.943405 -5669.101562
v 2463.779541 75.943405 -5669.101562
v 2463.779541 76.072250 -5668.972656
v 2463.779541 76.089722 -5669.088379
v 2463.779541 76.224236 -5669.045410
v 2463.779541 76.230423 -5669.044434
v 2463.779541 76.229980 -5669.044434
v 2463.779541 76.230423 -5669.044434
v 2463.779541 76.228111 -5669.044922
v 2463.779541 76.231071 -5669.043945
v 2463.779541 76.231125 -5669.043945
v 2463.779541 76.230423 -5669.045410
v 2463.779541 76.239624 -5669.039551
v 2463.788818 75.794327 -5669.957031
v 2463.783936 75.901749 -5669.957031
v 2463.779785 76.349663 -5668.757812
v 2463.779541 76.465668 -5668.888672
v 2463.779541 76.473740 -5668.883301
v 2463.779541 76.475113 -5668.880371
v 2463.779541 76.360085 -5668.975098
v 2463.779541 76.360085 -5668.976562
v 2463.779785 76.567009 -5668.768066
v 2463.779785 76.567009 -5668.769531
v 2463.779785 76.567009 -5668.768066
v 2463.779785 76.635849 -5668.490234
v 2463.779785 76.636314 -5668.638672
v 2463.779785 76.636314 -5668.639648
v 2463.779785 76.635849 -5668.639160
v 2463.779785 76.636314 -5668.638672
v 2463.779785 76.634613 -5668.641602
v 2463.779785 76.678993 -5668.499023
v 2463.779785 76.678993 -5668.498047
v 2463.496826 75.808762 -5666.408691
v 2463.496338 75.797089 -5667.615723
v 2463.496338 75.797455 -5667.617188
v 2463.496338 75.808762 -5667.615723
v 2463.496338 75.943405 -5667.601562
v 2463.496338 76.089722 -5667.615723
v 2463.496338 76.230415 -5667.658691
v 2463.496338 76.360085 -5667.727539
v 2463.496338 76.473740 -5667.820801
v 2463.496094 76.567009 -5667.934570
v 2463.496094 76.636314 -5668.064453
v 2463.496094 76.678993 -5668.205078
v 2463.495850 76.693405 -5668.351562
v 2463.495850 76.693344 -5668.352051
v 2463.495850 76.693405 -5668.352539
v 2463.495605 75.808762 -5669.089355
v 2463.495605 75.943405 -5669.102539
v 2463.495605 76.089722 -5669.088379
v 2463.495605 76.230415 -5669.045410
v 2463.495361 75.808762 -5669.489746
v 2463.213135 76.216270 -5669.819336
v 2463.495605 76.473740 -5668.882812
v 2463.495605 76.360085 -5668.976074
v 2463.495850 76.567009 -5668.769043
v 2463.495850 76.636314 -5668.639648
v 2463.495850 76.678993 -5668.499023
v 2463.495361 76.388794 -5669.489746
v 2463.496826 77.107376 -5666.408691
v 2463.495361 77.107376 -5669.489746
v 2463.196045 77.609901 -5669.819336
v 2463.787842 75.794327 -5671.534180
v 2463.783203 75.901749 -5671.534180
v 2463.787109 75.794327 -5673.110840
v 2463.782227 75.901749 -5673.110840
v 2463.212402 76.216270 -5671.396484
v 2463.211670 76.216270 -5672.973145
v 2463.194580 77.609901 -5672.973145
v 2464.630371 78.544556 -5669.490234
v 2463.496826 78.544556 -5666.790039
v 2463.495361 78.544556 -5669.489746
v 2463.204346 79.548431 -5669.956543
v 2463.786377 75.794327 -5674.687988
v 2463.781494 75.901749 -5674.687988
v 2463.785645 75.794327 -5676.264648
v 2463.780762 75.901749 -5676.264648
v 2463.784912 75.794327 -5677.841797
v 2463.779785 75.921448 -5677.841797
v 2463.775146 75.923683 -5678.216797
v 2463.775146 75.943405 -5678.214844
v 2463.735107 75.943405 -5678.214844
v 2463.775146 76.089722 -5678.229492
v 2463.774902 76.230423 -5678.271973
v 2463.774902 76.360085 -5678.341309
v 2463.774902 76.473740 -5678.434570
v 2463.210938 76.216270 -5674.550293
v 2463.209961 76.216270 -5676.126953
v 2463.439453 76.089722 -5678.229492
v 2463.202148 76.207344 -5677.704102
v 2463.201904 76.207344 -5678.264648
v 2463.204102 76.210220 -5678.265625
v 2463.204102 76.230415 -5678.271973
v 2463.202881 76.360085 -5678.341309
v 2463.201904 76.473740 -5678.434570
v 2463.192871 77.609901 -5676.126953
v 2463.783936 75.794327 -5679.418457
v 2463.779053 75.921448 -5679.418457
v 2463.774414 75.923683 -5679.417480
v 2463.774902 76.567009 -5678.548340
v 2463.774902 76.636314 -5678.678223
v 2463.774658 76.678993 -5678.818848
v 2463.774658 76.693405 -5678.964844
v 2463.773926 76.678993 -5680.521484
v 2463.783203 75.794327 -5680.995605
v 2463.778076 75.921448 -5680.995605
v 2463.773682 75.923683 -5680.994141
v 2463.773682 75.922081 -5681.123535
v 2463.773682 75.943405 -5681.125488
v 2463.730225 75.943405 -5681.125488
v 2463.773682 76.089722 -5681.110840
v 2463.773682 76.230423 -5681.068359
v 2463.782471 75.794327 -5682.572266
v 2463.777588 75.901749 -5682.572266
v 2463.773682 76.360085 -5680.999023
v 2463.773682 76.473740 -5680.905762
v 2463.773682 76.567009 -5680.791992
v 2463.773926 76.636314 -5680.662598
v 2463.200928 76.567009 -5678.547852
v 2463.199951 76.636314 -5678.677734
v 2463.199219 76.678993 -5678.818359
v 2463.198730 76.693405 -5678.964844
v 2463.197998 76.690483 -5679.280762
v 2463.197754 76.678993 -5680.521484
v 2463.433105 76.089722 -5681.110840
v 2463.277832 76.166405 -5681.087402
v 2463.204590 76.212418 -5681.073730
v 2463.204346 76.230415 -5681.067871
v 2463.201416 76.208572 -5681.074707
v 2463.207031 76.216270 -5682.434570
v 2463.202637 76.360085 -5680.998535
v 2463.200928 76.473740 -5680.905273
v 2463.199707 76.567009 -5680.791992
v 2463.198486 76.636314 -5680.662109
v 2463.191406 77.609901 -5679.280762
v 2463.189697 77.609901 -5682.434570
v 2463.201172 79.548431 -5676.264160
v 2463.197998 79.548431 -5682.572266
v 2463.371094 75.343407 -5680.387207
v 2463.825439 75.343407 -5680.387695
v 2463.371094 75.354935 -5680.504395
v 2463.825439 75.354935 -5680.504395
v 2463.371094 75.389076 -5680.616699
v 2463.825439 75.389076 -5680.617188
v 2463.370850 75.444527 -5680.720703
v 2463.825195 75.444527 -5680.720703
v 2463.370850 75.519142 -5680.811523
v 2463.825195 75.519142 -5680.811523
v 2463.370850 75.610062 -5680.886230
v 2463.825195 75.610062 -5680.886230
v 2463.370850 75.713799 -5680.941406
v 2463.825195 75.713799 -5680.941895
v 2463.370850 75.826347 -5680.975586
v 2463.825195 75.826347 -5680.976074
v 2463.370850 75.943405 -5680.987305
v 2463.825195 75.943405 -5680.987305
v 2463.370850 76.060455 -5680.975586
v 2463.825195 76.060455 -5680.976074
v 2463.370850 76.173012 -5680.941406
v 2463.825195 76.173012 -5680.941895
v 2463.370850 76.276749 -5680.886230
v 2463.825195 76.276749 -5680.886230
v 2463.370850 76.367668 -5680.811523
v 2463.825195 76.367668 -5680.811523
v 2463.370850 76.442284 -5680.720703
v 2463.825195 76.442284 -5680.720703
v 2463.371094 76.497734 -5680.616699
v 2463.825439 76.497734 -5680.617188
v 2463.371094 76.531876 -5680.504395
v 2463.825439 76.531876 -5680.504395
v 2463.371094 76.543404 -5680.387207
v 2463.825439 76.543404 -5680.387695
v 2463.371094 76.531876 -5680.270020
v 2463.825439 76.531876 -5680.270508
v 2463.371094 76.497734 -5680.157715
v 2463.825439 76.497734 -5680.157715
v 2463.371338 76.442284 -5680.053711
v 2463.825684 76.442284 -5680.054199
v 2463.371338 76.367668 -5679.962891
v 2463.825684 76.367668 -5679.963379
v 2463.371338 76.276749 -5679.888184
v 2463.825684 76.276749 -5679.888672
v 2463.371338 76.173012 -5679.833008
v 2463.825684 76.173012 -5679.833008
v 2463.371338 76.060455 -5679.798828
v 2463.825684 76.060455 -5679.798828
v 2463.371338 75.943405 -5679.787109
v 2463.825684 75.943405 -5679.787598
v 2463.371338 75.826347 -5679.798828
v 2463.825684 75.826347 -5679.798828
v 2463.371338 75.713799 -5679.833008
v 2463.825684 75.713799 -5679.833008
v 2463.371338 75.610062 -5679.888184
v 2463.825684 75.610062 -5679.888672
v 2463.371338 75.519142 -5679.962891
v 2463.825684 75.519142 -5679.963379
v 2463.371338 75.444527 -5680.053711
v 2463.825684 75.444527 -5680.054199
v 2463.371094 75.389076 -5680.157715
v 2463.825439 75.389076 -5680.157715
v 2463.371094 75.354935 -5680.270020
v 2463.825439 75.354935 -5680.270508
v 2463.371826 75.343407 -5678.973633
v 2463.826172 75.343407 -5678.973633
v 2463.371826 75.354935 -5679.090332
v 2463.826172 75.354935 -5679.090820
v 2463.371582 75.389076 -5679.203125
v 2463.825928 75.389076 -5679.203125
v 2463.371582 75.444527 -5679.306641
v 2463.825928 75.444527 -5679.307129
v 2463.371582 75.519142 -5679.397461
v 2463.825928 75.519142 -5679.397949
v 2463.371582 75.610062 -5679.472168
v 2463.825928 75.610062 -5679.472656
v 2463.371582 75.713799 -5679.527832
v 2463.825928 75.713799 -5679.527832
v 2463.371582 75.826347 -5679.562012
v 2463.825928 75.826347 -5679.562012
v 2463.371582 75.943405 -5679.573242
v 2463.825928 75.943405 -5679.573730
v 2463.371582 76.060455 -5679.562012
v 2463.825928 76.060455 -5679.562012
v 2463.371582 76.173012 -5679.527832
v 2463.825928 76.173012 -5679.527832
v 2463.371582 76.276749 -5679.472168
v 2463.825928 76.276749 -5679.472656
v 2463.371582 76.367668 -5679.397461
v 2463.825928 76.367668 -5679.397949
v 2463.371582 76.442284 -5679.306641
v 2463.825928 76.442284 -5679.307129
v 2463.371582 76.497734 -5679.203125
v 2463.825928 76.497734 -5679.203125
v 2463.371826 76.531876 -5679.090332
v 2463.826172 76.531876 -5679.090820
v 2463.371826 76.543404 -5678.973633
v 2463.826172 76.543404 -5678.973633
v 2463.371826 76.531876 -5678.856445
v 2463.826172 76.531876 -5678.856445
v 2463.371826 76.497734 -5678.743652
v 2463.826172 76.497734 -5678.744141
v 2463.372070 76.442284 -5678.640137
v 2463.826416 76.442284 -5678.640137
v 2463.372070 76.367668 -5678.549316
v 2463.826416 76.367668 -5678.549316
v 2463.372070 76.276749 -5678.474609
v 2463.826416 76.276749 -5678.474609
v 2463.372070 76.173012 -5678.418945
v 2463.826416 76.173012 -5678.419434
v 2463.372070 76.060455 -5678.384766
v 2463.826416 76.060455 -5678.385254
v 2463.372070 75.943405 -5678.373535
v 2463.826416 75.943405 -5678.373535
v 2463.372070 75.826347 -5678.384766
v 2463.826416 75.826347 -5678.385254
v 2463.372070 75.713799 -5678.418945
v 2463.826416 75.713799 -5678.419434
v 2463.372070 75.610062 -5678.474609
v 2463.826416 75.610062 -5678.474609
v 2463.372070 75.519142 -5678.549316
v 2463.826416 75.519142 -5678.549316
v 2463.372070 75.444527 -5678.640137
v 2463.826416 75.444527 -5678.640137
v 2463.371826 75.389076 -5678.743652
v 2463.826172 75.389076 -5678.744141
v 2463.371826 75.354935 -5678.856445
v 2463.826172 75.354935 -5678.856445
vn -0.0000 -0.9952 -0.0980
vn -0.0001 -0.9569 -0.2903
vn -0.0002 -0.8819 -0.4714
vn -0.0003 -0.7730 -0.6344
vn -0.0004 -0.6344 -0.7730
vn -0.0004 -0.4714 -0.8819
vn -0.0005 -0.2903 -0.9569
vn -0.0005 -0.0980 -0.9952
vn -0.0005 0.0980 -0.9952
vn -0.0005 0.2903 -0.9569
vn -0.0004 0.4714 -0.8819
vn -0.0004 0.6344 -0.7730
vn -0.0003 0.7730 -0.6344
vn -0.0002 0.8819 -0.4714
vn -0.0001 0.9569 -0.2903
vn -0.0000 0.9952 -0.0980
vn -0.0000 0.9952 0.0980
vn 0.0001 0.9569 0.2903
vn 0.0002 0.8819 0.4714
vn 0.0003 0.7730 0.6344
vn 0.0004 0.6344 0.7730
vn 0.0004 0.4714 0.8819
vn 0.0005 0.2903 0.9569
vn 0.0005 0.0980 0.9952
vn 0.0005 -0.0980 0.9952
vn 0.0005 -0.2903 0.9569
vn 0.0004 -0.4714 0.8819
vn 0.0004 -0.6344 0.7730
vn 0.0003 -0.7730 0.6344
vn 0.0002 -0.8819 0.4714
vn -1.0000 -0.0000 0.0005
vn 0.0001 -0.9569 0.2903
vn -0.0000 -0.9952 0.0980
vn 1.0000 -0.0000 -0.0005
vn -0.0005 -0.0000 -1.0000
vn -0.0000 1.0000 -0.0000
vn 0.9991 -0.0423 -0.0003
vn -0.0653 0.0078 0.9978
vn -0.0011 -1.0000 -0.0000
vn -0.0000 -1.0000 -0.0000
vn -0.0000 -0.9952 0.0981
vn 1.0000 0.0043 -0.0005
vn 0.9990 -0.0451 -0.0005
vn 0.9999 -0.0123 -0.0005
vn 1.0000 -0.0090 -0.0016
vn 1.0000 -0.0088 0.0005
vn 0.9992 -0.0400 -0.0005
vn 0.4436 -0.8962 -0.0002
vn 0.4637 -0.8860 -0.0022
vn 0.9991 -0.0423 -0.0007
vn 0.4826 -0.8758 -0.0002
vn 0.4653 -0.8852 0.0007
vn -0.0000 -1.0000 0.0093
vn -0.0005 0.0981 -0.9952
vn -0.0000 -0.9952 -0.0981
vn 0.0653 -0.0078 -0.9978
vn 0.0005 -0.0000 1.0000
vn 0.0005 0.2563 0.9666
vn -0.9991 -0.0423 0.0007
vn 0.0663 0.0078 0.9978
vn 0.0011 -1.0000 -0.0000
vn -1.0000 -0.0000 0.0039
vn -1.0000 0.0043 0.0005
vn -0.9990 -0.0451 0.0005
vn -0.9999 -0.0123 0.0005
vn -1.0000 -0.0090 -0.0006
vn -1.0000 -0.0088 0.0015
vn -0.9992 -0.0400 0.0005
vn -0.4436 -0.8962 0.0002
vn -0.4637 -0.8860 -0.0017
vn -0.9991 -0.0423 0.0003
vn -0.4826 -0.8758 0.0002
vn -0.4653 -0.8852 0.0012
vn -0.0663 -0.0078 -0.9978
vt 1.000000 0.500000
vt 1.000000 1.000000
vt 0.968750 1.000000
vt 0.968750 0.500000
vt 0.937500 1.000000
vt 0.937500 0.500000
vt 0.906250 1.000000
vt 0.906250 0.500000
vt 0.875000 1.000000
vt 0.875000 0.500000
vt 0.843750 1.000000
vt 0.843750 0.500000
vt 0.812500 1.000000
vt 0.812500 0.500000
vt 0.781250 1.000000
vt 0.781250 0.500000
vt 0.750000 1.000000
vt 0.750000 0.500000
vt 0.718750 1.000000
vt 0.718750 0.500000
vt 0.687500 1.000000
vt 0.687500 0.500000
vt 0.656250 1.000000
vt 0.656250 0.500000
vt 0.625000 1.000000
vt 0.625000 0.500000
vt 0.593750 1.000000
vt 0.593750 0.500000
vt 0.562500 1.000000
vt 0.562500 0.500000
vt 0.531250 1.000000
vt 0.531250 0.500000
vt 0.500000 1.000000
vt 0.500000 0.500000
vt 0.468750 1.000000
vt 0.468750 0.500000
vt 0.437500 1.000000
vt 0.437500 0.500000
vt 0.406250 1.000000
vt 0.406250 0.500000
vt 0.375000 1.000000
vt 0.375000 0.500000
vt 0.343750 1.000000
vt 0.343750 0.500000
vt 0.312500 1.000000
vt 0.312500 0.500000
vt 0.281250 1.000000
vt 0.281250 0.500000
vt 0.250000 1.000000
vt 0.250000 0.500000
vt 0.218750 1.000000
vt 0.218750 0.500000
vt 0.187500 1.000000
vt 0.187500 0.500000
vt 0.156250 1.000000
vt 0.156250 0.500000
vt 0.125000 1.000000
vt 0.125000 0.500000
vt 0.093750 1.000000
vt 0.093750 0.500000
vt 0.062500 1.000000
vt 0.062500 0.500000
vt 0.296822 0.485388
vt 0.250000 0.490000
vt 0.203178 0.485388
vt 0.158156 0.471731
vt 0.116663 0.449553
vt 0.080294 0.419706
vt 0.050447 0.383337
vt 0.028269 0.341844
vt 0.014612 0.296822
vt 0.010000 0.250000
vt 0.014612 0.203178
vt 0.028269 0.158156
vt 0.050447 0.116663
vt 0.080294 0.080294
vt 0.116663 0.050447
vt 0.158156 0.028269
vt 0.203178 0.014612
vt 0.250000 0.010000
vt 0.296822 0.014612
vt 0.341844 0.028269
vt 0.383337 0.050447
vt 0.419706 0.080294
vt 0.449553 0.116663
vt 0.471731 0.158156
vt 0.485388 0.203178
vt 0.490000 0.250000
vt 0.485388 0.296822
vt 0.471731 0.341844
vt 0.449553 0.383337
vt 0.419706 0.419706
vt 0.383337 0.449553
vt 0.341844 0.471731
vt 0.031250 1.000000
vt 0.031250 0.500000
vt 0.000000 1.000000
vt 0.000000 0.500000
vt 0.750000 0.490000
vt 0.796822 0.485388
vt 0.841844 0.471731
vt 0.883337 0.449553
vt 0.919706 0.419706
vt 0.949553 0.383337
vt 0.971731 0.341844
vt 0.985388 0.296822
vt 0.990000 0.250000
vt 0.985388 0.203178
vt 0.971731 0.158156
vt 0.949553 0.116663
vt 0.919706 0.080294
vt 0.883337 0.050447
vt 0.841844 0.028269
vt 0.796822 0.014612
vt 0.750000 0.010000
vt 0.703178 0.014612
vt 0.658156 0.028269
vt 0.616663 0.050447
vt 0.580294 0.080294
vt 0.550447 0.116663
vt 0.528269 0.158156
vt 0.514612 0.203178
vt 0.510000 0.250000
vt 0.514612 0.296822
vt 0.528269 0.341844
vt 0.550447 0.383337
vt 0.580294 0.419706
vt 0.616663 0.449553
vt 0.658156 0.471731
vt 0.703178 0.485388
vt 0.500000 0.437500
vt 0.500000 0.375000
vt 0.625000 0.375000
vt 0.751251 0.750000
vt 0.625000 0.750000
vt 0.751251 0.500000
vt 0.406250 0.531250
vt 0.375000 0.531250
vt 0.625000 0.857225
vt 0.375000 0.827061
vt 0.375000 0.750000
vt 0.406250 0.750000
vt 0.437500 0.750000
vt 0.500000 0.750000
vt 0.297939 0.750000
vt 0.297939 0.500000
vt 0.375000 0.562500
vt 0.375000 0.593750
vt 0.375000 0.625000
vt 0.375000 0.656250
vt 0.375000 0.687500
vt 0.375000 0.718750
vt 0.732226 0.500000
vt 0.732226 0.750000
vt 0.625000 0.625000
vt 0.437500 0.437500
vt 0.500000 0.373749
vt 0.625000 0.373749
vt 0.375000 0.437500
vt 0.437500 0.373749
vt 0.437500 0.375000
vt 0.375000 0.373749
vt 0.375000 0.375000
vt 0.687597 1.000000
vt 0.687342 1.000000
vt 0.624539 1.000000
vt 0.500000 0.687513
vt 0.500131 1.000000
vt 0.500131 0.687513
vt 0.468750 0.687513
vt 0.437500 0.687513
vt 0.406250 0.687513
vt 0.375000 0.687513
vt 0.343750 0.687513
vt 0.312500 0.687514
vt 0.281250 0.687514
vt 0.250000 0.687514
vt 0.218750 0.687514
vt 0.217875 1.000000
vt 0.217875 0.687514
vt 0.471774 0.158296
vt 0.471619 0.157946
vt 0.471580 0.157934
vt 0.471819 0.158911
vt 0.472125 0.160160
vt 0.421825 0.082877
vt 0.470156 0.155210
vt 0.250038 0.010041
vt 0.249852 0.010065
vt 0.158994 0.028144
vt 0.203572 0.014615
vt 0.250130 0.010027
vt 0.250197 0.010019
vt 0.014994 0.298082
vt 0.014637 0.293760
vt 0.010428 0.250473
vt 0.010408 0.250188
vt 0.028663 0.259836
vt 0.060046 0.289859
vt 0.266176 0.330862
vt 0.320035 0.318379
vt 0.456779 0.261368
vt 0.448770 0.215255
vt 0.380002 0.124831
vt 0.294469 0.029395
vt 0.250085 0.010037
vt 0.342070 0.028422
vt 0.342784 0.028818
vt 0.419169 0.079854
vt 0.500000 0.625000
vt 0.500000 0.562500
vt 0.500000 0.687500
vt 0.406250 0.656250
vt 0.406250 0.625000
vt 0.437500 0.687500
vt 0.437500 0.656250
vt 0.437500 0.625000
vt 0.437500 0.718750
vt 0.406250 0.718750
vt 0.406250 0.687500
vt 0.459029 0.562500
vt 0.458486 0.537915
vt 0.456578 0.535127
vt 0.453482 0.532557
vt 0.449320 0.530305
vt 0.444252 0.528457
vt 0.438470 0.527083
vt 0.437667 0.526975
vt 0.437500 0.526952
vt 0.437500 0.593750
vt 0.437500 0.582636
vt 0.437625 0.582619
vt 0.438524 0.582497
vt 0.444296 0.581124
vt 0.449357 0.579275
vt 0.453513 0.577023
vt 0.456603 0.574453
vt 0.458507 0.571665
vt 0.459152 0.568765
vt 0.406250 0.593750
vt 0.406250 0.562500
vt 0.406494 0.562500
vt 0.406494 0.586290
vt 0.408650 0.586141
vt 0.424643 0.584462
vt 0.408846 0.528448
vt 0.406495 0.528694
vt 0.406494 0.531250
vt 0.433327 0.527062
vt 0.424923 0.527333
vt 0.754555 1.000000
vt 0.750000 0.976717
vt 0.718750 0.817375
vt 0.718750 0.817374
vt 0.701719 0.734082
vt 0.692352 0.693077
vt 0.691498 0.694724
vt 0.687500 0.694599
vt 0.656250 0.693658
vt 0.625000 0.692793
vt 0.593750 0.692037
vt 0.562500 0.691421
vt 0.531250 0.690966
vt 0.506347 0.690700
vt 0.500000 0.691076
vt 0.468750 0.691310
vt 0.437500 0.691646
vt 0.406250 0.692070
vt 0.375000 0.692566
vt 0.343750 0.693115
vt 0.312500 0.693697
vt 0.281250 0.820034
vt 0.308013 0.693781
vt 0.307375 0.692551
vt 0.281250 0.820035
vt 0.250000 0.978620
vt 0.245787 1.000000
vt 0.010622 0.256313
vt 0.263607 0.488660
vt 0.448055 0.114838
vt 0.489328 0.243174
vt 0.196256 0.689441
vt 0.500256 0.687492
vt 0.531473 0.687435
vt 0.562653 0.687363
vt 0.593789 0.687275
vt 0.624871 0.687174
vt 0.655887 0.687059
vt 0.686821 0.686931
vt 0.717625 0.686777
vt 0.747821 0.686409
vt 0.375000 0.532493
vt 0.778756 1.000000
vt 0.778756 0.687514
vt 0.750000 0.687514
vt 0.718750 0.687513
vt 0.687500 0.687513
vt 0.656250 0.687513
vt 0.625000 0.687513
vt 0.593750 0.687513
vt 0.562500 0.687513
vt 0.531250 0.687513
vt 0.499824 1.000000
vt 0.499869 1.000000
vt 0.499869 0.687513
vt 0.437808 1.000000
vt 0.221244 0.687514
vt 0.221244 1.000000
vt 0.218827 1.000000
vt 0.218827 0.687514
vt 0.158600 0.028134
vt 0.249458 0.010061
vt 0.249644 0.010038
vt 0.249691 0.010035
vt 0.249737 0.010026
vt 0.418775 0.079854
vt 0.342390 0.028815
vt 0.471187 0.157930
vt 0.471225 0.157946
vt 0.471337 0.158156
vt 0.471380 0.158296
vt 0.489606 0.250000
vt 0.471731 0.160136
vt 0.471425 0.158895
vt 0.379609 0.119998
vt 0.448376 0.208770
vt 0.456385 0.250000
vt 0.319641 0.278847
vt 0.265782 0.288101
vt 0.059653 0.266077
vt 0.028269 0.253169
vt 0.010014 0.250069
vt 0.010035 0.250351
vt 0.014244 0.293085
vt 0.485756 0.293085
vt 0.449159 0.116663
vt 0.469762 0.155210
vt 0.341676 0.028420
vt 0.294075 0.028420
vt 0.421431 0.082877
vt 0.249803 0.010019
vt 0.296428 0.014612
vt 0.341450 0.028269
vt 0.382943 0.050447
vt 0.375000 0.422939
vt 0.625000 0.392774
vt 0.248749 0.500000
vt 0.343724 0.652061
vt 0.375000 0.652061
vt 0.248749 0.750000
vt 0.343724 0.532493
vt 0.500000 0.876251
vt 0.375000 0.876251
vt 0.625000 0.876251
s 0
f 1531/709/156 1532/710/156 1534/711/156 1533/712/156
f 1533/712/157 1534/711/157 1536/713/157 1535/714/157
f 1535/714/158 1536/713/158 1538/715/158 1537/716/158
f 1537/716/159 1538/715/159 1540/717/159 1539/718/159
f 1539/718/160 1540/717/160 1542/719/160 1541/720/160
f 1541/720/161 1542/719/161 1544/721/161 1543/722/161
f 1543/722/162 1544/721/162 1546/723/162 1545/724/162
f 1545/724/163 1546/723/163 1548/725/163 1547/726/163
f 1547/726/164 1548/725/164 1550/727/164 1549/728/164
f 1549/728/165 1550/727/165 1552/729/165 1551/730/165
f 1551/730/166 1552/729/166 1554/731/166 1553/732/166
f 1553/732/167 1554/731/167 1556/733/167 1555/734/167
f 1555/734/168 1556/733/168 1558/735/168 1557/736/168
f 1557/736/169 1558/735/169 1560/737/169 1559/738/169
f 1559/738/170 1560/737/170 1562/739/170 1561/740/170
f 1561/740/171 1562/739/171 1564/741/171 1563/742/171
f 1563/742/172 1564/741/172 1566/743/172 1565/744/172
f 1565/744/173 1566/743/173 1568/745/173 1567/746/173
f 1567/746/174 1568/745/174 1570/747/174 1569/748/174
f 1569/748/175 1570/747/175 1572/749/175 1571/750/175
f 1571/750/176 1572/749/176 1574/751/176 1573/752/176
f 1573/752/177 1574/751/177 1576/753/177 1575/754/177
f 1575/754/178 1576/753/178 1578/755/178 1577/756/178
f 1577/756/179 1578/755/179 1580/757/179 1579/758/179
f 1579/758/180 1580/757/180 1582/759/180 1581/760/180
f 1581/760/181 1582/759/181 1584/761/181 1583/762/181
f 1583/762/182 1584/761/182 1586/763/182 1585/764/182
f 1585/764/183 1586/763/183 1588/765/183 1587/766/183
f 1587/766/184 1588/765/184 1590/767/184 1589/768/184
f 1589/768/185 1590/767/185 1592/769/185 1591/770/185
f 1534/771/186 1532/772/186 1594/773/186 1592/774/186 1590/775/186 1588/776/186 1586/777/186 1584/778/186 1582/779/186 1580/780/186 1578/781/186 1576/782/186 1574/783/186 1572/784/186 1570/785/186 1568/786/186 1566/787/186 1564/788/186 1562/789/186 1560/790/186 1558/791/186 1556/792/186 1554/793/186 1552/794/186 1550/795/186 1548/796/186 1546/797/186 1544/798/186 1542/799/186 1540/800/186 1538/801/186 1536/802/186
f 1591/770/187 1592/769/187 1594/803/187 1593/804/187
f 1593/804/188 1594/803/188 1532/805/188 1531/806/188
f 1531/807/189 1533/808/189 1535/809/189 1537/810/189 1539/811/189 1541/812/189 1543/813/189 1545/814/189 1547/815/189 1549/816/189 1551/817/189 1553/818/189 1555/819/189 1557/820/189 1559/821/189 1561/822/189 1563/823/189 1565/824/189 1567/825/189 1569/826/189 1571/827/189 1573/828/189 1575/829/189 1577/830/189 1579/831/189 1581/832/189 1583/833/189 1585/834/189 1587/835/189 1589/836/189 1591/837/189 1593/838/189
f 1701/742/190 1599/839/190 1598/840/190 1710/841/190 1712/734/190
f 1910/842/191 1711/843/191 1712/734/191 1710/726/191 1911/844/191
f 1746/845/192 1745/846/192 1753/750/192 1754/748/192
f 1914/847/193 1915/848/193 1654/849/193 1655/850/193 1693/851/193 1702/852/193 1713/843/193
f 1915/853/194 1912/854/194 1753/750/194 1745/846/194 1737/855/194 1718/856/194 1716/857/194 1714/858/194 1705/859/194 1703/860/194 1654/849/194
f 1913/861/191 1914/862/191 1713/843/191 1777/863/191 1778/734/191
f 1701/742/190 1699/746/190 1597/864/190 1599/839/190
f 1916/865/190 1911/866/190 1710/841/190 1598/840/190
f 1596/867/190 1597/864/190 1699/746/190 1692/750/190
f 1599/839/189 1597/864/189 1603/864/189 1605/839/189
f 1918/868/190 1919/865/190 1604/840/190 1601/869/190
f 1917/870/190 1918/868/190 1601/869/190 1600/871/190
f 1603/864/190 1602/867/190 1600/871/190 1601/869/190
f 1605/839/190 1603/864/190 1601/869/190 1604/840/190
f 1596/754/195 1595/758/195 1600/758/195 1602/754/195
f 1605/839/191 1604/840/191 1598/840/191 1599/839/191
f 1597/864/189 1596/867/189 1602/867/189 1603/864/189
f 1646/729/186 1647/872/186 1648/729/186
f 1646/729/186 1648/729/186 1650/873/186
f 1662/735/186 1659/874/186 1664/735/186
f 1669/737/186 1666/737/186 1662/735/186 1664/735/186
f 1666/737/186 1669/737/186 1672/739/186
f 1685/875/196 1625/741/196 1630/876/196 1686/877/196
f 1684/878/156 1622/743/156 1625/741/156 1685/875/156
f 1683/879/157 1620/745/157 1622/743/157 1684/878/157
f 1619/747/158 1620/745/158 1683/879/158 1682/880/158
f 1618/749/159 1619/747/159 1682/880/159 1681/881/159
f 1617/751/160 1618/749/160 1681/881/160 1680/882/160
f 1679/883/161 1616/753/161 1617/751/161 1680/882/161
f 1678/884/162 1615/755/162 1616/753/162 1679/883/162
f 1611/757/163 1615/755/163 1678/884/163 1677/885/163
f 1606/759/164 1611/757/164 1677/885/164 1674/886/164
f 1607/887/173 1606/759/173 1674/886/173 1675/888/173
f 1641/796/189 1642/796/189 1637/796/189 1638/796/189 1639/796/189 1635/796/189 1640/796/189 1647/889/189 1646/794/189 1650/890/189 1651/891/189 1649/892/189 1645/893/189
f 1660/793/189 1657/894/189 1653/895/189
f 1628/896/189 1627/897/189 1621/898/189 1624/899/189 1631/900/189 1630/901/189 1625/788/189 1622/787/189 1620/786/189 1619/785/189 1618/784/189 1617/783/189 1616/782/189 1615/781/189 1611/780/189 1606/779/189 1607/902/189 1608/903/189 1612/904/189 1613/905/189 1610/906/189 1609/907/189 1614/908/189 1632/909/189 1634/910/189 1643/911/189 1656/912/189 1665/913/189
f 1631/900/189 1629/914/189 1628/896/189 1665/913/189 1668/915/189 1670/916/189 1659/917/189 1662/791/189 1666/790/189 1672/789/189 1630/901/189
f 1736/918/197 1775/919/197 1776/742/197 1778/734/197 1777/863/197
f 1702/852/197 1709/920/197 1736/918/197 1777/863/197 1713/843/197
f 1715/921/198 1714/858/198 1716/857/198 1717/922/198
f 1708/923/199 1727/924/199 1728/925/199 1736/918/199 1709/920/199
f 1693/851/199 1707/926/199 1708/923/199 1709/920/199 1702/852/199
f 1704/927/198 1703/860/198 1705/859/198 1706/928/198
f 1763/929/200 1764/930/200 1774/931/200 1773/932/200 1772/933/200 1771/934/200 1768/935/200 1767/936/200 1769/937/200 1770/746/200 1776/742/200 1775/919/200
f 1728/925/201 1730/938/201 1731/939/201 1732/940/201 1733/941/201 1734/942/201 1735/943/201 1759/944/201 1760/945/201 1761/946/201 1762/947/201 1763/929/201 1775/919/201 1736/918/201
f 1719/948/202 1718/856/202 1737/855/202 1738/949/202
f 1719/948/203 1738/949/203 1739/950/203 1720/951/203 1722/952/203 1729/953/203 1731/939/203 1730/938/203
f 1728/925/204 1717/922/204 1719/948/204 1730/938/204
f 1717/922/205 1716/857/205 1718/856/205 1719/948/205
f 1707/926/206 1704/927/206 1706/928/206 1708/923/206
f 1693/851/206 1655/850/206 1704/927/206 1707/926/206
f 1655/850/198 1654/849/198 1703/860/198 1704/927/198
f 1727/924/206 1715/921/206 1717/922/206 1728/925/206
f 1708/923/206 1706/928/206 1715/921/206 1727/924/206
f 1706/928/198 1705/859/198 1714/858/198 1715/921/198
f 1750/954/207 1748/955/207 1747/956/207 1746/845/207 1754/748/207 1770/746/207 1769/937/207 1766/957/207 1765/958/207
f 1747/956/203 1739/950/203 1738/949/203 1746/845/203
f 1738/949/202 1737/855/202 1745/846/202 1746/845/202
f 1748/959/179 1750/960/179 1749/725/179
f 1751/727/180 1749/725/180 1750/960/180 1765/961/180
f 1752/729/181 1751/727/181 1765/962/181 1766/963/181 1769/964/181 1767/965/181 1768/966/181
f 1755/731/182 1752/729/182 1768/966/182 1771/967/182
f 1756/733/183 1755/731/183 1771/967/183 1772/968/183
f 1757/735/184 1756/733/184 1772/968/184 1773/969/184
f 1774/970/185 1758/737/185 1757/735/185 1773/969/185
f 1764/971/187 1744/739/187 1758/737/187 1774/970/187
f 1743/741/208 1744/739/208 1764/971/208 1763/972/208 1762/973/208
f 1742/743/156 1743/741/156 1762/973/156 1761/974/156
f 1741/745/157 1742/743/157 1761/974/157 1760/975/157
f 1740/747/158 1741/745/158 1760/975/158 1759/976/158
f 1726/749/159 1740/747/159 1759/976/159 1735/977/159
f 1725/751/160 1726/749/160 1735/977/160 1734/978/160
f 1724/753/161 1725/751/161 1734/978/161 1733/979/161
f 1729/980/162 1723/755/162 1724/753/162 1733/979/162 1732/981/162 1731/982/162
f 1729/983/163 1722/984/163 1721/757/163 1723/755/163
f 1720/985/209 1721/757/209 1722/984/209
f 1743/772/189 1742/773/189 1741/774/189 1740/775/189 1726/776/189 1725/777/189 1724/778/189 1723/779/189 1721/780/189 1720/986/189 1739/987/189 1747/988/189 1748/989/189 1749/796/189 1751/795/189 1752/794/189 1755/793/189 1756/792/189 1757/791/189 1758/802/189 1744/771/189
f 1673/849/189 1676/990/189 1675/888/189 1674/886/189 1677/885/189 1678/884/189 1679/883/189 1680/882/189 1681/881/189 1682/880/189 1683/879/189 1684/878/189 1685/875/189 1686/877/189 1687/991/189 1698/992/189 1697/993/189 1696/994/189 1694/995/189 1695/996/189 1691/997/189 1690/998/189 1689/999/189 1688/1000/189 1692/750/189 1699/746/189 1701/742/189 1712/734/189 1711/843/189 1700/852/189
f 1636/725/179 1633/1001/179 1688/1002/179 1689/1003/179
f 1644/727/180 1636/725/180 1689/1003/180 1690/1004/180
f 1691/1005/181 1652/729/181 1644/727/181 1690/1004/181
f 1695/1006/182 1661/731/182 1652/729/182 1691/1005/182
f 1658/733/183 1661/731/183 1695/1006/183 1694/1007/183
f 1663/735/184 1658/733/184 1694/1007/184 1696/1008/184
f 1667/737/185 1663/735/185 1696/1008/185 1697/1009/185
f 1698/1010/187 1671/739/187 1667/737/187 1697/1009/187
f 1687/875/188 1626/741/188 1671/739/188 1698/1010/188
f 1623/743/186 1631/1011/186 1624/743/186
f 1630/1012/210 1626/741/210 1687/875/210 1686/1013/210
f 1623/743/186 1624/743/186 1621/1014/186
f 1676/1015/180 1608/1016/180 1607/1017/180 1675/1018/180
f 1623/787/189 1621/1019/189 1627/1020/189 1628/1021/189 1629/1022/189 1631/1023/189
f 1659/1024/189 1670/1025/189 1651/1026/189 1650/1027/189 1648/1028/189 1647/1029/189 1640/1030/189 1635/1030/189 1639/1030/189 1638/1030/189 1637/1030/189 1642/1030/189 1641/1030/189 1645/1031/189 1649/1032/189 1656/1033/189 1643/1034/189 1634/1035/189 1632/1036/189 1614/1037/189 1609/1038/189 1610/1039/189 1613/1040/189 1612/1041/189 1608/1042/189 1633/1043/189 1636/796/189 1644/795/189 1652/794/189 1661/793/189 1660/1044/189 1653/1045/189
f 1649/1032/189 1651/1026/189 1670/1025/189 1668/1046/189 1665/1047/189 1656/1033/189
f 1659/1024/189 1653/1045/189 1657/1048/189 1660/1044/189 1661/793/189 1658/792/189 1663/791/189 1667/790/189 1671/789/189 1626/788/189 1630/1049/189 1672/1050/189 1669/1051/189 1664/1052/189
f 1779/709/156 1780/710/156 1782/711/156 1781/712/156
f 1781/712/157 1782/711/157 1784/713/157 1783/714/157
f 1783/714/158 1784/713/158 1786/715/158 1785/716/158
f 1785/716/159 1786/715/159 1788/717/159 1787/718/159
f 1787/718/160 1788/717/160 1790/719/160 1789/720/160
f 1789/720/161 1790/719/161 1792/721/161 1791/722/161
f 1791/722/162 1792/721/162 1794/723/162 1793/724/162
f 1793/724/163 1794/723/163 1796/725/163 1795/726/163
f 1795/726/164 1796/725/164 1798/727/164 1797/728/164
f 1797/728/165 1798/727/165 1800/729/165 1799/730/165
f 1799/730/166 1800/729/166 1802/731/166 1801/732/166
f 1801/732/167 1802/731/167 1804/733/167 1803/734/167
f 1803/734/168 1804/733/168 1806/735/168 1805/736/168
f 1805/736/169 1806/735/169 1808/737/169 1807/738/169
f 1807/738/170 1808/737/170 1810/739/170 1809/740/170
f 1809/740/171 1810/739/171 1812/741/171 1811/742/171
f 1811/742/172 1812/741/172 1814/743/172 1813/744/172
f 1813/744/173 1814/743/173 1816/745/173 1815/746/173
f 1815/746/174 1816/745/174 1818/747/174 1817/748/174
f 1817/748/175 1818/747/175 1820/749/175 1819/750/175
f 1819/750/176 1820/749/176 1822/751/176 1821/752/176
f 1821/752/177 1822/751/177 1824/753/177 1823/754/177
f 1823/754/178 1824/753/178 1826/755/178 1825/756/178
f 1825/756/179 1826/755/179 1828/757/179 1827/758/179
f 1827/758/180 1828/757/180 1830/759/180 1829/760/180
f 1829/760/181 1830/759/181 1832/761/181 1831/762/181
f 1831/762/182 1832/761/182 1834/763/182 1833/764/182
f 1833/764/183 1834/763/183 1836/765/183 1835/766/183
f 1835/766/184 1836/765/184 1838/767/184 1837/768/184
f 1837/768/185 1838/767/185 1840/769/185 1839/770/185
f 1782/771/186 1780/772/186 1842/773/186 1840/774/186 1838/775/186 1836/776/186 1834/777/186 1832/778/186 1830/779/186 1828/780/186 1826/781/186 1824/782/186 1822/783/186 1820/784/186 1818/785/186 1816/786/186 1814/787/186 1812/788/186 1810/789/186 1808/790/186 1806/791/186 1804/792/186 1802/793/186 1800/794/186 1798/795/186 1796/796/186 1794/797/186 1792/798/186 1790/799/186 1788/800/186 1786/801/186 1784/802/186
f 1839/770/187 1840/769/187 1842/803/187 1841/804/187
f 1841/804/188 1842/803/188 1780/805/188 1779/806/188
f 1779/807/189 1781/808/189 1783/809/189 1785/810/189 1787/811/189 1789/812/189 1791/813/189 1793/814/189 1795/815/189 1797/816/189 1799/817/189 1801/818/189 1803/819/189 1805/820/189 1807/821/189 1809/822/189 1811/823/189 1813/824/189 1815/825/189 1817/826/189 1819/827/189 1821/828/189 1823/829/189 1825/830/189 1827/831/189 1829/832/189 1831/833/189 1833/834/189 1835/835/189 1837/836/189 1839/837/189 1841/838/189
f 1843/709/156 1844/710/156 1846/711/156 1845/712/156
f 1845/712/157 1846/711/157 1848/713/157 1847/714/157
f 1847/714/158 1848/713/158 1850/715/158 1849/716/158
f 1849/716/159 1850/715/159 1852/717/159 1851/718/159
f 1851/718/160 1852/717/160 1854/719/160 1853/720/160
f 1853/720/161 1854/719/161 1856/721/161 1855/722/161
f 1855/722/162 1856/721/162 1858/723/162 1857/724/162
f 1857/724/163 1858/723/163 1860/725/163 1859/726/163
f 1859/726/164 1860/725/164 1862/727/164 1861/728/164
f 1861/728/165 1862/727/165 1864/729/165 1863/730/165
f 1863/730/166 1864/729/166 1866/731/166 1865/732/166
f 1865/732/167 1866/731/167 1868/733/167 1867/734/167
f 1867/734/168 1868/733/168 1870/735/168 1869/736/168
f 1869/736/169 1870/735/169 1872/737/169 1871/738/169
f 1871/738/170 1872/737/170 1874/739/170 1873/740/170
f 1873/740/171 1874/739/171 1876/741/171 1875/742/171
f 1875/742/172 1876/741/172 1878/743/172 1877/744/172
f 1877/744/173 1878/743/173 1880/745/173 1879/746/173
f 1879/746/174 1880/745/174 1882/747/174 1881/748/174
f 1881/748/175 1882/747/175 1884/749/175 1883/750/175
f 1883/750/176 1884/749/176 1886/751/176 1885/752/176
f 1885/752/177 1886/751/177 1888/753/177 1887/754/177
f 1887/754/178 1888/753/178 1890/755/178 1889/756/178
f 1889/756/179 1890/755/179 1892/757/179 1891/758/179
f 1891/758/180 1892/757/180 1894/759/180 1893/760/180
f 1893/760/181 1894/759/181 1896/761/181 1895/762/181
f 1895/762/182 1896/761/182 1898/763/182 1897/764/182
f 1897/764/183 1898/763/183 1900/765/183 1899/766/183
f 1899/766/184 1900/765/184 1902/767/184 1901/768/184
f 1901/768/185 1902/767/185 1904/769/185 1903/770/185
f 1846/771/186 1844/772/186 1906/773/186 1904/774/186 1902/775/186 1900/776/186 1898/777/186 1896/778/186 1894/779/186 1892/780/186 1890/781/186 1888/782/186 1886/783/186 1884/784/186 1882/785/186 1880/786/186 1878/787/186 1876/788/186 1874/789/186 1872/790/186 1870/791/186 1868/792/186 1866/793/186 1864/794/186 1862/795/186 1860/796/186 1858/797/186 1856/798/186 1854/799/186 1852/800/186 1850/801/186 1848/802/186
f 1903/770/187 1904/769/187 1906/803/187 1905/804/187
f 1905/804/188 1906/803/188 1844/805/188 1843/806/188
f 1843/807/189 1845/808/189 1847/809/189 1849/810/189 1851/811/189 1853/812/189 1855/813/189 1857/814/189 1859/815/189 1861/816/189 1863/817/189 1865/818/189 1867/819/189 1869/820/189 1871/821/189 1873/822/189 1875/823/189 1877/824/189 1879/825/189 1881/826/189 1883/827/189 1885/828/189 1887/829/189 1889/830/189 1891/831/189 1893/832/189 1895/833/189 1897/834/189 1899/835/189 1901/836/189 1903/837/189 1905/838/189
f 1604/840/191 1919/865/191 1916/865/191 1598/840/191
f 1770/746/211 1754/748/211 1753/750/211 1912/1053/211 1913/1054/211 1778/734/211 1776/742/211
f 1595/758/195 1909/1055/195 1917/1055/195 1600/758/195
f 1608/1056/195 1676/1057/195 1673/849/195 1908/1058/195 1909/1055/195 1595/758/195 1596/754/195 1692/750/195 1688/1000/195 1633/1059/195
f 1700/852/212 1907/1060/212 1908/1061/212 1673/849/212
f 1711/843/213 1910/1062/213 1907/1060/213 1700/852/213
f 1920/709/156 1922/712/156 1923/711/156 1921/710/156
f 1922/712/157 1924/714/157 1925/713/157 1923/711/157
f 1924/714/158 1926/716/158 1927/715/158 1925/713/158
f 1926/716/159 1928/718/159 1929/717/159 1927/715/159
f 1928/718/160 1930/720/160 1931/719/160 1929/717/160
f 1930/720/161 1932/722/161 1933/721/161 1931/719/161
f 1932/722/162 1934/724/162 1935/723/162 1933/721/162
f 1934/724/163 1936/726/163 1937/725/163 1935/723/163
f 1936/726/164 1938/728/164 1939/727/164 1937/725/164
f 1938/728/165 1940/730/165 1941/729/165 1939/727/165
f 1940/730/166 1942/732/166 1943/731/166 1941/729/166
f 1942/732/167 1944/734/167 1945/733/167 1943/731/167
f 1944/734/168 1946/736/168 1947/735/168 1945/733/168
f 1946/736/169 1948/738/169 1949/737/169 1947/735/169
f 1948/738/170 1950/740/170 1951/739/170 1949/737/170
f 1950/740/171 1952/742/171 1953/741/171 1951/739/171
f 1952/742/172 1954/744/172 1955/743/172 1953/741/172
f 1954/744/173 1956/746/173 1957/745/173 1955/743/173
f 1956/746/174 1958/748/174 1959/747/174 1957/745/174
f 1958/748/175 1960/750/175 1961/749/175 1959/747/175
f 1960/750/176 1962/752/176 1963/751/176 1961/749/176
f 1962/752/177 1964/754/177 1965/753/177 1963/751/177
f 1964/754/178 1966/756/178 1967/755/178 1965/753/178
f 1966/756/179 1968/758/179 1969/757/179 1967/755/179
f 1968/758/180 1970/760/180 1971/759/180 1969/757/180
f 1970/760/181 1972/762/181 1973/761/181 1971/759/181
f 1972/762/182 1974/764/182 1975/763/182 1973/761/182
f 1974/764/183 1976/766/183 1977/765/183 1975/763/183
f 1976/766/184 1978/768/184 1979/767/184 1977/765/184
f 1978/768/185 1980/770/185 1981/769/185 1979/767/185
f 1923/771/189 1925/802/189 1927/801/189 1929/800/189 1931/799/189 1933/798/189 1935/797/189 1937/796/189 1939/795/189 1941/794/189 1943/793/189 1945/792/189 1947/791/189 1949/790/189 1951/789/189 1953/788/189 1955/787/189 1957/786/189 1959/785/189 1961/784/189 1963/783/189 1965/782/189 1967/781/189 1969/780/189 1971/779/189 1973/778/189 1975/777/189 1977/776/189 1979/775/189 1981/774/189 1983/773/189 1921/772/189
f 1980/770/187 1982/804/187 1983/803/187 1981/769/187
f 1982/804/188 1920/806/188 1921/805/188 1983/803/188
f 1920/807/186 1982/838/186 1980/837/186 1978/836/186 1976/835/186 1974/834/186 1972/833/186 1970/832/186 1968/831/186 1966/830/186 1964/829/186 1962/828/186 1960/827/186 1958/826/186 1956/825/186 1954/824/186 1952/823/186 1950/822/186 1948/821/186 1946/820/186 1944/819/186 1942/818/186 1940/817/186 1938/816/186 1936/815/186 1934/814/186 1932/813/186 1930/812/186 1928/811/186 1926/810/186 1924/809/186 1922/808/186
f 2090/742/190 2101/734/190 2099/841/190 1987/840/190 1988/839/190
f 1910/842/191 1911/844/191 2099/726/191 2101/734/191 2100/843/191
f 2135/845/214 2143/748/214 2142/750/214 2134/846/214
f 1914/847/215 2102/843/215 2091/852/215 2082/851/215 2044/850/215 2043/849/215 1915/848/215
f 1915/853/216 2043/849/216 2092/860/216 2094/859/216 2103/858/216 2105/857/216 2107/856/216 2126/855/216 2134/846/216 2142/750/216 1912/854/216
f 1913/861/191 2167/734/191 2166/863/191 2102/843/191 1914/862/191
f 2090/742/190 1988/839/190 1986/864/190 2088/746/190
f 1916/865/190 1987/840/190 2099/841/190 1911/866/190
f 1985/867/190 2081/750/190 2088/746/190 1986/864/190
f 1988/839/186 1994/839/186 1992/864/186 1986/864/186
f 1918/868/190 1990/869/190 1993/840/190 1919/865/190
f 1917/870/190 1989/871/190 1990/869/190 1918/868/190
f 1992/864/190 1990/869/190 1989/871/190 1991/867/190
f 1994/839/190 1993/840/190 1990/869/190 1992/864/190
f 1985/754/195 1991/754/195 1989/758/195 1984/758/195
f 1994/839/191 1988/839/191 1987/840/191 1993/840/191
f 1986/864/186 1992/864/186 1991/867/186 1985/867/186
f 2035/729/186 2037/729/186 2036/872/186
f 2035/729/186 2039/873/186 2037/729/186
f 2051/735/186 2053/735/186 2048/874/186
f 2058/737/186 2053/735/186 2051/735/186 2055/737/186
f 2055/737/186 2061/739/186 2058/737/186
f 2074/875/196 2075/877/196 2019/876/196 2014/741/196
f 2073/878/156 2074/875/156 2014/741/156 2011/743/156
f 2072/879/157 2073/878/157 2011/743/157 2009/745/157
f 2008/747/158 2071/880/158 2072/879/158 2009/745/158
f 2007/749/159 2070/881/159 2071/880/159 2008/747/159
f 2006/751/160 2069/882/160 2070/881/160 2007/749/160
f 2068/883/161 2069/882/161 2006/751/161 2005/753/161
f 2067/884/162 2068/883/162 2005/753/162 2004/755/162
f 2000/757/163 2066/885/163 2067/884/163 2004/755/163
f 1995/759/164 2063/886/164 2066/885/164 2000/757/164
f 1996/887/173 2064/888/173 2063/886/173 1995/759/173
f 2030/796/217 2034/893/217 2038/892/217 2040/891/217 2039/890/217 2035/794/217 2036/889/217 2029/796/217 2024/796/217 2028/796/217 2027/796/217 2026/796/217 2031/796/217
f 2049/793/186 2042/895/186 2046/894/186
f 2017/896/186 2054/913/186 2045/912/186 2032/911/186 2023/910/186 2021/909/186 2003/908/186 1998/907/186 1999/906/186 2002/905/186 2001/904/186 1997/903/186 1996/902/186 1995/779/186 2000/780/186 2004/781/186 2005/782/186 2006/783/186 2007/784/186 2008/785/186 2009/786/186 2011/787/186 2014/788/186 2019/901/186 2020/900/186 2013/899/186 2010/898/186 2016/897/186
f 2020/900/186 2019/901/186 2061/789/186 2055/790/186 2051/791/186 2048/917/186 2059/916/186 2057/915/186 2054/913/186 2017/896/186 2018/914/186
f 2125/918/218 2166/863/218 2167/734/218 2165/742/218 2164/919/218
f 2091/852/218 2102/843/218 2166/863/218 2125/918/218 2098/920/218
f 2104/921/219 2106/922/219 2105/857/219 2103/858/219
f 2097/923/220 2098/920/220 2125/918/220 2117/925/220 2116/924/220
f 2082/851/220 2091/852/220 2098/920/220 2097/923/220 2096/926/220
f 2093/927/219 2095/928/219 2094/859/219 2092/860/219
f 2152/929/221 2164/919/221 2165/742/221 2159/746/221 2158/937/221 2156/936/221 2157/935/221 2160/934/221 2161/933/221 2162/932/221 2163/931/221 2153/930/221
f 2117/925/222 2125/918/222 2164/919/222 2152/929/222 2151/947/222 2150/946/222 2149/945/222 2148/944/222 2124/943/222 2123/942/222 2122/941/222 2121/940/222 2120/939/222 2119/938/222
f 2108/948/223 2127/949/223 2126/855/223 2107/856/223
f 2108/948/224 2119/938/224 2120/939/224 2118/953/224 2111/952/224 2109/951/224 2128/950/224 2127/949/224
f 2117/925/225 2119/938/225 2108/948/225 2106/922/225
f 2106/922/226 2108/948/226 2107/856/226 2105/857/226
f 2096/926/227 2097/923/227 2095/928/227 2093/927/227
f 2082/851/227 2096/926/227 2093/927/227 2044/850/227
f 2044/850/219 2093/927/219 2092/860/219 2043/849/219
f 2116/924/227 2117/925/227 2106/922/227 2104/921/227
f 2097/923/227 2116/924/227 2104/921/227 2095/928/227
f 2095/928/219 2104/921/219 2103/858/219 2094/859/219
f 2139/954/228 2154/958/228 2155/957/228 2158/937/228 2159/746/228 2143/748/228 2135/845/228 2136/956/228 2137/955/228
f 2136/956/224 2135/845/224 2127/949/224 2128/950/224
f 2127/949/223 2135/845/223 2134/846/223 2126/855/223
f 2137/959/179 2138/725/179 2139/960/179
f 2140/727/180 2154/961/180 2139/960/180 2138/725/180
f 2141/729/181 2157/966/181 2156/965/181 2158/964/181 2155/963/181 2154/962/181 2140/727/181
f 2144/731/182 2160/967/182 2157/966/182 2141/729/182
f 2145/733/183 2161/968/183 2160/967/183 2144/731/183
f 2146/735/184 2162/969/184 2161/968/184 2145/733/184
f 2163/970/185 2162/969/185 2146/735/185 2147/737/185
f 2153/971/187 2163/970/187 2147/737/187 2133/739/187
f 2132/741/208 2151/973/208 2152/972/208 2153/971/208 2133/739/208
f 2131/743/156 2150/974/156 2151/973/156 2132/741/156
f 2130/745/157 2149/975/157 2150/974/157 2131/743/157
f 2129/747/158 2148/976/158 2149/975/158 2130/745/158
f 2115/749/159 2124/977/159 2148/976/159 2129/747/159
f 2114/751/160 2123/978/160 2124/977/160 2115/749/160
f 2113/753/161 2122/979/161 2123/978/161 2114/751/161
f 2118/980/162 2120/982/162 2121/981/162 2122/979/162 2113/753/162 2112/755/162
f 2118/983/163 2112/755/163 2110/757/163 2111/984/163
f 2109/985/209 2111/984/209 2110/757/209
f 2132/772/186 2133/771/186 2147/802/186 2146/791/186 2145/792/186 2144/793/186 2141/794/186 2140/795/186 2138/796/186 2137/989/186 2136/988/186 2128/987/186 2109/986/186 2110/780/186 2112/779/186 2113/778/186 2114/777/186 2115/776/186 2129/775/186 2130/774/186 2131/773/186
f 2062/849/186 2089/852/186 2100/843/186 2101/734/186 2090/742/186 2088/746/186 2081/750/186 2077/1000/186 2078/999/186 2079/998/186 2080/997/186 2084/996/186 2083/995/186 2085/994/186 2086/993/186 2087/992/186 2076/991/186 2075/877/186 2074/875/186 2073/878/186 2072/879/186 2071/880/186 2070/881/186 2069/882/186 2068/883/186 2067/884/186 2066/885/186 2063/886/186 2064/888/186 2065/990/186
f 2025/725/179 2078/1003/179 2077/1002/179 2022/1001/179
f 2033/727/180 2079/1004/180 2078/1003/180 2025/725/180
f 2080/1005/181 2079/1004/181 2033/727/181 2041/729/181
f 2084/1006/182 2080/1005/182 2041/729/182 2050/731/182
f 2047/733/183 2083/1007/183 2084/1006/183 2050/731/183
f 2052/735/184 2085/1008/184 2083/1007/184 2047/733/184
f 2056/737/185 2086/1009/185 2085/1008/185 2052/735/185
f 2087/1010/187 2086/1009/187 2056/737/187 2060/739/187
f 2076/875/188 2087/1010/188 2060/739/188 2015/741/188
f 2012/743/186 2013/743/186 2020/1011/186
f 2019/1012/210 2075/1013/210 2076/875/210 2015/741/210
f 2012/743/186 2010/1014/186 2013/743/186
f 2065/1015/180 2064/1018/180 1996/1017/180 1997/1016/180
f 2012/787/186 2020/1023/186 2018/1022/186 2017/1021/186 2016/1020/186 2010/1019/186
f 2048/1024/186 2042/1045/186 2049/1044/186 2050/793/186 2041/794/186 2033/795/186 2025/796/186 2022/1043/186 1997/1042/186 2001/1041/186 2002/1040/186 1999/1039/186 1998/1038/186 2003/1037/186 2021/1036/186 2023/1035/186 2032/1034/186 2045/1033/186 2038/1032/186 2034/1031/186 2030/1030/186 2031/1030/186 2026/1030/186 2027/1030/186 2028/1030/186 2024/1030/186 2029/1030/186 2036/1029/186 2037/1028/186 2039/1027/186 2040/1026/186 2059/1025/186
f 2038/1032/186 2045/1033/186 2054/1047/186 2057/1046/186 2059/1025/186 2040/1026/186
f 2048/1024/186 2053/1052/186 2058/1051/186 2061/1050/186 2019/1049/186 2015/788/186 2060/789/186 2056/790/186 2052/791/186 2047/792/186 2050/793/186 2049/1044/186 2046/1048/186 2042/1045/186
f 2168/709/156 2170/712/156 2171/711/156 2169/710/156
f 2170/712/157 2172/714/157 2173/713/157 2171/711/157
f 2172/714/158 2174/716/158 2175/715/158 2173/713/158
f 2174/716/159 2176/718/159 2177/717/159 2175/715/159
f 2176/718/160 2178/720/160 2179/719/160 2177/717/160
f 2178/720/161 2180/722/161 2181/721/161 2179/719/161
f 2180/722/162 2182/724/162 2183/723/162 2181/721/162
f 2182/724/163 2184/726/163 2185/725/163 2183/723/163
f 2184/726/164 2186/728/164 2187/727/164 2185/725/164
f 2186/728/165 2188/730/165 2189/729/165 2187/727/165
f 2188/730/166 2190/732/166 2191/731/166 2189/729/166
f 2190/732/167 2192/734/167 2193/733/167 2191/731/167
f 2192/734/168 2194/736/168 2195/735/168 2193/733/168
f 2194/736/169 2196/738/169 2197/737/169 2195/735/169
f 2196/738/170 2198/740/170 2199/739/170 2197/737/170
f 2198/740/171 2200/742/171 2201/741/171 2199/739/171
f 2200/742/172 2202/744/172 2203/743/172 2201/741/172
f 2202/744/173 2204/746/173 2205/745/173 2203/743/173
f 2204/746/174 2206/748/174 2207/747/174 2205/745/174
f 2206/748/175 2208/750/175 2209/749/175 2207/747/175
f 2208/750/176 2210/752/176 2211/751/176 2209/749/176
f 2210/752/177 2212/754/177 2213/753/177 2211/751/177
f 2212/754/178 2214/756/178 2215/755/178 2213/753/178
f 2214/756/179 2216/758/179 2217/757/179 2215/755/179
f 2216/758/180 2218/760/180 2219/759/180 2217/757/180
f 2218/760/181 2220/762/181 2221/761/181 2219/759/181
f 2220/762/182 2222/764/182 2223/763/182 2221/761/182
f 2222/764/183 2224/766/183 2225/765/183 2223/763/183
f 2224/766/184 2226/768/184 2227/767/184 2225/765/184
f 2226/768/185 2228/770/185 2229/769/185 2227/767/185
f 2171/771/189 2173/802/189 2175/801/189 2177/800/189 2179/799/189 2181/798/189 2183/797/189 2185/796/189 2187/795/189 2189/794/189 2191/793/189 2193/792/189 2195/791/189 2197/790/189 2199/789/189 2201/788/189 2203/787/189 2205/786/189 2207/785/189 2209/784/189 2211/783/189 2213/782/189 2215/781/189 2217/780/189 2219/779/189 2221/778/189 2223/777/189 2225/776/189 2227/775/189 2229/774/189 2231/773/189 2169/772/189
f 2228/770/187 2230/804/187 2231/803/187 2229/769/187
f 2230/804/188 2168/806/188 2169/805/188 2231/803/188
f 2168/807/186 2230/838/186 2228/837/186 2226/836/186 2224/835/186 2222/834/186 2220/833/186 2218/832/186 2216/831/186 2214/830/186 2212/829/186 2210/828/186 2208/827/186 2206/826/186 2204/825/186 2202/824/186 2200/823/186 2198/822/186 2196/821/186 2194/820/186 2192/819/186 2190/818/186 2188/817/186 2186/816/186 2184/815/186 2182/814/186 2180/813/186 2178/812/186 2176/811/186 2174/810/186 2172/809/186 2170/808/186
f 2232/709/156 2234/712/156 2235/711/156 2233/710/156
f 2234/712/157 2236/714/157 2237/713/157 2235/711/157
f 2236/714/158 2238/716/158 2239/715/158 2237/713/158
f 2238/716/159 2240/718/159 2241/717/159 2239/715/159
f 2240/718/160 2242/720/160 2243/719/160 2241/717/160
f 2242/720/161 2244/722/161 2245/721/161 2243/719/161
f 2244/722/162 2246/724/162 2247/723/162 2245/721/162
f 2246/724/163 2248/726/163 2249/725/163 2247/723/163
f 2248/726/164 2250/728/164 2251/727/164 2249/725/164
f 2250/728/165 2252/730/165 2253/729/165 2251/727/165
f 2252/730/166 2254/732/166 2255/731/166 2253/729/166
f 2254/732/167 2256/734/167 2257/733/167 2255/731/167
f 2256/734/168 2258/736/168 2259/735/168 2257/733/168
f 2258/736/169 2260/738/169 2261/737/169 2259/735/169
f 2260/738/170 2262/740/170 2263/739/170 2261/737/170
f 2262/740/171 2264/742/171 2265/741/171 2263/739/171
f 2264/742/172 2266/744/172 2267/743/172 2265/741/172
f 2266/744/173 2268/746/173 2269/745/173 2267/743/173
f 2268/746/174 2270/748/174 2271/747/174 2269/745/174
f 2270/748/175 2272/750/175 2273/749/175 2271/747/175
f 2272/750/176 2274/752/176 2275/751/176 2273/749/176
f 2274/752/177 2276/754/177 2277/753/177 2275/751/177
f 2276/754/178 2278/756/178 2279/755/178 2277/753/178
f 2278/756/179 2280/758/179 2281/757/179 2279/755/179
f 2280/758/180 2282/760/180 2283/759/180 2281/757/180
f 2282/760/181 2284/762/181 2285/761/181 2283/759/181
f 2284/762/182 2286/764/182 2287/763/182 2285/761/182
f 2286/764/183 2288/766/183 2289/765/183 2287/763/183
f 2288/766/184 2290/768/184 2291/767/184 2289/765/184
f 2290/768/185 2292/770/185 2293/769/185 2291/767/185
f 2235/771/189 2237/802/189 2239/801/189 2241/800/189 2243/799/189 2245/798/189 2247/797/189 2249/796/189 2251/795/189 2253/794/189 2255/793/189 2257/792/189 2259/791/189 2261/790/189 2263/789/189 2265/788/189 2267/787/189 2269/786/189 2271/785/189 2273/784/189 2275/783/189 2277/782/189 2279/781/189 2281/780/189 2283/779/189 2285/778/189 2287/777/189 2289/776/189 2291/775/189 2293/774/189 2295/773/189 2233/772/189
f 2292/770/187 2294/804/187 2295/803/187 2293/769/187
f 2294/804/188 2232/806/188 2233/805/188 2295/803/188
f 2232/807/186 2294/838/186 2292/837/186 2290/836/186 2288/835/186 2286/834/186 2284/833/186 2282/832/186 2280/831/186 2278/830/186 2276/829/186 2274/828/186 2272/827/186 2270/826/186 2268/825/186 2266/824/186 2264/823/186 2262/822/186 2260/821/186 2258/820/186 2256/819/186 2254/818/186 2252/817/186 2250/816/186 2248/815/186 2246/814/186 2244/813/186 2242/812/186 2240/811/186 2238/810/186 2236/809/186 2234/808/186
f 1993/840/191 1987/840/191 1916/865/191 1919/865/191
f 2159/746/229 2165/742/229 2167/734/229 1913/1054/229 1912/1053/229 2142/750/229 2143/748/229
f 1984/758/195 1989/758/195 1917/1055/195 1909/1055/195
f 1997/1056/195 2022/1059/195 2077/1000/195 2081/750/195 1985/754/195 1984/758/195 1909/1055/195 1908/1058/195 2062/849/195 2065/1057/195
f 2089/852/212 2062/849/212 1908/1061/212 1907/1060/212
f 2100/843/213 2089/852/213 1907/1060/213 1910/1062/213
o tuck.003
v 2402.690186 75.343407 -5668.308105
v 2402.236328 75.343407 -5668.324219
v 2402.694580 75.354935 -5668.424805
v 2402.240479 75.354935 -5668.441406
v 2402.698486 75.389076 -5668.537598
v 2402.244385 75.389076 -5668.553711
v 2402.702148 75.444519 -5668.641113
v 2402.248291 75.444519 -5668.657227
v 2402.705566 75.519142 -5668.731934
v 2402.251465 75.519142 -5668.748047
v 2402.708252 75.610062 -5668.806641
v 2402.254150 75.610062 -5668.822754
v 2402.710205 75.713791 -5668.861816
v 2402.256104 75.713791 -5668.877930
v 2402.711426 75.826347 -5668.895996
v 2402.257324 75.826347 -5668.912109
v 2402.711670 75.943405 -5668.907715
v 2402.257812 75.943405 -5668.923828
v 2402.711426 76.060455 -5668.895996
v 2402.257324 76.060455 -5668.912109
v 2402.710205 76.173012 -5668.861816
v 2402.256104 76.173012 -5668.877930
v 2402.708252 76.276749 -5668.806641
v 2402.254150 76.276749 -5668.822754
v 2402.705566 76.367668 -5668.731934
v 2402.251465 76.367668 -5668.748047
v 2402.702148 76.442284 -5668.641113
v 2402.248291 76.442284 -5668.657227
v 2402.698486 76.497734 -5668.537598
v 2402.244385 76.497734 -5668.553711
v 2402.694580 76.531876 -5668.424805
v 2402.240479 76.531876 -5668.441406
v 2402.690186 76.543404 -5668.308105
v 2402.236328 76.543404 -5668.324219
v 2402.686035 76.531876 -5668.190918
v 2402.231934 76.531876 -5668.207031
v 2402.682129 76.497734 -5668.078613
v 2402.228027 76.497734 -5668.094727
v 2402.678467 76.442284 -5667.974609
v 2402.224365 76.442284 -5667.991211
v 2402.675049 76.367668 -5667.883789
v 2402.220947 76.367668 -5667.900391
v 2402.672363 76.276749 -5667.809570
v 2402.218262 76.276749 -5667.825684
v 2402.670410 76.173012 -5667.753906
v 2402.216309 76.173012 -5667.770020
v 2402.669189 76.060455 -5667.719727
v 2402.215088 76.060455 -5667.736328
v 2402.668701 75.943405 -5667.708496
v 2402.214844 75.943405 -5667.724609
v 2402.669189 75.826347 -5667.719727
v 2402.215088 75.826347 -5667.736328
v 2402.670410 75.713791 -5667.753906
v 2402.216309 75.713791 -5667.770020
v 2402.672363 75.610062 -5667.809570
v 2402.218262 75.610062 -5667.825684
v 2402.675049 75.519142 -5667.883789
v 2402.220947 75.519142 -5667.900391
v 2402.678467 75.444519 -5667.974609
v 2402.224365 75.444519 -5667.991211
v 2402.682129 75.389076 -5668.078613
v 2402.228027 75.389076 -5668.094727
v 2402.686035 75.354935 -5668.190918
v 2402.231934 75.354935 -5668.207031
v 2401.478027 75.808762 -5669.489746
v 2402.045166 75.808762 -5669.469727
v 2402.045166 76.388794 -5669.469727
v 2401.478027 77.107376 -5669.489746
v 2402.045166 77.107376 -5669.469727
v 2401.521484 75.808762 -5670.698730
v 2401.521484 76.388794 -5670.698730
v 2402.088379 75.808762 -5670.678223
v 2402.088379 76.388794 -5670.678223
v 2401.521484 77.107376 -5670.698730
v 2402.088379 77.107376 -5670.678223
v 2402.261230 75.797089 -5667.586914
v 2402.261475 75.797455 -5667.587891
v 2402.261230 75.808762 -5667.586914
v 2402.266357 75.893166 -5667.728516
v 2402.262939 75.933502 -5667.630371
v 2402.260742 75.943405 -5667.572266
v 2402.260742 75.942307 -5667.573730
v 2402.260742 75.943192 -5667.573730
v 2402.289551 75.824341 -5668.372559
v 2402.261230 76.089722 -5667.586914
v 2402.262939 76.230423 -5667.629395
v 2402.265381 76.360085 -5667.698730
v 2402.268799 76.473740 -5667.791992
v 2402.272705 76.567009 -5667.905273
v 2402.277344 76.636314 -5668.035156
v 2402.277588 76.636734 -5668.037598
v 2402.282471 76.678993 -5668.175781
v 2402.282471 76.678993 -5668.176758
v 2402.282471 76.678993 -5668.176758
v 2402.287598 76.693405 -5668.321777
v 2402.287598 76.693405 -5668.323242
v 2402.287598 76.693214 -5668.321289
v 2402.287598 76.693291 -5668.321777
v 2402.287598 76.693298 -5668.322266
v 2402.287598 76.693344 -5668.322266
v 2402.287598 76.693329 -5668.322266
v 2402.295410 75.853264 -5668.540527
v 2402.314209 75.808762 -5669.059082
v 2402.310791 75.943405 -5668.967773
v 2402.314453 75.943405 -5669.071289
v 2402.314697 75.943405 -5669.072754
v 2402.314453 75.943405 -5669.071289
v 2402.314453 75.943405 -5669.071289
v 2402.314453 75.943405 -5669.071289
v 2402.314453 75.943405 -5669.071289
v 2402.314453 75.943405 -5669.071289
v 2402.314453 75.943405 -5669.071289
v 2402.309814 76.072250 -5668.942383
v 2402.313965 76.089722 -5669.058105
v 2402.312500 76.224236 -5669.015625
v 2402.312500 76.230423 -5669.014160
v 2402.312500 76.229980 -5669.014648
v 2402.312500 76.230423 -5669.014160
v 2402.312500 76.228111 -5669.014648
v 2402.312500 76.231071 -5669.014160
v 2402.312500 76.231125 -5669.013672
v 2402.312500 76.230423 -5669.015625
v 2402.312256 76.239624 -5669.009277
v 2402.335693 75.794327 -5669.926758
v 2402.340332 75.901749 -5669.926270
v 2402.302246 76.349663 -5668.728027
v 2402.306885 76.465668 -5668.858398
v 2402.306641 76.473740 -5668.853027
v 2402.306641 76.475113 -5668.850098
v 2402.310059 76.360085 -5668.944824
v 2402.310059 76.360085 -5668.946289
v 2402.302490 76.567009 -5668.738281
v 2402.302734 76.567009 -5668.739258
v 2402.302490 76.567009 -5668.738281
v 2402.292725 76.635849 -5668.460449
v 2402.297852 76.636314 -5668.608398
v 2402.298096 76.636314 -5668.609863
v 2402.298096 76.635849 -5668.609375
v 2402.297852 76.636314 -5668.608398
v 2402.298096 76.634613 -5668.611816
v 2402.292969 76.678993 -5668.469238
v 2402.292969 76.678993 -5668.468262
v 2402.501953 75.808769 -5666.370605
v 2402.545166 75.797089 -5667.576660
v 2402.545166 75.797455 -5667.577637
v 2402.545166 75.808769 -5667.576660
v 2402.544678 75.943405 -5667.562012
v 2402.545166 76.089722 -5667.576660
v 2402.546631 76.230423 -5667.619141
v 2402.549072 76.360085 -5667.688477
v 2402.552490 76.473740 -5667.781738
v 2402.556641 76.567009 -5667.895020
v 2402.561279 76.636314 -5668.024902
v 2402.566162 76.678993 -5668.165527
v 2402.571533 76.693405 -5668.311523
v 2402.571533 76.693344 -5668.312012
v 2402.571533 76.693405 -5668.312988
v 2402.597900 75.808769 -5669.049316
v 2402.598389 75.943405 -5669.062500
v 2402.597900 76.089722 -5669.047852
v 2402.596191 76.230423 -5669.005371
v 2402.612305 75.808769 -5669.449219
v 2402.906006 76.216270 -5669.768555
v 2402.590576 76.473740 -5668.842773
v 2402.593750 76.360085 -5668.936035
v 2402.586426 76.567009 -5668.729492
v 2402.581787 76.636314 -5668.599609
v 2402.576660 76.678993 -5668.458984
v 2402.612305 76.388794 -5669.449219
v 2402.501953 77.107376 -5666.370605
v 2402.612305 77.107376 -5669.449219
v 2402.923096 77.609909 -5669.768066
v 2402.392090 75.794327 -5671.502441
v 2402.396973 75.901749 -5671.502441
v 2402.448486 75.794327 -5673.078613
v 2402.453369 75.901749 -5673.078125
v 2402.962402 76.216270 -5671.344727
v 2403.018799 76.216270 -5672.920410
v 2403.035889 77.609909 -5672.919922
v 2401.478027 78.544556 -5669.489746
v 2402.515625 78.544556 -5666.751465
v 2402.612305 78.544556 -5669.449219
v 2402.919678 79.548431 -5669.905762
v 2402.505127 75.794327 -5674.654297
v 2402.509766 75.901749 -5674.654297
v 2402.561523 75.794327 -5676.230469
v 2402.566406 75.901749 -5676.229980
v 2402.617920 75.794327 -5677.806152
v 2402.623047 75.921448 -5677.806152
v 2402.641113 75.923683 -5678.181152
v 2402.640869 75.943405 -5678.179199
v 2402.680664 75.943405 -5678.177734
v 2402.641357 76.089722 -5678.193359
v 2402.643066 76.230423 -5678.235840
v 2402.645508 76.360085 -5678.305176
v 2402.648926 76.473740 -5678.398438
v 2403.075439 76.216270 -5674.496582
v 2403.131836 76.216270 -5676.072266
v 2402.976807 76.089722 -5678.181152
v 2403.195312 76.207344 -5677.647949
v 2403.215576 76.207344 -5678.208496
v 2403.213135 76.210220 -5678.209473
v 2403.213623 76.230423 -5678.215820
v 2403.217285 76.360085 -5678.284668
v 2403.221436 76.473740 -5678.377930
v 2403.148926 77.609909 -5676.071777
v 2402.674561 75.794327 -5679.381836
v 2402.679443 75.921448 -5679.381836
v 2402.684082 75.923683 -5679.380859
v 2402.652832 76.567009 -5678.512207
v 2402.657471 76.636314 -5678.641602
v 2402.662598 76.678993 -5678.782227
v 2402.667725 76.693405 -5678.928711
v 2402.723633 76.678993 -5680.484375
v 2402.730957 75.794327 -5680.958008
v 2402.736084 75.921448 -5680.958008
v 2402.740479 75.923683 -5680.956543
v 2402.745117 75.922081 -5681.085449
v 2402.745117 75.943405 -5681.087402
v 2402.788574 75.943405 -5681.085938
v 2402.744629 76.089722 -5681.073242
v 2402.743164 76.230423 -5681.030273
v 2402.787354 75.794327 -5682.533691
v 2402.792236 75.901749 -5682.533691
v 2402.740723 76.360085 -5680.961426
v 2402.737305 76.473740 -5680.868164
v 2402.733154 76.567009 -5680.754395
v 2402.728516 76.636314 -5680.625000
v 2403.226562 76.567009 -5678.491699
v 2403.231934 76.636314 -5678.621094
v 2403.237549 76.678993 -5678.761719
v 2403.243408 76.693405 -5678.907715
v 2403.255371 76.690483 -5679.223633
v 2403.299316 76.678993 -5680.463379
v 2403.084961 76.089722 -5681.061035
v 2403.239258 76.166405 -5681.032227
v 2403.312012 76.212418 -5681.015625
v 2403.312012 76.230423 -5681.010254
v 2403.315186 76.208572 -5681.016602
v 2403.357666 76.216270 -5682.375977
v 2403.311279 76.360085 -5680.940918
v 2403.309570 76.473740 -5680.847656
v 2403.306885 76.567009 -5680.733887
v 2403.303467 76.636314 -5680.604004
v 2403.261963 77.609909 -5679.223633
v 2403.374756 77.609909 -5682.375488
v 2403.145508 79.548431 -5676.209473
v 2403.371582 79.548431 -5682.512695
v 2403.121338 75.343407 -5680.335449
v 2402.667236 75.343407 -5680.352051
v 2403.125488 75.354935 -5680.452637
v 2402.671387 75.354935 -5680.468750
v 2403.129639 75.389076 -5680.564941
v 2402.675537 75.389076 -5680.581543
v 2403.133301 75.444527 -5680.668945
v 2402.679199 75.444527 -5680.685059
v 2403.136475 75.519142 -5680.759766
v 2402.682617 75.519142 -5680.775879
v 2403.139160 75.610062 -5680.833984
v 2402.685059 75.610062 -5680.850586
v 2403.141113 75.713799 -5680.889648
v 2402.687256 75.713799 -5680.905762
v 2403.142334 75.826347 -5680.923828
v 2402.688477 75.826347 -5680.939941
v 2403.142822 75.943405 -5680.935059
v 2402.688721 75.943405 -5680.951660
v 2403.142334 76.060463 -5680.923828
v 2402.688477 76.060463 -5680.939941
v 2403.141113 76.173012 -5680.889648
v 2402.687256 76.173012 -5680.905762
v 2403.139160 76.276749 -5680.833984
v 2402.685059 76.276749 -5680.850586
v 2403.136475 76.367668 -5680.759766
v 2402.682617 76.367668 -5680.775879
v 2403.133301 76.442284 -5680.668945
v 2402.679199 76.442284 -5680.685059
v 2403.129639 76.497734 -5680.564941
v 2402.675537 76.497734 -5680.581543
v 2403.125488 76.531876 -5680.452637
v 2402.671387 76.531876 -5680.468750
v 2403.121338 76.543404 -5680.335449
v 2402.667236 76.543404 -5680.352051
v 2403.117188 76.531876 -5680.218750
v 2402.663086 76.531876 -5680.234863
v 2403.113037 76.497734 -5680.105957
v 2402.659180 76.497734 -5680.122559
v 2403.109375 76.442284 -5680.002441
v 2402.655273 76.442284 -5680.018555
v 2403.106201 76.367668 -5679.911621
v 2402.652100 76.367668 -5679.927734
v 2403.103516 76.276749 -5679.836914
v 2402.649414 76.276749 -5679.853516
v 2403.101562 76.173012 -5679.781738
v 2402.647461 76.173012 -5679.797852
v 2403.100342 76.060463 -5679.747559
v 2402.646240 76.060463 -5679.763672
v 2403.099854 75.943405 -5679.735840
v 2402.645752 75.943405 -5679.752441
v 2403.100342 75.826347 -5679.747559
v 2402.646240 75.826347 -5679.763672
v 2403.101562 75.713799 -5679.781738
v 2402.647461 75.713799 -5679.797852
v 2403.103516 75.610062 -5679.836914
v 2402.649414 75.610062 -5679.853516
v 2403.106201 75.519142 -5679.911621
v 2402.652100 75.519142 -5679.927734
v 2403.109375 75.444527 -5680.002441
v 2402.655273 75.444527 -5680.018555
v 2403.113037 75.389076 -5680.105957
v 2402.659180 75.389076 -5680.122559
v 2403.117188 75.354935 -5680.218750
v 2402.663086 75.354935 -5680.234863
v 2403.070801 75.343407 -5678.922852
v 2402.616699 75.343407 -5678.938965
v 2403.074951 75.354935 -5679.039551
v 2402.620850 75.354935 -5679.056152
v 2403.078857 75.389076 -5679.152344
v 2402.625000 75.389076 -5679.168457
v 2403.082764 75.444527 -5679.255859
v 2402.628662 75.444527 -5679.271973
v 2403.085938 75.519142 -5679.346680
v 2402.631836 75.519142 -5679.362793
v 2403.088623 75.610062 -5679.421387
v 2402.634521 75.610062 -5679.437500
v 2403.090576 75.713799 -5679.476562
v 2402.636475 75.713799 -5679.492676
v 2403.091797 75.826347 -5679.510742
v 2402.637695 75.826347 -5679.526855
v 2403.092285 75.943405 -5679.522461
v 2402.638184 75.943405 -5679.538574
v 2403.091797 76.060463 -5679.510742
v 2402.637695 76.060463 -5679.526855
v 2403.090576 76.173012 -5679.476562
v 2402.636475 76.173012 -5679.492676
v 2403.088623 76.276749 -5679.421387
v 2402.634521 76.276749 -5679.437500
v 2403.085938 76.367668 -5679.346680
v 2402.631836 76.367668 -5679.362793
v 2403.082764 76.442284 -5679.255859
v 2402.628662 76.442284 -5679.271973
v 2403.078857 76.497734 -5679.152344
v 2402.625000 76.497734 -5679.168457
v 2403.074951 76.531876 -5679.039551
v 2402.620850 76.531876 -5679.056152
v 2403.070801 76.543404 -5678.922852
v 2402.616699 76.543404 -5678.938965
v 2403.066406 76.531876 -5678.805664
v 2402.612549 76.531876 -5678.821777
v 2403.062500 76.497734 -5678.693359
v 2402.608398 76.497734 -5678.709473
v 2403.058838 76.442284 -5678.589355
v 2402.604736 76.442284 -5678.605957
v 2403.055420 76.367668 -5678.498535
v 2402.601562 76.367668 -5678.515137
v 2403.052734 76.276749 -5678.424316
v 2402.598877 76.276749 -5678.440430
v 2403.050781 76.173012 -5678.368652
v 2402.596924 76.173012 -5678.384766
v 2403.049561 76.060463 -5678.334473
v 2402.595703 76.060463 -5678.351074
v 2403.049316 75.943405 -5678.323242
v 2402.595215 75.943405 -5678.339355
v 2403.049561 75.826347 -5678.334473
v 2402.595703 75.826347 -5678.351074
v 2403.050781 75.713799 -5678.368652
v 2402.596924 75.713799 -5678.384766
v 2403.052734 75.610062 -5678.424316
v 2402.598877 75.610062 -5678.440430
v 2403.055420 75.519142 -5678.498535
v 2402.601562 75.519142 -5678.515137
v 2403.058838 75.444527 -5678.589355
v 2402.604736 75.444527 -5678.605957
v 2403.062500 75.389076 -5678.693359
v 2402.608398 75.389076 -5678.709473
v 2403.066406 75.354935 -5678.805664
v 2402.612549 75.354935 -5678.821777
v 2401.356445 77.107376 -5666.411621
v 2401.356445 75.808769 -5666.411621
v 2401.466797 75.808762 -5669.490234
v 2401.370117 78.544556 -5666.792480
v 2401.466797 78.544556 -5669.490234
v 2401.935303 75.795296 -5682.564453
v 2401.935303 79.548431 -5682.564453
v 2401.483398 79.548431 -5669.957031
v 2401.483398 75.795296 -5669.957031
v 2401.466797 77.107376 -5669.490234
v 2401.510010 75.808762 -5670.699219
v 2401.510010 76.388794 -5670.699219
v 2401.510010 77.107376 -5670.699219
v 2400.161621 75.343399 -5668.398438
v 2400.615723 75.343399 -5668.382324
v 2400.165771 75.354935 -5668.515625
v 2400.619873 75.354935 -5668.499023
v 2400.169922 75.389076 -5668.627930
v 2400.624023 75.389076 -5668.611816
v 2400.173584 75.444519 -5668.731445
v 2400.627686 75.444519 -5668.715332
v 2400.176758 75.519142 -5668.822754
v 2400.630859 75.519142 -5668.806152
v 2400.179443 75.610062 -5668.896973
v 2400.633545 75.610062 -5668.880859
v 2400.181396 75.713791 -5668.952637
v 2400.635498 75.713791 -5668.936035
v 2400.182617 75.826347 -5668.986816
v 2400.636719 75.826347 -5668.970215
v 2400.183105 75.943405 -5668.998047
v 2400.637207 75.943405 -5668.981934
v 2400.182617 76.060455 -5668.986816
v 2400.636719 76.060455 -5668.970215
v 2400.181396 76.173012 -5668.952637
v 2400.635498 76.173012 -5668.936035
v 2400.179443 76.276741 -5668.896973
v 2400.633545 76.276741 -5668.880859
v 2400.176758 76.367668 -5668.822754
v 2400.630859 76.367668 -5668.806152
v 2400.173584 76.442284 -5668.731445
v 2400.627686 76.442284 -5668.715332
v 2400.169922 76.497726 -5668.627930
v 2400.624023 76.497734 -5668.611816
v 2400.165771 76.531876 -5668.515625
v 2400.619873 76.531876 -5668.499023
v 2400.161621 76.543404 -5668.398438
v 2400.615723 76.543404 -5668.382324
v 2400.157471 76.531876 -5668.281738
v 2400.611572 76.531876 -5668.265137
v 2400.153320 76.497726 -5668.168945
v 2400.607422 76.497734 -5668.152832
v 2400.149658 76.442284 -5668.065430
v 2400.603760 76.442284 -5668.049316
v 2400.146484 76.367668 -5667.974609
v 2400.600586 76.367668 -5667.958496
v 2400.143799 76.276741 -5667.899902
v 2400.597900 76.276741 -5667.883789
v 2400.141846 76.173012 -5667.844727
v 2400.595947 76.173012 -5667.828125
v 2400.140625 76.060455 -5667.810547
v 2400.594727 76.060455 -5667.793945
v 2400.140137 75.943405 -5667.798828
v 2400.594238 75.943405 -5667.782715
v 2400.140625 75.826347 -5667.810547
v 2400.594727 75.826347 -5667.793945
v 2400.141846 75.713791 -5667.844727
v 2400.595947 75.713791 -5667.828125
v 2400.143799 75.610062 -5667.899902
v 2400.597900 75.610062 -5667.883789
v 2400.146484 75.519142 -5667.974609
v 2400.600586 75.519142 -5667.958496
v 2400.149658 75.444519 -5668.065430
v 2400.603760 75.444519 -5668.049316
v 2400.153320 75.389076 -5668.168945
v 2400.607422 75.389076 -5668.152832
v 2400.157471 75.354935 -5668.281738
v 2400.611572 75.354935 -5668.265137
v 2401.455322 75.808762 -5669.490723
v 2400.888184 75.808762 -5669.511230
v 2400.888184 76.388794 -5669.511230
v 2401.455322 77.107376 -5669.490723
v 2400.888184 77.107376 -5669.511230
v 2401.498779 75.808762 -5670.699219
v 2401.498779 76.388794 -5670.699219
v 2400.931641 75.808762 -5670.719727
v 2400.931641 76.388794 -5670.719727
v 2401.498779 77.107376 -5670.699219
v 2400.931641 77.107376 -5670.719727
v 2400.537842 75.797089 -5667.648438
v 2400.537842 75.797455 -5667.649414
v 2400.537842 75.808762 -5667.648438
v 2400.542969 75.893166 -5667.790527
v 2400.539551 75.933502 -5667.692383
v 2400.537354 75.943405 -5667.634277
v 2400.537354 75.942307 -5667.635254
v 2400.537354 75.943192 -5667.635254
v 2400.566162 75.824341 -5668.434082
v 2400.537842 76.089722 -5667.648438
v 2400.539307 76.230423 -5667.690918
v 2400.541992 76.360085 -5667.760254
v 2400.545166 76.473740 -5667.853516
v 2400.549316 76.567009 -5667.967285
v 2400.553955 76.636314 -5668.096680
v 2400.553955 76.636734 -5668.099121
v 2400.559082 76.678993 -5668.237305
v 2400.559082 76.678993 -5668.238770
v 2400.559082 76.678993 -5668.238770
v 2400.564209 76.693405 -5668.383789
v 2400.564209 76.693405 -5668.384766
v 2400.564209 76.693214 -5668.383301
v 2400.564209 76.693291 -5668.383789
v 2400.564209 76.693298 -5668.383789
v 2400.564209 76.693344 -5668.384277
v 2400.564209 76.693329 -5668.383789
v 2400.572021 75.853264 -5668.602539
v 2400.590576 75.808762 -5669.121094
v 2400.587402 75.943405 -5669.029297
v 2400.591064 75.943405 -5669.133301
v 2400.591064 75.943405 -5669.134277
v 2400.591064 75.943405 -5669.133301
v 2400.591064 75.943405 -5669.133301
v 2400.591064 75.943405 -5669.133301
v 2400.591064 75.943405 -5669.133301
v 2400.591064 75.943405 -5669.133301
v 2400.591064 75.943405 -5669.133301
v 2400.586426 76.072250 -5669.004395
v 2400.590576 76.089722 -5669.120117
v 2400.589111 76.224236 -5669.077148
v 2400.589111 76.230423 -5669.076172
v 2400.589111 76.229980 -5669.076172
v 2400.589111 76.230423 -5669.076172
v 2400.589111 76.228111 -5669.076172
v 2400.589111 76.231071 -5669.075684
v 2400.589111 76.231125 -5669.075684
v 2400.589111 76.230423 -5669.077148
v 2400.588867 76.239624 -5669.071289
v 2400.631348 75.794327 -5669.987793
v 2400.626465 75.901749 -5669.987793
v 2400.578857 76.349663 -5668.789551
v 2400.583496 76.465668 -5668.920410
v 2400.583252 76.473740 -5668.915039
v 2400.583252 76.475113 -5668.912109
v 2400.586670 76.360085 -5669.006836
v 2400.586670 76.360085 -5669.007812
v 2400.579102 76.567009 -5668.799805
v 2400.579102 76.567009 -5668.801270
v 2400.579102 76.567009 -5668.799805
v 2400.569092 76.635849 -5668.522461
v 2400.574463 76.636314 -5668.670410
v 2400.574463 76.636314 -5668.671875
v 2400.574463 76.635849 -5668.670898
v 2400.574463 76.636314 -5668.670410
v 2400.574707 76.634613 -5668.673340
v 2400.569580 76.678993 -5668.531250
v 2400.569580 76.678993 -5668.529785
v 2400.210938 75.808762 -5666.452637
v 2400.254150 75.797089 -5667.658691
v 2400.254150 75.797455 -5667.659668
v 2400.254150 75.808762 -5667.658691
v 2400.253662 75.943405 -5667.644043
v 2400.254150 76.089722 -5667.658691
v 2400.255615 76.230415 -5667.701172
v 2400.258057 76.360085 -5667.770508
v 2400.261475 76.473740 -5667.863770
v 2400.265625 76.567009 -5667.977539
v 2400.270264 76.636314 -5668.106934
v 2400.275146 76.678993 -5668.247559
v 2400.280518 76.693405 -5668.393555
v 2400.280518 76.693344 -5668.394531
v 2400.280518 76.693405 -5668.395020
v 2400.306885 75.808762 -5669.131348
v 2400.307373 75.943405 -5669.144531
v 2400.306885 76.089722 -5669.129883
v 2400.305420 76.230415 -5669.087402
v 2400.321289 75.808762 -5669.531250
v 2400.051270 76.216270 -5669.871094
v 2400.299561 76.473740 -5668.924805
v 2400.302734 76.360085 -5669.018066
v 2400.295410 76.567009 -5668.811523
v 2400.290771 76.636314 -5668.681641
v 2400.285645 76.678993 -5668.541016
v 2400.321289 76.388794 -5669.531250
v 2400.210938 77.107376 -5666.452637
v 2400.321289 77.107376 -5669.531250
v 2400.033936 77.609901 -5669.871582
v 2400.687744 75.794327 -5671.563477
v 2400.682861 75.901749 -5671.563965
v 2400.744385 75.794327 -5673.139648
v 2400.739502 75.901749 -5673.139648
v 2400.107666 76.216270 -5671.446777
v 2400.164062 76.216270 -5673.022949
v 2400.146973 77.609901 -5673.023438
v 2401.455322 78.544556 -5669.490723
v 2400.224609 78.544556 -5666.833496
v 2400.321289 78.544556 -5669.531250
v 2400.047363 79.548431 -5670.008789
v 2400.800781 75.794327 -5674.715332
v 2400.795898 75.901749 -5674.715820
v 2400.857178 75.794327 -5676.291504
v 2400.852295 75.901749 -5676.291504
v 2400.913818 75.794327 -5677.867188
v 2400.908691 75.921448 -5677.867188
v 2400.917480 75.923683 -5678.242676
v 2400.917480 75.943405 -5678.240723
v 2400.877686 75.943405 -5678.242188
v 2400.917969 76.089722 -5678.255371
v 2400.919434 76.230423 -5678.297852
v 2400.922119 76.360085 -5678.367188
v 2400.925293 76.473740 -5678.460449
v 2400.220703 76.216270 -5674.598633
v 2400.277100 76.216270 -5676.174805
v 2400.582764 76.089722 -5678.267090
v 2400.326416 76.207344 -5677.750977
v 2400.346436 76.207344 -5678.311523
v 2400.348877 76.210220 -5678.312012
v 2400.348877 76.230415 -5678.318359
v 2400.350342 76.360085 -5678.387695
v 2400.352539 76.473740 -5678.480957
v 2400.260010 77.609901 -5676.175293
v 2400.970215 75.794327 -5679.443359
v 2400.965088 75.921448 -5679.443359
v 2400.960449 75.923683 -5679.442383
v 2400.929443 76.567009 -5678.573730
v 2400.934082 76.636314 -5678.703613
v 2400.939209 76.678993 -5678.844238
v 2400.944336 76.693405 -5678.990234
v 2401.000000 76.678993 -5680.545898
v 2401.026611 75.794327 -5681.019043
v 2401.021484 75.921448 -5681.019043
v 2401.017090 75.923683 -5681.018066
v 2401.021729 75.922081 -5681.146973
v 2401.021729 75.943405 -5681.149414
v 2400.978271 75.943405 -5681.150879
v 2401.021240 76.089722 -5681.134766
v 2401.019775 76.230423 -5681.092285
v 2401.083252 75.794327 -5682.594727
v 2401.078369 75.901749 -5682.595215
v 2401.017090 76.360085 -5681.022949
v 2401.013916 76.473740 -5680.929688
v 2401.009766 76.567009 -5680.816406
v 2401.005127 76.636314 -5680.686523
v 2400.355713 76.567009 -5678.594238
v 2400.359619 76.636314 -5678.724121
v 2400.364014 76.678993 -5678.864746
v 2400.368896 76.693405 -5679.010742
v 2400.379395 76.690483 -5679.326660
v 2400.424316 76.678993 -5680.566406
v 2400.680908 76.089722 -5681.146973
v 2400.524902 76.166405 -5681.129395
v 2400.451172 76.212418 -5681.118164
v 2400.450684 76.230415 -5681.112793
v 2400.448242 76.208572 -5681.119141
v 2400.502930 76.216270 -5682.478516
v 2400.446533 76.360085 -5681.043457
v 2400.441650 76.473740 -5680.950195
v 2400.436035 76.567009 -5680.836914
v 2400.430176 76.636314 -5680.707031
v 2400.372803 77.609901 -5679.327148
v 2400.485840 77.609901 -5682.479004
v 2400.273193 79.548431 -5676.312500
v 2400.499023 79.548431 -5682.615723
v 2400.592773 75.343407 -5680.426270
v 2401.046875 75.343407 -5680.410156
v 2400.596924 75.354935 -5680.543457
v 2401.051025 75.354935 -5680.526855
v 2400.600830 75.389076 -5680.655762
v 2401.054932 75.389076 -5680.639648
v 2400.604736 75.444527 -5680.759277
v 2401.058594 75.444527 -5680.743164
v 2400.607910 75.519142 -5680.850098
v 2401.062012 75.519142 -5680.833984
v 2400.610596 75.610062 -5680.924805
v 2401.064697 75.610062 -5680.908691
v 2400.612549 75.713799 -5680.979980
v 2401.066650 75.713799 -5680.963867
v 2400.613770 75.826347 -5681.014160
v 2401.067871 75.826347 -5680.998047
v 2400.614258 75.943405 -5681.025879
v 2401.068359 75.943405 -5681.009766
v 2400.613770 76.060455 -5681.014160
v 2401.067871 76.060455 -5680.998047
v 2400.612549 76.173012 -5680.979980
v 2401.066650 76.173012 -5680.963867
v 2400.610596 76.276749 -5680.924805
v 2401.064697 76.276749 -5680.908691
v 2400.607910 76.367668 -5680.850098
v 2401.062012 76.367668 -5680.833984
v 2400.604736 76.442284 -5680.759277
v 2401.058594 76.442284 -5680.743164
v 2400.600830 76.497734 -5680.655762
v 2401.054932 76.497734 -5680.639648
v 2400.596924 76.531876 -5680.543457
v 2401.051025 76.531876 -5680.526855
v 2400.592773 76.543404 -5680.426270
v 2401.046875 76.543404 -5680.410156
v 2400.588623 76.531876 -5680.309082
v 2401.042480 76.531876 -5680.292969
v 2400.584473 76.497734 -5680.196777
v 2401.038574 76.497734 -5680.180664
v 2400.580811 76.442284 -5680.093262
v 2401.034912 76.442284 -5680.076660
v 2400.577393 76.367668 -5680.002441
v 2401.031494 76.367668 -5679.985840
v 2400.574951 76.276749 -5679.927734
v 2401.028809 76.276749 -5679.911621
v 2400.572754 76.173012 -5679.872070
v 2401.026855 76.173012 -5679.855957
v 2400.571533 76.060455 -5679.838379
v 2401.025635 76.060455 -5679.821777
v 2400.571289 75.943405 -5679.826660
v 2401.025146 75.943405 -5679.810547
v 2400.571533 75.826347 -5679.838379
v 2401.025635 75.826347 -5679.821777
v 2400.572754 75.713799 -5679.872070
v 2401.026855 75.713799 -5679.855957
v 2400.574951 75.610062 -5679.927734
v 2401.028809 75.610062 -5679.911621
v 2400.577393 75.519142 -5680.002441
v 2401.031494 75.519142 -5679.985840
v 2400.580811 75.444527 -5680.093262
v 2401.034912 75.444527 -5680.076660
v 2400.584473 75.389076 -5680.196777
v 2401.038574 75.389076 -5680.180664
v 2400.588623 75.354935 -5680.309082
v 2401.042480 75.354935 -5680.292969
v 2400.541992 75.343407 -5679.013184
v 2400.996094 75.343407 -5678.997070
v 2400.546143 75.354935 -5679.130371
v 2401.000244 75.354935 -5679.113770
v 2400.550293 75.389076 -5679.242676
v 2401.004395 75.389076 -5679.226562
v 2400.553955 75.444527 -5679.346191
v 2401.008057 75.444527 -5679.330078
v 2400.557373 75.519142 -5679.437500
v 2401.011230 75.519142 -5679.420898
v 2400.559814 75.610062 -5679.511719
v 2401.013916 75.610062 -5679.495605
v 2400.562012 75.713799 -5679.567383
v 2401.015869 75.713799 -5679.550781
v 2400.563232 75.826347 -5679.601562
v 2401.017090 75.826347 -5679.584961
v 2400.563477 75.943405 -5679.612793
v 2401.017578 75.943405 -5679.596680
v 2400.563232 76.060455 -5679.601562
v 2401.017090 76.060455 -5679.584961
v 2400.562012 76.173012 -5679.567383
v 2401.015869 76.173012 -5679.550781
v 2400.559814 76.276749 -5679.511719
v 2401.013916 76.276749 -5679.495605
v 2400.557373 76.367668 -5679.437500
v 2401.011230 76.367668 -5679.420898
v 2400.553955 76.442284 -5679.346191
v 2401.008057 76.442284 -5679.330078
v 2400.550293 76.497734 -5679.242676
v 2401.004395 76.497734 -5679.226562
v 2400.546143 76.531876 -5679.130371
v 2401.000244 76.531876 -5679.113770
v 2400.541992 76.543404 -5679.013184
v 2400.996094 76.543404 -5678.997070
v 2400.537842 76.531876 -5678.896484
v 2400.991943 76.531876 -5678.879883
v 2400.533936 76.497734 -5678.783691
v 2400.987793 76.497734 -5678.767578
v 2400.530029 76.442284 -5678.680176
v 2400.984131 76.442284 -5678.664062
v 2400.526855 76.367668 -5678.589355
v 2400.980957 76.367668 -5678.573242
v 2400.524170 76.276749 -5678.514648
v 2400.978271 76.276749 -5678.498535
v 2400.522217 76.173012 -5678.459473
v 2400.976318 76.173012 -5678.442871
v 2400.520996 76.060455 -5678.425293
v 2400.975098 76.060455 -5678.408691
v 2400.520508 75.943405 -5678.413574
v 2400.974609 75.943405 -5678.397461
v 2400.520996 75.826347 -5678.425293
v 2400.975098 75.826347 -5678.408691
v 2400.522217 75.713799 -5678.459473
v 2400.976318 75.713799 -5678.442871
v 2400.524170 75.610062 -5678.514648
v 2400.978271 75.610062 -5678.498535
v 2400.526855 75.519142 -5678.589355
v 2400.980957 75.519142 -5678.573242
v 2400.530029 75.444527 -5678.680176
v 2400.984131 75.444527 -5678.664062
v 2400.533936 75.389076 -5678.783691
v 2400.987793 75.389076 -5678.767578
v 2400.537842 75.354935 -5678.896484
v 2400.991943 75.354935 -5678.879883
vn 0.0035 -0.9952 -0.0980
vn 0.0104 -0.9569 -0.2901
vn 0.0169 -0.8819 -0.4711
vn 0.0227 -0.7730 -0.6340
vn 0.0277 -0.6344 -0.7725
vn 0.0316 -0.4714 -0.8814
vn 0.0343 -0.2903 -0.9563
vn 0.0356 -0.0980 -0.9945
vn 0.0356 0.0980 -0.9945
vn 0.0343 0.2903 -0.9563
vn 0.0316 0.4714 -0.8814
vn 0.0277 0.6344 -0.7725
vn 0.0227 0.7730 -0.6340
vn 0.0169 0.8819 -0.4711
vn 0.0104 0.9569 -0.2901
vn 0.0035 0.9952 -0.0980
vn -0.0035 0.9952 0.0980
vn -0.0104 0.9569 0.2901
vn -0.0169 0.8819 0.4711
vn -0.0227 0.7730 0.6340
vn -0.0277 0.6344 0.7725
vn -0.0316 0.4714 0.8814
vn -0.0343 0.2903 0.9563
vn -0.0356 0.0980 0.9945
vn -0.0356 -0.0980 0.9945
vn -0.0343 -0.2903 0.9563
vn -0.0316 -0.4714 0.8814
vn -0.0277 -0.6344 0.7725
vn -0.0227 -0.7730 0.6340
vn -0.0169 -0.8819 0.4711
vn -0.9994 -0.0000 -0.0358
vn -0.0104 -0.9569 0.2901
vn -0.0035 -0.9952 0.0980
vn 0.9994 -0.0000 0.0358
vn 0.0358 -0.0000 -0.9994
vn -0.0000 1.0000 -0.0000
vn 0.9985 -0.0423 0.0360
vn -0.1015 0.0078 0.9948
vn -0.0011 -1.0000 -0.0000
vn -0.0000 -1.0000 -0.0000
vn -0.0104 0.9569 0.2902
vn 0.9993 0.0043 0.0358
vn 0.9983 -0.0451 0.0358
vn 0.9993 -0.0123 0.0358
vn 0.9994 -0.0090 0.0348
vn 0.9993 -0.0088 0.0368
vn 0.9986 -0.0400 0.0358
vn 0.4433 -0.8962 0.0159
vn 0.4635 -0.8860 0.0147
vn 0.9985 -0.0423 0.0356
vn 0.4823 -0.8758 0.0173
vn 0.4649 -0.8852 0.0176
vn -0.0003 -1.0000 0.0093
vn 0.0356 0.0981 -0.9945
vn 0.1015 -0.0078 -0.9948
vn -0.0358 -0.0000 0.9994
vn -0.0346 0.2563 0.9660
vn -0.9985 -0.0423 -0.0356
vn 0.0300 0.0078 0.9995
vn 0.0011 -1.0000 -0.0000
vn -0.9995 -0.0000 -0.0324
vn -0.9993 0.0043 -0.0358
vn -0.9983 -0.0451 -0.0358
vn -0.9993 -0.0123 -0.0358
vn -0.9993 -0.0090 -0.0369
vn -0.9994 -0.0088 -0.0348
vn -0.9986 -0.0400 -0.0358
vn -0.4433 -0.8962 -0.0159
vn -0.4633 -0.8860 -0.0186
vn -0.9985 -0.0423 -0.0360
vn -0.4823 -0.8758 -0.0173
vn -0.4650 -0.8852 -0.0157
vn -0.0300 -0.0078 -0.9995
vt 1.000000 0.500000
vt 1.000000 1.000000
vt 0.968750 1.000000
vt 0.968750 0.500000
vt 0.937500 1.000000
vt 0.937500 0.500000
vt 0.906250 1.000000
vt 0.906250 0.500000
vt 0.875000 1.000000
vt 0.875000 0.500000
vt 0.843750 1.000000
vt 0.843750 0.500000
vt 0.812500 1.000000
vt 0.812500 0.500000
vt 0.781250 1.000000
vt 0.781250 0.500000
vt 0.750000 1.000000
vt 0.750000 0.500000
vt 0.718750 1.000000
vt 0.718750 0.500000
vt 0.687500 1.000000
vt 0.687500 0.500000
vt 0.656250 1.000000
vt 0.656250 0.500000
vt 0.625000 1.000000
vt 0.625000 0.500000
vt 0.593750 1.000000
vt 0.593750 0.500000
vt 0.562500 1.000000
vt 0.562500 0.500000
vt 0.531250 1.000000
vt 0.531250 0.500000
vt 0.500000 1.000000
vt 0.500000 0.500000
vt 0.468750 1.000000
vt 0.468750 0.500000
vt 0.437500 1.000000
vt 0.437500 0.500000
vt 0.406250 1.000000
vt 0.406250 0.500000
vt 0.375000 1.000000
vt 0.375000 0.500000
vt 0.343750 1.000000
vt 0.343750 0.500000
vt 0.312500 1.000000
vt 0.312500 0.500000
vt 0.281250 1.000000
vt 0.281250 0.500000
vt 0.250000 1.000000
vt 0.250000 0.500000
vt 0.218750 1.000000
vt 0.218750 0.500000
vt 0.187500 1.000000
vt 0.187500 0.500000
vt 0.156250 1.000000
vt 0.156250 0.500000
vt 0.125000 1.000000
vt 0.125000 0.500000
vt 0.093750 1.000000
vt 0.093750 0.500000
vt 0.062500 1.000000
vt 0.062500 0.500000
vt 0.296822 0.485388
vt 0.250000 0.490000
vt 0.203178 0.485388
vt 0.158156 0.471731
vt 0.116663 0.449553
vt 0.080294 0.419706
vt 0.050447 0.383337
vt 0.028269 0.341844
vt 0.014612 0.296822
vt 0.010000 0.250000
vt 0.014612 0.203178
vt 0.028269 0.158156
vt 0.050447 0.116663
vt 0.080294 0.080294
vt 0.116663 0.050447
vt 0.158156 0.028269
vt 0.203178 0.014612
vt 0.250000 0.010000
vt 0.296822 0.014612
vt 0.341844 0.028269
vt 0.383337 0.050447
vt 0.419706 0.080294
vt 0.449553 0.116663
vt 0.471731 0.158156
vt 0.485388 0.203178
vt 0.490000 0.250000
vt 0.485388 0.296822
vt 0.471731 0.341844
vt 0.449553 0.383337
vt 0.419706 0.419706
vt 0.383337 0.449553
vt 0.341844 0.471731
vt 0.031250 1.000000
vt 0.031250 0.500000
vt 0.000000 1.000000
vt 0.000000 0.500000
vt 0.750000 0.490000
vt 0.796822 0.485388
vt 0.841844 0.471731
vt 0.883337 0.449553
vt 0.919706 0.419706
vt 0.949553 0.383337
vt 0.971731 0.341844
vt 0.985388 0.296822
vt 0.990000 0.250000
vt 0.985388 0.203178
vt 0.971731 0.158156
vt 0.949553 0.116663
vt 0.919706 0.080294
vt 0.883337 0.050447
vt 0.841844 0.028269
vt 0.796822 0.014612
vt 0.750000 0.010000
vt 0.703178 0.014612
vt 0.658156 0.028269
vt 0.616663 0.050447
vt 0.580294 0.080294
vt 0.550447 0.116663
vt 0.528269 0.158156
vt 0.514612 0.203178
vt 0.510000 0.250000
vt 0.514612 0.296822
vt 0.528269 0.341844
vt 0.550447 0.383337
vt 0.580294 0.419706
vt 0.616663 0.449553
vt 0.658156 0.471731
vt 0.703178 0.485388
vt 0.500000 0.437500
vt 0.500000 0.375000
vt 0.625000 0.375000
vt 0.751251 0.750000
vt 0.625000 0.750000
vt 0.751251 0.500000
vt 0.406250 0.531250
vt 0.375000 0.531250
vt 0.625000 0.857225
vt 0.375000 0.827061
vt 0.375000 0.750000
vt 0.406250 0.750000
vt 0.437500 0.750000
vt 0.500000 0.750000
vt 0.297939 0.750000
vt 0.297939 0.500000
vt 0.375000 0.562500
vt 0.375000 0.593750
vt 0.375000 0.625000
vt 0.375000 0.656250
vt 0.375000 0.687500
vt 0.375000 0.718750
vt 0.732226 0.500000
vt 0.732226 0.750000
vt 0.625000 0.625000
vt 0.437500 0.437500
vt 0.500000 0.373749
vt 0.625000 0.373749
vt 0.375000 0.437500
vt 0.437500 0.373749
vt 0.437500 0.375000
vt 0.375000 0.373749
vt 0.375000 0.375000
vt 0.687597 1.000000
vt 0.687342 1.000000
vt 0.624539 1.000000
vt 0.500000 0.687513
vt 0.500131 1.000000
vt 0.500131 0.687513
vt 0.468750 0.687513
vt 0.437500 0.687513
vt 0.406250 0.687513
vt 0.375000 0.687513
vt 0.343750 0.687513
vt 0.312500 0.687514
vt 0.281250 0.687514
vt 0.250000 0.687514
vt 0.218750 0.687514
vt 0.217875 1.000000
vt 0.217875 0.687514
vt 0.471774 0.158296
vt 0.471619 0.157946
vt 0.471580 0.157934
vt 0.471819 0.158911
vt 0.472125 0.160160
vt 0.421825 0.082877
vt 0.470156 0.155210
vt 0.250038 0.010041
vt 0.249852 0.010065
vt 0.158994 0.028144
vt 0.203572 0.014615
vt 0.250130 0.010027
vt 0.250197 0.010019
vt 0.014994 0.298082
vt 0.014637 0.293760
vt 0.010428 0.250473
vt 0.010408 0.250188
vt 0.028663 0.259836
vt 0.060046 0.289859
vt 0.266176 0.330862
vt 0.320035 0.318379
vt 0.456779 0.261368
vt 0.448770 0.215255
vt 0.380002 0.124831
vt 0.294469 0.029395
vt 0.250085 0.010037
vt 0.342070 0.028422
vt 0.342784 0.028818
vt 0.419169 0.079854
vt 0.500000 0.625000
vt 0.500000 0.562500
vt 0.500000 0.687500
vt 0.406250 0.656250
vt 0.406250 0.625000
vt 0.437500 0.687500
vt 0.437500 0.656250
vt 0.437500 0.625000
vt 0.437500 0.718750
vt 0.406250 0.718750
vt 0.406250 0.687500
vt 0.459029 0.562500
vt 0.458486 0.537915
vt 0.456578 0.535127
vt 0.453482 0.532557
vt 0.449320 0.530305
vt 0.444252 0.528457
vt 0.438470 0.527083
vt 0.437667 0.526975
vt 0.437500 0.526952
vt 0.437500 0.593750
vt 0.437500 0.582636
vt 0.437625 0.582619
vt 0.438524 0.582497
vt 0.444296 0.581124
vt 0.449357 0.579275
vt 0.453513 0.577023
vt 0.456603 0.574453
vt 0.458507 0.571665
vt 0.459152 0.568765
vt 0.406250 0.593750
vt 0.406250 0.562500
vt 0.406494 0.562500
vt 0.406494 0.586290
vt 0.408650 0.586141
vt 0.424643 0.584462
vt 0.408846 0.528448
vt 0.406495 0.528694
vt 0.406494 0.531250
vt 0.433327 0.527062
vt 0.424923 0.527333
vt 0.754555 1.000000
vt 0.750000 0.976717
vt 0.718750 0.817375
vt 0.718750 0.817374
vt 0.701719 0.734082
vt 0.692352 0.693077
vt 0.691498 0.694724
vt 0.687500 0.694599
vt 0.656250 0.693658
vt 0.625000 0.692793
vt 0.593750 0.692037
vt 0.562500 0.691421
vt 0.531250 0.690966
vt 0.506347 0.690700
vt 0.500000 0.691076
vt 0.468750 0.691310
vt 0.437500 0.691646
vt 0.406250 0.692070
vt 0.375000 0.692566
vt 0.343750 0.693115
vt 0.312500 0.693697
vt 0.281250 0.820034
vt 0.308013 0.693781
vt 0.307375 0.692551
vt 0.281250 0.820035
vt 0.250000 0.978620
vt 0.245787 1.000000
vt 0.010622 0.256313
vt 0.263607 0.488660
vt 0.448055 0.114838
vt 0.489328 0.243174
vt 0.196256 0.689441
vt 0.500256 0.687492
vt 0.531473 0.687435
vt 0.562653 0.687363
vt 0.593789 0.687275
vt 0.624871 0.687174
vt 0.655887 0.687059
vt 0.686821 0.686931
vt 0.717625 0.686777
vt 0.747821 0.686409
vt 0.375000 0.532493
vt 0.778756 1.000000
vt 0.778756 0.687514
vt 0.750000 0.687514
vt 0.718750 0.687513
vt 0.687500 0.687513
vt 0.656250 0.687513
vt 0.625000 0.687513
vt 0.593750 0.687513
vt 0.562500 0.687513
vt 0.531250 0.687513
vt 0.499824 1.000000
vt 0.499869 1.000000
vt 0.499869 0.687513
vt 0.437808 1.000000
vt 0.221244 0.687514
vt 0.221244 1.000000
vt 0.218827 1.000000
vt 0.218827 0.687514
vt 0.158600 0.028134
vt 0.249458 0.010061
vt 0.249644 0.010038
vt 0.249691 0.010035
vt 0.249737 0.010026
vt 0.418775 0.079854
vt 0.342390 0.028815
vt 0.471187 0.157930
vt 0.471225 0.157946
vt 0.471337 0.158156
vt 0.471380 0.158296
vt 0.489606 0.250000
vt 0.471731 0.160136
vt 0.471425 0.158895
vt 0.379609 0.119998
vt 0.448376 0.208770
vt 0.456385 0.250000
vt 0.319641 0.278847
vt 0.265782 0.288101
vt 0.059653 0.266077
vt 0.028269 0.253169
vt 0.010014 0.250069
vt 0.010035 0.250351
vt 0.014244 0.293085
vt 0.485756 0.293085
vt 0.449159 0.116663
vt 0.469762 0.155210
vt 0.341676 0.028420
vt 0.294075 0.028420
vt 0.421431 0.082877
vt 0.249803 0.010019
vt 0.296428 0.014612
vt 0.341450 0.028269
vt 0.382943 0.050447
vt 0.375000 0.422939
vt 0.625000 0.392774
vt 0.248749 0.500000
vt 0.343724 0.652061
vt 0.375000 0.652061
vt 0.248749 0.750000
vt 0.343724 0.532493
vt 0.500000 0.876251
vt 0.375000 0.876251
vt 0.625000 0.876251
s 0
f 2296/1063/230 2297/1064/230 2299/1065/230 2298/1066/230
f 2298/1066/231 2299/1065/231 2301/1067/231 2300/1068/231
f 2300/1068/232 2301/1067/232 2303/1069/232 2302/1070/232
f 2302/1070/233 2303/1069/233 2305/1071/233 2304/1072/233
f 2304/1072/234 2305/1071/234 2307/1073/234 2306/1074/234
f 2306/1074/235 2307/1073/235 2309/1075/235 2308/1076/235
f 2308/1076/236 2309/1075/236 2311/1077/236 2310/1078/236
f 2310/1078/237 2311/1077/237 2313/1079/237 2312/1080/237
f 2312/1080/238 2313/1079/238 2315/1081/238 2314/1082/238
f 2314/1082/239 2315/1081/239 2317/1083/239 2316/1084/239
f 2316/1084/240 2317/1083/240 2319/1085/240 2318/1086/240
f 2318/1086/241 2319/1085/241 2321/1087/241 2320/1088/241
f 2320/1088/242 2321/1087/242 2323/1089/242 2322/1090/242
f 2322/1090/243 2323/1089/243 2325/1091/243 2324/1092/243
f 2324/1092/244 2325/1091/244 2327/1093/244 2326/1094/244
f 2326/1094/245 2327/1093/245 2329/1095/245 2328/1096/245
f 2328/1096/246 2329/1095/246 2331/1097/246 2330/1098/246
f 2330/1098/247 2331/1097/247 2333/1099/247 2332/1100/247
f 2332/1100/248 2333/1099/248 2335/1101/248 2334/1102/248
f 2334/1102/249 2335/1101/249 2337/1103/249 2336/1104/249
f 2336/1104/250 2337/1103/250 2339/1105/250 2338/1106/250
f 2338/1106/251 2339/1105/251 2341/1107/251 2340/1108/251
f 2340/1108/252 2341/1107/252 2343/1109/252 2342/1110/252
f 2342/1110/253 2343/1109/253 2345/1111/253 2344/1112/253
f 2344/1112/254 2345/1111/254 2347/1113/254 2346/1114/254
f 2346/1114/255 2347/1113/255 2349/1115/255 2348/1116/255
f 2348/1116/256 2349/1115/256 2351/1117/256 2350/1118/256
f 2350/1118/257 2351/1117/257 2353/1119/257 2352/1120/257
f 2352/1120/258 2353/1119/258 2355/1121/258 2354/1122/258
f 2354/1122/259 2355/1121/259 2357/1123/259 2356/1124/259
f 2299/1125/260 2297/1126/260 2359/1127/260 2357/1128/260 2355/1129/260 2353/1130/260 2351/1131/260 2349/1132/260 2347/1133/260 2345/1134/260 2343/1135/260 2341/1136/260 2339/1137/260 2337/1138/260 2335/1139/260 2333/1140/260 2331/1141/260 2329/1142/260 2327/1143/260 2325/1144/260 2323/1145/260 2321/1146/260 2319/1147/260 2317/1148/260 2315/1149/260 2313/1150/260 2311/1151/260 2309/1152/260 2307/1153/260 2305/1154/260 2303/1155/260 2301/1156/260
f 2356/1124/261 2357/1123/261 2359/1157/261 2358/1158/261
f 2358/1158/262 2359/1157/262 2297/1159/262 2296/1160/262
f 2296/1161/263 2298/1162/263 2300/1163/263 2302/1164/263 2304/1165/263 2306/1166/263 2308/1167/263 2310/1168/263 2312/1169/263 2314/1170/263 2316/1171/263 2318/1172/263 2320/1173/263 2322/1174/263 2324/1175/263 2326/1176/263 2328/1177/263 2330/1178/263 2332/1179/263 2334/1180/263 2336/1181/263 2338/1182/263 2340/1183/263 2342/1184/263 2344/1185/263 2346/1186/263 2348/1187/263 2350/1188/263 2352/1189/263 2354/1190/263 2356/1191/263 2358/1192/263
f 2466/1096/264 2364/1193/264 2363/1194/264 2475/1195/264 2477/1088/264
f 2675/1196/265 2476/1197/265 2477/1088/265 2475/1080/265 2676/1198/265
f 2511/1199/266 2510/1200/266 2518/1104/266 2519/1102/266
f 2679/1201/267 2680/1202/267 2419/1203/267 2420/1204/267 2458/1205/267 2467/1206/267 2478/1197/267
f 2680/1207/268 2677/1208/268 2518/1104/268 2510/1200/268 2502/1209/268 2483/1210/268 2481/1211/268 2479/1212/268 2470/1213/268 2468/1214/268 2419/1203/268
f 2678/1215/265 2679/1216/265 2478/1197/265 2542/1217/265 2543/1088/265
f 2466/1096/264 2464/1100/264 2362/1218/264 2364/1193/264
f 2681/1219/264 2676/1220/264 2475/1195/264 2363/1194/264
f 2361/1221/264 2362/1218/264 2464/1100/264 2457/1104/264
f 2364/1193/263 2362/1218/263 2368/1218/263 2370/1193/263
f 2683/1222/264 2684/1219/264 2369/1194/264 2366/1223/264
f 2682/1224/264 2683/1222/264 2366/1223/264 2365/1225/264
f 2368/1218/264 2367/1221/264 2365/1225/264 2366/1223/264
f 2370/1193/264 2368/1218/264 2366/1223/264 2369/1194/264
f 2361/1108/269 2360/1112/269 2365/1112/269 2367/1108/269
f 2370/1193/265 2369/1194/265 2363/1194/265 2364/1193/265
f 2362/1218/263 2361/1221/263 2367/1221/263 2368/1218/263
f 2411/1083/260 2412/1226/260 2413/1083/260
f 2411/1083/260 2413/1083/260 2415/1227/260
f 2427/1089/260 2424/1228/260 2429/1089/260
f 2434/1091/260 2431/1091/260 2427/1089/260 2429/1089/260
f 2431/1091/260 2434/1091/260 2437/1093/260
f 2450/1229/262 2390/1095/262 2395/1230/262 2451/1231/262
f 2449/1232/230 2387/1097/230 2390/1095/230 2450/1229/230
f 2448/1233/231 2385/1099/231 2387/1097/231 2449/1232/231
f 2384/1101/232 2385/1099/232 2448/1233/232 2447/1234/232
f 2383/1103/233 2384/1101/233 2447/1234/233 2446/1235/233
f 2382/1105/234 2383/1103/234 2446/1235/234 2445/1236/234
f 2444/1237/235 2381/1107/235 2382/1105/235 2445/1236/235
f 2443/1238/236 2380/1109/236 2381/1107/236 2444/1237/236
f 2376/1111/237 2380/1109/237 2443/1238/237 2442/1239/237
f 2371/1113/238 2376/1111/238 2442/1239/238 2439/1240/238
f 2372/1241/270 2371/1113/270 2439/1240/270 2440/1242/270
f 2406/1150/263 2407/1150/263 2402/1150/263 2403/1150/263 2404/1150/263 2400/1150/263 2405/1150/263 2412/1243/263 2411/1148/263 2415/1244/263 2416/1245/263 2414/1246/263 2410/1247/263
f 2425/1147/263 2422/1248/263 2418/1249/263
f 2393/1250/263 2392/1251/263 2386/1252/263 2389/1253/263 2396/1254/263 2395/1255/263 2390/1142/263 2387/1141/263 2385/1140/263 2384/1139/263 2383/1138/263 2382/1137/263 2381/1136/263 2380/1135/263 2376/1134/263 2371/1133/263 2372/1256/263 2373/1257/263 2377/1258/263 2378/1259/263 2375/1260/263 2374/1261/263 2379/1262/263 2397/1263/263 2399/1264/263 2408/1265/263 2421/1266/263 2430/1267/263
f 2396/1254/263 2394/1268/263 2393/1250/263 2430/1267/263 2433/1269/263 2435/1270/263 2424/1271/263 2427/1145/263 2431/1144/263 2437/1143/263 2395/1255/263
f 2501/1272/271 2540/1273/271 2541/1096/271 2543/1088/271 2542/1217/271
f 2467/1206/271 2474/1274/271 2501/1272/271 2542/1217/271 2478/1197/271
f 2480/1275/272 2479/1212/272 2481/1211/272 2482/1276/272
f 2473/1277/273 2492/1278/273 2493/1279/273 2501/1272/273 2474/1274/273
f 2458/1205/273 2472/1280/273 2473/1277/273 2474/1274/273 2467/1206/273
f 2469/1281/272 2468/1214/272 2470/1213/272 2471/1282/272
f 2528/1283/274 2529/1284/274 2539/1285/274 2538/1286/274 2537/1287/274 2536/1288/274 2533/1289/274 2532/1290/274 2534/1291/274 2535/1100/274 2541/1096/274 2540/1273/274
f 2493/1279/275 2495/1292/275 2496/1293/275 2497/1294/275 2498/1295/275 2499/1296/275 2500/1297/275 2524/1298/275 2525/1299/275 2526/1300/275 2527/1301/275 2528/1283/275 2540/1273/275 2501/1272/275
f 2484/1302/276 2483/1210/276 2502/1209/276 2503/1303/276
f 2484/1302/277 2503/1303/277 2504/1304/277 2485/1305/277 2487/1306/277 2494/1307/277 2496/1293/277 2495/1292/277
f 2493/1279/278 2482/1276/278 2484/1302/278 2495/1292/278
f 2482/1276/279 2481/1211/279 2483/1210/279 2484/1302/279
f 2472/1280/280 2469/1281/280 2471/1282/280 2473/1277/280
f 2458/1205/280 2420/1204/280 2469/1281/280 2472/1280/280
f 2420/1204/272 2419/1203/272 2468/1214/272 2469/1281/272
f 2492/1278/280 2480/1275/280 2482/1276/280 2493/1279/280
f 2473/1277/280 2471/1282/280 2480/1275/280 2492/1278/280
f 2471/1282/272 2470/1213/272 2479/1212/272 2480/1275/272
f 2515/1308/281 2513/1309/281 2512/1310/281 2511/1199/281 2519/1102/281 2535/1100/281 2534/1291/281 2531/1311/281 2530/1312/281
f 2512/1310/277 2504/1304/277 2503/1303/277 2511/1199/277
f 2503/1303/276 2502/1209/276 2510/1200/276 2511/1199/276
f 2513/1313/253 2515/1314/253 2514/1079/253
f 2516/1081/254 2514/1079/254 2515/1314/254 2530/1315/254
f 2517/1083/255 2516/1081/255 2530/1316/255 2531/1317/255 2534/1318/255 2532/1319/255 2533/1320/255
f 2520/1085/256 2517/1083/256 2533/1320/256 2536/1321/256
f 2521/1087/257 2520/1085/257 2536/1321/257 2537/1322/257
f 2522/1089/258 2521/1087/258 2537/1322/258 2538/1323/258
f 2539/1324/259 2523/1091/259 2522/1089/259 2538/1323/259
f 2529/1325/261 2509/1093/261 2523/1091/261 2539/1324/261
f 2508/1095/282 2509/1093/282 2529/1325/282 2528/1326/282 2527/1327/282
f 2507/1097/230 2508/1095/230 2527/1327/230 2526/1328/230
f 2506/1099/231 2507/1097/231 2526/1328/231 2525/1329/231
f 2505/1101/232 2506/1099/232 2525/1329/232 2524/1330/232
f 2491/1103/233 2505/1101/233 2524/1330/233 2500/1331/233
f 2490/1105/234 2491/1103/234 2500/1331/234 2499/1332/234
f 2489/1107/235 2490/1105/235 2499/1332/235 2498/1333/235
f 2494/1334/236 2488/1109/236 2489/1107/236 2498/1333/236 2497/1335/236 2496/1336/236
f 2494/1337/237 2487/1338/237 2486/1111/237 2488/1109/237
f 2485/1339/283 2486/1111/283 2487/1338/283
f 2508/1126/263 2507/1127/263 2506/1128/263 2505/1129/263 2491/1130/263 2490/1131/263 2489/1132/263 2488/1133/263 2486/1134/263 2485/1340/263 2504/1341/263 2512/1342/263 2513/1343/263 2514/1150/263 2516/1149/263 2517/1148/263 2520/1147/263 2521/1146/263 2522/1145/263 2523/1156/263 2509/1125/263
f 2438/1203/263 2441/1344/263 2440/1242/263 2439/1240/263 2442/1239/263 2443/1238/263 2444/1237/263 2445/1236/263 2446/1235/263 2447/1234/263 2448/1233/263 2449/1232/263 2450/1229/263 2451/1231/263 2452/1345/263 2463/1346/263 2462/1347/263 2461/1348/263 2459/1349/263 2460/1350/263 2456/1351/263 2455/1352/263 2454/1353/263 2453/1354/263 2457/1104/263 2464/1100/263 2466/1096/263 2477/1088/263 2476/1197/263 2465/1206/263
f 2401/1079/253 2398/1355/253 2453/1356/253 2454/1357/253
f 2409/1081/254 2401/1079/254 2454/1357/254 2455/1358/254
f 2456/1359/255 2417/1083/255 2409/1081/255 2455/1358/255
f 2460/1360/256 2426/1085/256 2417/1083/256 2456/1359/256
f 2423/1087/257 2426/1085/257 2460/1360/257 2459/1361/257
f 2428/1089/258 2423/1087/258 2459/1361/258 2461/1362/258
f 2432/1091/259 2428/1089/259 2461/1362/259 2462/1363/259
f 2463/1364/261 2436/1093/261 2432/1091/261 2462/1363/261
f 2452/1229/262 2391/1095/262 2436/1093/262 2463/1364/262
f 2388/1097/260 2396/1365/260 2389/1097/260
f 2395/1366/230 2391/1095/230 2452/1229/230 2451/1367/230
f 2388/1097/260 2389/1097/260 2386/1368/260
f 2441/1369/254 2373/1370/254 2372/1371/254 2440/1372/254
f 2388/1141/263 2386/1373/263 2392/1374/263 2393/1375/263 2394/1376/263 2396/1377/263
f 2424/1378/263 2435/1379/263 2416/1380/263 2415/1381/263 2413/1382/263 2412/1383/263 2405/1384/263 2400/1384/263 2404/1384/263 2403/1384/263 2402/1384/263 2407/1384/263 2406/1384/263 2410/1385/263 2414/1386/263 2421/1387/263 2408/1388/263 2399/1389/263 2397/1390/263 2379/1391/263 2374/1392/263 2375/1393/263 2378/1394/263 2377/1395/263 2373/1396/263 2398/1397/263 2401/1150/263 2409/1149/263 2417/1148/263 2426/1147/263 2425/1398/263 2418/1399/263
f 2414/1386/263 2416/1380/263 2435/1379/263 2433/1400/263 2430/1401/263 2421/1387/263
f 2424/1378/263 2418/1399/263 2422/1402/263 2425/1398/263 2426/1147/263 2423/1146/263 2428/1145/263 2432/1144/263 2436/1143/263 2391/1142/263 2395/1403/263 2437/1404/263 2434/1405/263 2429/1406/263
f 2544/1063/230 2545/1064/230 2547/1065/230 2546/1066/230
f 2546/1066/231 2547/1065/231 2549/1067/231 2548/1068/231
f 2548/1068/232 2549/1067/232 2551/1069/232 2550/1070/232
f 2550/1070/233 2551/1069/233 2553/1071/233 2552/1072/233
f 2552/1072/234 2553/1071/234 2555/1073/234 2554/1074/234
f 2554/1074/235 2555/1073/235 2557/1075/235 2556/1076/235
f 2556/1076/236 2557/1075/236 2559/1077/236 2558/1078/236
f 2558/1078/237 2559/1077/237 2561/1079/237 2560/1080/237
f 2560/1080/238 2561/1079/238 2563/1081/238 2562/1082/238
f 2562/1082/239 2563/1081/239 2565/1083/239 2564/1084/239
f 2564/1084/240 2565/1083/240 2567/1085/240 2566/1086/240
f 2566/1086/241 2567/1085/241 2569/1087/241 2568/1088/241
f 2568/1088/242 2569/1087/242 2571/1089/242 2570/1090/242
f 2570/1090/243 2571/1089/243 2573/1091/243 2572/1092/243
f 2572/1092/244 2573/1091/244 2575/1093/244 2574/1094/244
f 2574/1094/245 2575/1093/245 2577/1095/245 2576/1096/245
f 2576/1096/246 2577/1095/246 2579/1097/246 2578/1098/246
f 2578/1098/247 2579/1097/247 2581/1099/247 2580/1100/247
f 2580/1100/248 2581/1099/248 2583/1101/248 2582/1102/248
f 2582/1102/249 2583/1101/249 2585/1103/249 2584/1104/249
f 2584/1104/250 2585/1103/250 2587/1105/250 2586/1106/250
f 2586/1106/251 2587/1105/251 2589/1107/251 2588/1108/251
f 2588/1108/252 2589/1107/252 2591/1109/252 2590/1110/252
f 2590/1110/253 2591/1109/253 2593/1111/253 2592/1112/253
f 2592/1112/254 2593/1111/254 2595/1113/254 2594/1114/254
f 2594/1114/255 2595/1113/255 2597/1115/255 2596/1116/255
f 2596/1116/256 2597/1115/256 2599/1117/256 2598/1118/256
f 2598/1118/257 2599/1117/257 2601/1119/257 2600/1120/257
f 2600/1120/258 2601/1119/258 2603/1121/258 2602/1122/258
f 2602/1122/259 2603/1121/259 2605/1123/259 2604/1124/259
f 2547/1125/260 2545/1126/260 2607/1127/260 2605/1128/260 2603/1129/260 2601/1130/260 2599/1131/260 2597/1132/260 2595/1133/260 2593/1134/260 2591/1135/260 2589/1136/260 2587/1137/260 2585/1138/260 2583/1139/260 2581/1140/260 2579/1141/260 2577/1142/260 2575/1143/260 2573/1144/260 2571/1145/260 2569/1146/260 2567/1147/260 2565/1148/260 2563/1149/260 2561/1150/260 2559/1151/260 2557/1152/260 2555/1153/260 2553/1154/260 2551/1155/260 2549/1156/260
f 2604/1124/261 2605/1123/261 2607/1157/261 2606/1158/261
f 2606/1158/262 2607/1157/262 2545/1159/262 2544/1160/262
f 2544/1161/263 2546/1162/263 2548/1163/263 2550/1164/263 2552/1165/263 2554/1166/263 2556/1167/263 2558/1168/263 2560/1169/263 2562/1170/263 2564/1171/263 2566/1172/263 2568/1173/263 2570/1174/263 2572/1175/263 2574/1176/263 2576/1177/263 2578/1178/263 2580/1179/263 2582/1180/263 2584/1181/263 2586/1182/263 2588/1183/263 2590/1184/263 2592/1185/263 2594/1186/263 2596/1187/263 2598/1188/263 2600/1189/263 2602/1190/263 2604/1191/263 2606/1192/263
f 2608/1063/230 2609/1064/230 2611/1065/230 2610/1066/230
f 2610/1066/231 2611/1065/231 2613/1067/231 2612/1068/231
f 2612/1068/232 2613/1067/232 2615/1069/232 2614/1070/232
f 2614/1070/233 2615/1069/233 2617/1071/233 2616/1072/233
f 2616/1072/234 2617/1071/234 2619/1073/234 2618/1074/234
f 2618/1074/235 2619/1073/235 2621/1075/235 2620/1076/235
f 2620/1076/236 2621/1075/236 2623/1077/236 2622/1078/236
f 2622/1078/237 2623/1077/237 2625/1079/237 2624/1080/237
f 2624/1080/238 2625/1079/238 2627/1081/238 2626/1082/238
f 2626/1082/239 2627/1081/239 2629/1083/239 2628/1084/239
f 2628/1084/240 2629/1083/240 2631/1085/240 2630/1086/240
f 2630/1086/241 2631/1085/241 2633/1087/241 2632/1088/241
f 2632/1088/242 2633/1087/242 2635/1089/242 2634/1090/242
f 2634/1090/243 2635/1089/243 2637/1091/243 2636/1092/243
f 2636/1092/244 2637/1091/244 2639/1093/244 2638/1094/244
f 2638/1094/245 2639/1093/245 2641/1095/245 2640/1096/245
f 2640/1096/246 2641/1095/246 2643/1097/246 2642/1098/246
f 2642/1098/247 2643/1097/247 2645/1099/247 2644/1100/247
f 2644/1100/248 2645/1099/248 2647/1101/248 2646/1102/248
f 2646/1102/249 2647/1101/249 2649/1103/249 2648/1104/249
f 2648/1104/250 2649/1103/250 2651/1105/250 2650/1106/250
f 2650/1106/251 2651/1105/251 2653/1107/251 2652/1108/251
f 2652/1108/252 2653/1107/252 2655/1109/252 2654/1110/252
f 2654/1110/253 2655/1109/253 2657/1111/253 2656/1112/253
f 2656/1112/254 2657/1111/254 2659/1113/254 2658/1114/254
f 2658/1114/255 2659/1113/255 2661/1115/255 2660/1116/255
f 2660/1116/256 2661/1115/256 2663/1117/256 2662/1118/256
f 2662/1118/257 2663/1117/257 2665/1119/257 2664/1120/257
f 2664/1120/258 2665/1119/258 2667/1121/258 2666/1122/258
f 2666/1122/259 2667/1121/259 2669/1123/259 2668/1124/259
f 2611/1125/260 2609/1126/260 2671/1127/260 2669/1128/260 2667/1129/260 2665/1130/260 2663/1131/260 2661/1132/260 2659/1133/260 2657/1134/260 2655/1135/260 2653/1136/260 2651/1137/260 2649/1138/260 2647/1139/260 2645/1140/260 2643/1141/260 2641/1142/260 2639/1143/260 2637/1144/260 2635/1145/260 2633/1146/260 2631/1147/260 2629/1148/260 2627/1149/260 2625/1150/260 2623/1151/260 2621/1152/260 2619/1153/260 2617/1154/260 2615/1155/260 2613/1156/260
f 2668/1124/261 2669/1123/261 2671/1157/261 2670/1158/261
f 2670/1158/262 2671/1157/262 2609/1159/262 2608/1160/262
f 2608/1161/263 2610/1162/263 2612/1163/263 2614/1164/263 2616/1165/263 2618/1166/263 2620/1167/263 2622/1168/263 2624/1169/263 2626/1170/263 2628/1171/263 2630/1172/263 2632/1173/263 2634/1174/263 2636/1175/263 2638/1176/263 2640/1177/263 2642/1178/263 2644/1179/263 2646/1180/263 2648/1181/263 2650/1182/263 2652/1183/263 2654/1184/263 2656/1185/263 2658/1186/263 2660/1187/263 2662/1188/263 2664/1189/263 2666/1190/263 2668/1191/263 2670/1192/263
f 2369/1194/265 2684/1219/265 2681/1219/265 2363/1194/265
f 2535/1100/284 2519/1102/284 2518/1104/284 2677/1407/284 2678/1408/284 2543/1088/284 2541/1096/284
f 2360/1112/269 2674/1409/269 2682/1409/269 2365/1112/269
f 2373/1410/269 2441/1411/269 2438/1203/269 2673/1412/269 2674/1409/269 2360/1112/269 2361/1108/269 2457/1104/269 2453/1354/269 2398/1413/269
f 2465/1206/285 2672/1414/285 2673/1415/285 2438/1203/285
f 2476/1197/286 2675/1416/286 2672/1414/286 2465/1206/286
f 2685/1063/230 2687/1066/230 2688/1065/230 2686/1064/230
f 2687/1066/231 2689/1068/231 2690/1067/231 2688/1065/231
f 2689/1068/232 2691/1070/232 2692/1069/232 2690/1067/232
f 2691/1070/233 2693/1072/233 2694/1071/233 2692/1069/233
f 2693/1072/234 2695/1074/234 2696/1073/234 2694/1071/234
f 2695/1074/235 2697/1076/235 2698/1075/235 2696/1073/235
f 2697/1076/236 2699/1078/236 2700/1077/236 2698/1075/236
f 2699/1078/237 2701/1080/237 2702/1079/237 2700/1077/237
f 2701/1080/238 2703/1082/238 2704/1081/238 2702/1079/238
f 2703/1082/239 2705/1084/239 2706/1083/239 2704/1081/239
f 2705/1084/240 2707/1086/240 2708/1085/240 2706/1083/240
f 2707/1086/241 2709/1088/241 2710/1087/241 2708/1085/241
f 2709/1088/242 2711/1090/242 2712/1089/242 2710/1087/242
f 2711/1090/243 2713/1092/243 2714/1091/243 2712/1089/243
f 2713/1092/244 2715/1094/244 2716/1093/244 2714/1091/244
f 2715/1094/245 2717/1096/245 2718/1095/245 2716/1093/245
f 2717/1096/246 2719/1098/246 2720/1097/246 2718/1095/246
f 2719/1098/247 2721/1100/247 2722/1099/247 2720/1097/247
f 2721/1100/248 2723/1102/248 2724/1101/248 2722/1099/248
f 2723/1102/249 2725/1104/249 2726/1103/249 2724/1101/249
f 2725/1104/250 2727/1106/250 2728/1105/250 2726/1103/250
f 2727/1106/251 2729/1108/251 2730/1107/251 2728/1105/251
f 2729/1108/252 2731/1110/252 2732/1109/252 2730/1107/252
f 2731/1110/253 2733/1112/253 2734/1111/253 2732/1109/253
f 2733/1112/254 2735/1114/254 2736/1113/254 2734/1111/254
f 2735/1114/255 2737/1116/255 2738/1115/255 2736/1113/255
f 2737/1116/256 2739/1118/256 2740/1117/256 2738/1115/256
f 2739/1118/257 2741/1120/257 2742/1119/257 2740/1117/257
f 2741/1120/258 2743/1122/258 2744/1121/258 2742/1119/258
f 2743/1122/259 2745/1124/259 2746/1123/259 2744/1121/259
f 2688/1125/263 2690/1156/263 2692/1155/263 2694/1154/263 2696/1153/263 2698/1152/263 2700/1151/263 2702/1150/263 2704/1149/263 2706/1148/263 2708/1147/263 2710/1146/263 2712/1145/263 2714/1144/263 2716/1143/263 2718/1142/263 2720/1141/263 2722/1140/263 2724/1139/263 2726/1138/263 2728/1137/263 2730/1136/263 2732/1135/263 2734/1134/263 2736/1133/263 2738/1132/263 2740/1131/263 2742/1130/263 2744/1129/263 2746/1128/263 2748/1127/263 2686/1126/263
f 2745/1124/261 2747/1158/261 2748/1157/261 2746/1123/261
f 2747/1158/262 2685/1160/262 2686/1159/262 2748/1157/262
f 2685/1161/260 2747/1192/260 2745/1191/260 2743/1190/260 2741/1189/260 2739/1188/260 2737/1187/260 2735/1186/260 2733/1185/260 2731/1184/260 2729/1183/260 2727/1182/260 2725/1181/260 2723/1180/260 2721/1179/260 2719/1178/260 2717/1177/260 2715/1176/260 2713/1175/260 2711/1174/260 2709/1173/260 2707/1172/260 2705/1171/260 2703/1170/260 2701/1169/260 2699/1168/260 2697/1167/260 2695/1166/260 2693/1165/260 2691/1164/260 2689/1163/260 2687/1162/260
f 2855/1096/264 2866/1088/264 2864/1195/264 2752/1194/264 2753/1193/264
f 2675/1196/265 2676/1198/265 2864/1080/265 2866/1088/265 2865/1197/265
f 2900/1199/287 2908/1102/287 2907/1104/287 2899/1200/287
f 2679/1201/288 2867/1197/288 2856/1206/288 2847/1205/288 2809/1204/288 2808/1203/288 2680/1202/288
f 2680/1207/289 2808/1203/289 2857/1214/289 2859/1213/289 2868/1212/289 2870/1211/289 2872/1210/289 2891/1209/289 2899/1200/289 2907/1104/289 2677/1208/289
f 2678/1215/265 2932/1088/265 2931/1217/265 2867/1197/265 2679/1216/265
f 2855/1096/264 2753/1193/264 2751/1218/264 2853/1100/264
f 2681/1219/264 2752/1194/264 2864/1195/264 2676/1220/264
f 2750/1221/264 2846/1104/264 2853/1100/264 2751/1218/264
f 2753/1193/260 2759/1193/260 2757/1218/260 2751/1218/260
f 2683/1222/264 2755/1223/264 2758/1194/264 2684/1219/264
f 2682/1224/264 2754/1225/264 2755/1223/264 2683/1222/264
f 2757/1218/264 2755/1223/264 2754/1225/264 2756/1221/264
f 2759/1193/264 2758/1194/264 2755/1223/264 2757/1218/264
f 2750/1108/269 2756/1108/269 2754/1112/269 2749/1112/269
f 2759/1193/265 2753/1193/265 2752/1194/265 2758/1194/265
f 2751/1218/260 2757/1218/260 2756/1221/260 2750/1221/260
f 2800/1083/260 2802/1083/260 2801/1226/260
f 2800/1083/260 2804/1227/260 2802/1083/260
f 2816/1089/260 2818/1089/260 2813/1228/260
f 2823/1091/260 2818/1089/260 2816/1089/260 2820/1091/260
f 2820/1091/260 2826/1093/260 2823/1091/260
f 2839/1229/262 2840/1231/262 2784/1230/262 2779/1095/262
f 2838/1232/230 2839/1229/230 2779/1095/230 2776/1097/230
f 2837/1233/231 2838/1232/231 2776/1097/231 2774/1099/231
f 2773/1101/232 2836/1234/232 2837/1233/232 2774/1099/232
f 2772/1103/233 2835/1235/233 2836/1234/233 2773/1101/233
f 2771/1105/234 2834/1236/234 2835/1235/234 2772/1103/234
f 2833/1237/235 2834/1236/235 2771/1105/235 2770/1107/235
f 2832/1238/236 2833/1237/236 2770/1107/236 2769/1109/236
f 2765/1111/237 2831/1239/237 2832/1238/237 2769/1109/237
f 2760/1113/238 2828/1240/238 2831/1239/238 2765/1111/238
f 2761/1241/270 2829/1242/270 2828/1240/270 2760/1113/270
f 2795/1150/290 2799/1247/290 2803/1246/290 2805/1245/290 2804/1244/290 2800/1148/290 2801/1243/290 2794/1150/290 2789/1150/290 2793/1150/290 2792/1150/290 2791/1150/290 2796/1150/290
f 2814/1147/260 2807/1249/260 2811/1248/260
f 2782/1250/260 2819/1267/260 2810/1266/260 2797/1265/260 2788/1264/260 2786/1263/260 2768/1262/260 2763/1261/260 2764/1260/260 2767/1259/260 2766/1258/260 2762/1257/260 2761/1256/260 2760/1133/260 2765/1134/260 2769/1135/260 2770/1136/260 2771/1137/260 2772/1138/260 2773/1139/260 2774/1140/260 2776/1141/260 2779/1142/260 2784/1255/260 2785/1254/260 2778/1253/260 2775/1252/260 2781/1251/260
f 2785/1254/260 2784/1255/260 2826/1143/260 2820/1144/260 2816/1145/260 2813/1271/260 2824/1270/260 2822/1269/260 2819/1267/260 2782/1250/260 2783/1268/260
f 2890/1272/291 2931/1217/291 2932/1088/291 2930/1096/291 2929/1273/291
f 2856/1206/291 2867/1197/291 2931/1217/291 2890/1272/291 2863/1274/291
f 2869/1275/292 2871/1276/292 2870/1211/292 2868/1212/292
f 2862/1277/293 2863/1274/293 2890/1272/293 2882/1279/293 2881/1278/293
f 2847/1205/293 2856/1206/293 2863/1274/293 2862/1277/293 2861/1280/293
f 2858/1281/292 2860/1282/292 2859/1213/292 2857/1214/292
f 2917/1283/294 2929/1273/294 2930/1096/294 2924/1100/294 2923/1291/294 2921/1290/294 2922/1289/294 2925/1288/294 2926/1287/294 2927/1286/294 2928/1285/294 2918/1284/294
f 2882/1279/295 2890/1272/295 2929/1273/295 2917/1283/295 2916/1301/295 2915/1300/295 2914/1299/295 2913/1298/295 2889/1297/295 2888/1296/295 2887/1295/295 2886/1294/295 2885/1293/295 2884/1292/295
f 2873/1302/296 2892/1303/296 2891/1209/296 2872/1210/296
f 2873/1302/297 2884/1292/297 2885/1293/297 2883/1307/297 2876/1306/297 2874/1305/297 2893/1304/297 2892/1303/297
f 2882/1279/298 2884/1292/298 2873/1302/298 2871/1276/298
f 2871/1276/299 2873/1302/299 2872/1210/299 2870/1211/299
f 2861/1280/300 2862/1277/300 2860/1282/300 2858/1281/300
f 2847/1205/300 2861/1280/300 2858/1281/300 2809/1204/300
f 2809/1204/292 2858/1281/292 2857/1214/292 2808/1203/292
f 2881/1278/300 2882/1279/300 2871/1276/300 2869/1275/300
f 2862/1277/300 2881/1278/300 2869/1275/300 2860/1282/300
f 2860/1282/292 2869/1275/292 2868/1212/292 2859/1213/292
f 2904/1308/301 2919/1312/301 2920/1311/301 2923/1291/301 2924/1100/301 2908/1102/301 2900/1199/301 2901/1310/301 2902/1309/301
f 2901/1310/297 2900/1199/297 2892/1303/297 2893/1304/297
f 2892/1303/296 2900/1199/296 2899/1200/296 2891/1209/296
f 2902/1313/253 2903/1079/253 2904/1314/253
f 2905/1081/254 2919/1315/254 2904/1314/254 2903/1079/254
f 2906/1083/255 2922/1320/255 2921/1319/255 2923/1318/255 2920/1317/255 2919/1316/255 2905/1081/255
f 2909/1085/256 2925/1321/256 2922/1320/256 2906/1083/256
f 2910/1087/257 2926/1322/257 2925/1321/257 2909/1085/257
f 2911/1089/258 2927/1323/258 2926/1322/258 2910/1087/258
f 2928/1324/259 2927/1323/259 2911/1089/259 2912/1091/259
f 2918/1325/261 2928/1324/261 2912/1091/261 2898/1093/261
f 2897/1095/282 2916/1327/282 2917/1326/282 2918/1325/282 2898/1093/282
f 2896/1097/230 2915/1328/230 2916/1327/230 2897/1095/230
f 2895/1099/231 2914/1329/231 2915/1328/231 2896/1097/231
f 2894/1101/232 2913/1330/232 2914/1329/232 2895/1099/232
f 2880/1103/233 2889/1331/233 2913/1330/233 2894/1101/233
f 2879/1105/234 2888/1332/234 2889/1331/234 2880/1103/234
f 2878/1107/235 2887/1333/235 2888/1332/235 2879/1105/235
f 2883/1334/236 2885/1336/236 2886/1335/236 2887/1333/236 2878/1107/236 2877/1109/236
f 2883/1337/237 2877/1109/237 2875/1111/237 2876/1338/237
f 2874/1339/283 2876/1338/283 2875/1111/283
f 2897/1126/260 2898/1125/260 2912/1156/260 2911/1145/260 2910/1146/260 2909/1147/260 2906/1148/260 2905/1149/260 2903/1150/260 2902/1343/260 2901/1342/260 2893/1341/260 2874/1340/260 2875/1134/260 2877/1133/260 2878/1132/260 2879/1131/260 2880/1130/260 2894/1129/260 2895/1128/260 2896/1127/260
f 2827/1203/260 2854/1206/260 2865/1197/260 2866/1088/260 2855/1096/260 2853/1100/260 2846/1104/260 2842/1354/260 2843/1353/260 2844/1352/260 2845/1351/260 2849/1350/260 2848/1349/260 2850/1348/260 2851/1347/260 2852/1346/260 2841/1345/260 2840/1231/260 2839/1229/260 2838/1232/260 2837/1233/260 2836/1234/260 2835/1235/260 2834/1236/260 2833/1237/260 2832/1238/260 2831/1239/260 2828/1240/260 2829/1242/260 2830/1344/260
f 2790/1079/253 2843/1357/253 2842/1356/253 2787/1355/253
f 2798/1081/254 2844/1358/254 2843/1357/254 2790/1079/254
f 2845/1359/255 2844/1358/255 2798/1081/255 2806/1083/255
f 2849/1360/256 2845/1359/256 2806/1083/256 2815/1085/256
f 2812/1087/257 2848/1361/257 2849/1360/257 2815/1085/257
f 2817/1089/258 2850/1362/258 2848/1361/258 2812/1087/258
f 2821/1091/259 2851/1363/259 2850/1362/259 2817/1089/259
f 2852/1364/261 2851/1363/261 2821/1091/261 2825/1093/261
f 2841/1229/262 2852/1364/262 2825/1093/262 2780/1095/262
f 2777/1097/260 2778/1097/260 2785/1365/260
f 2784/1366/230 2840/1367/230 2841/1229/230 2780/1095/230
f 2777/1097/260 2775/1368/260 2778/1097/260
f 2830/1369/254 2829/1372/254 2761/1371/254 2762/1370/254
f 2777/1141/260 2785/1377/260 2783/1376/260 2782/1375/260 2781/1374/260 2775/1373/260
f 2813/1378/260 2807/1399/260 2814/1398/260 2815/1147/260 2806/1148/260 2798/1149/260 2790/1150/260 2787/1397/260 2762/1396/260 2766/1395/260 2767/1394/260 2764/1393/260 2763/1392/260 2768/1391/260 2786/1390/260 2788/1389/260 2797/1388/260 2810/1387/260 2803/1386/260 2799/1385/260 2795/1384/260 2796/1384/260 2791/1384/260 2792/1384/260 2793/1384/260 2789/1384/260 2794/1384/260 2801/1383/260 2802/1382/260 2804/1381/260 2805/1380/260 2824/1379/260
f 2803/1386/260 2810/1387/260 2819/1401/260 2822/1400/260 2824/1379/260 2805/1380/260
f 2813/1378/260 2818/1406/260 2823/1405/260 2826/1404/260 2784/1403/260 2780/1142/260 2825/1143/260 2821/1144/260 2817/1145/260 2812/1146/260 2815/1147/260 2814/1398/260 2811/1402/260 2807/1399/260
f 2933/1063/230 2935/1066/230 2936/1065/230 2934/1064/230
f 2935/1066/231 2937/1068/231 2938/1067/231 2936/1065/231
f 2937/1068/232 2939/1070/232 2940/1069/232 2938/1067/232
f 2939/1070/233 2941/1072/233 2942/1071/233 2940/1069/233
f 2941/1072/234 2943/1074/234 2944/1073/234 2942/1071/234
f 2943/1074/235 2945/1076/235 2946/1075/235 2944/1073/235
f 2945/1076/236 2947/1078/236 2948/1077/236 2946/1075/236
f 2947/1078/237 2949/1080/237 2950/1079/237 2948/1077/237
f 2949/1080/238 2951/1082/238 2952/1081/238 2950/1079/238
f 2951/1082/239 2953/1084/239 2954/1083/239 2952/1081/239
f 2953/1084/240 2955/1086/240 2956/1085/240 2954/1083/240
f 2955/1086/241 2957/1088/241 2958/1087/241 2956/1085/241
f 2957/1088/242 2959/1090/242 2960/1089/242 2958/1087/242
f 2959/1090/243 2961/1092/243 2962/1091/243 2960/1089/243
f 2961/1092/244 2963/1094/244 2964/1093/244 2962/1091/244
f 2963/1094/245 2965/1096/245 2966/1095/245 2964/1093/245
f 2965/1096/246 2967/1098/246 2968/1097/246 2966/1095/246
f 2967/1098/247 2969/1100/247 2970/1099/247 2968/1097/247
f 2969/1100/248 2971/1102/248 2972/1101/248 2970/1099/248
f 2971/1102/249 2973/1104/249 2974/1103/249 2972/1101/249
f 2973/1104/250 2975/1106/250 2976/1105/250 2974/1103/250
f 2975/1106/251 2977/1108/251 2978/1107/251 2976/1105/251
f 2977/1108/252 2979/1110/252 2980/1109/252 2978/1107/252
f 2979/1110/253 2981/1112/253 2982/1111/253 2980/1109/253
f 2981/1112/254 2983/1114/254 2984/1113/254 2982/1111/254
f 2983/1114/255 2985/1116/255 2986/1115/255 2984/1113/255
f 2985/1116/256 2987/1118/256 2988/1117/256 2986/1115/256
f 2987/1118/257 2989/1120/257 2990/1119/257 2988/1117/257
f 2989/1120/258 2991/1122/258 2992/1121/258 2990/1119/258
f 2991/1122/259 2993/1124/259 2994/1123/259 2992/1121/259
f 2936/1125/263 2938/1156/263 2940/1155/263 2942/1154/263 2944/1153/263 2946/1152/263 2948/1151/263 2950/1150/263 2952/1149/263 2954/1148/263 2956/1147/263 2958/1146/263 2960/1145/263 2962/1144/263 2964/1143/263 2966/1142/263 2968/1141/263 2970/1140/263 2972/1139/263 2974/1138/263 2976/1137/263 2978/1136/263 2980/1135/263 2982/1134/263 2984/1133/263 2986/1132/263 2988/1131/263 2990/1130/263 2992/1129/263 2994/1128/263 2996/1127/263 2934/1126/263
f 2993/1124/261 2995/1158/261 2996/1157/261 2994/1123/261
f 2995/1158/262 2933/1160/262 2934/1159/262 2996/1157/262
f 2933/1161/260 2995/1192/260 2993/1191/260 2991/1190/260 2989/1189/260 2987/1188/260 2985/1187/260 2983/1186/260 2981/1185/260 2979/1184/260 2977/1183/260 2975/1182/260 2973/1181/260 2971/1180/260 2969/1179/260 2967/1178/260 2965/1177/260 2963/1176/260 2961/1175/260 2959/1174/260 2957/1173/260 2955/1172/260 2953/1171/260 2951/1170/260 2949/1169/260 2947/1168/260 2945/1167/260 2943/1166/260 2941/1165/260 2939/1164/260 2937/1163/260 2935/1162/260
f 2997/1063/230 2999/1066/230 3000/1065/230 2998/1064/230
f 2999/1066/231 3001/1068/231 3002/1067/231 3000/1065/231
f 3001/1068/232 3003/1070/232 3004/1069/232 3002/1067/232
f 3003/1070/233 3005/1072/233 3006/1071/233 3004/1069/233
f 3005/1072/234 3007/1074/234 3008/1073/234 3006/1071/234
f 3007/1074/235 3009/1076/235 3010/1075/235 3008/1073/235
f 3009/1076/236 3011/1078/236 3012/1077/236 3010/1075/236
f 3011/1078/237 3013/1080/237 3014/1079/237 3012/1077/237
f 3013/1080/238 3015/1082/238 3016/1081/238 3014/1079/238
f 3015/1082/239 3017/1084/239 3018/1083/239 3016/1081/239
f 3017/1084/240 3019/1086/240 3020/1085/240 3018/1083/240
f 3019/1086/241 3021/1088/241 3022/1087/241 3020/1085/241
f 3021/1088/242 3023/1090/242 3024/1089/242 3022/1087/242
f 3023/1090/243 3025/1092/243 3026/1091/243 3024/1089/243
f 3025/1092/244 3027/1094/244 3028/1093/244 3026/1091/244
f 3027/1094/245 3029/1096/245 3030/1095/245 3028/1093/245
f 3029/1096/246 3031/1098/246 3032/1097/246 3030/1095/246
f 3031/1098/247 3033/1100/247 3034/1099/247 3032/1097/247
f 3033/1100/248 3035/1102/248 3036/1101/248 3034/1099/248
f 3035/1102/249 3037/1104/249 3038/1103/249 3036/1101/249
f 3037/1104/250 3039/1106/250 3040/1105/250 3038/1103/250
f 3039/1106/251 3041/1108/251 3042/1107/251 3040/1105/251
f 3041/1108/252 3043/1110/252 3044/1109/252 3042/1107/252
f 3043/1110/253 3045/1112/253 3046/1111/253 3044/1109/253
f 3045/1112/254 3047/1114/254 3048/1113/254 3046/1111/254
f 3047/1114/255 3049/1116/255 3050/1115/255 3048/1113/255
f 3049/1116/256 3051/1118/256 3052/1117/256 3050/1115/256
f 3051/1118/257 3053/1120/257 3054/1119/257 3052/1117/257
f 3053/1120/258 3055/1122/258 3056/1121/258 3054/1119/258
f 3055/1122/259 3057/1124/259 3058/1123/259 3056/1121/259
f 3000/1125/263 3002/1156/263 3004/1155/263 3006/1154/263 3008/1153/263 3010/1152/263 3012/1151/263 3014/1150/263 3016/1149/263 3018/1148/263 3020/1147/263 3022/1146/263 3024/1145/263 3026/1144/263 3028/1143/263 3030/1142/263 3032/1141/263 3034/1140/263 3036/1139/263 3038/1138/263 3040/1137/263 3042/1136/263 3044/1135/263 3046/1134/263 3048/1133/263 3050/1132/263 3052/1131/263 3054/1130/263 3056/1129/263 3058/1128/263 3060/1127/263 2998/1126/263
f 3057/1124/261 3059/1158/261 3060/1157/261 3058/1123/261
f 3059/1158/262 2997/1160/262 2998/1159/262 3060/1157/262
f 2997/1161/260 3059/1192/260 3057/1191/260 3055/1190/260 3053/1189/260 3051/1188/260 3049/1187/260 3047/1186/260 3045/1185/260 3043/1184/260 3041/1183/260 3039/1182/260 3037/1181/260 3035/1180/260 3033/1179/260 3031/1178/260 3029/1177/260 3027/1176/260 3025/1175/260 3023/1174/260 3021/1173/260 3019/1172/260 3017/1171/260 3015/1170/260 3013/1169/260 3011/1168/260 3009/1167/260 3007/1166/260 3005/1165/260 3003/1164/260 3001/1163/260 2999/1162/260
f 2758/1194/265 2752/1194/265 2681/1219/265 2684/1219/265
f 2924/1100/302 2930/1096/302 2932/1088/302 2678/1408/302 2677/1407/302 2907/1104/302 2908/1102/302
f 2749/1112/269 2754/1112/269 2682/1409/269 2674/1409/269
f 2762/1410/269 2787/1413/269 2842/1354/269 2846/1104/269 2750/1108/269 2749/1112/269 2674/1409/269 2673/1412/269 2827/1203/269 2830/1411/269
f 2854/1206/285 2827/1203/285 2673/1415/285 2672/1414/285
f 2865/1197/286 2854/1206/286 2672/1414/286 2675/1416/286
o tuck.004
v 2459.377441 75.343407 -5670.277344
v 2458.923096 75.343407 -5670.283203
v 2459.378906 75.354935 -5670.394531
v 2458.924561 75.354935 -5670.400391
v 2459.380371 75.389076 -5670.506836
v 2458.926025 75.389076 -5670.513184
v 2459.381592 75.444519 -5670.610840
v 2458.927490 75.444519 -5670.616699
v 2459.382812 75.519142 -5670.701660
v 2458.928467 75.519142 -5670.707520
v 2459.383789 75.610062 -5670.776367
v 2458.929443 75.610062 -5670.782227
v 2459.384521 75.713791 -5670.831543
v 2458.930176 75.713791 -5670.837402
v 2459.385010 75.826347 -5670.865723
v 2458.930664 75.826347 -5670.871582
v 2459.385254 75.943405 -5670.877441
v 2458.930908 75.943405 -5670.883301
v 2459.385010 76.060455 -5670.865723
v 2458.930664 76.060455 -5670.871582
v 2459.384521 76.173012 -5670.831543
v 2458.930176 76.173012 -5670.837402
v 2459.383789 76.276749 -5670.776367
v 2458.929443 76.276749 -5670.782227
v 2459.382812 76.367668 -5670.701660
v 2458.928467 76.367668 -5670.707520
v 2459.381592 76.442284 -5670.610840
v 2458.927490 76.442284 -5670.616699
v 2459.380371 76.497734 -5670.506836
v 2458.926025 76.497734 -5670.513184
v 2459.378906 76.531876 -5670.394531
v 2458.924561 76.531876 -5670.400391
v 2459.377197 76.543404 -5670.277344
v 2458.923096 76.543404 -5670.283203
v 2459.375732 76.531876 -5670.160156
v 2458.921387 76.531876 -5670.166504
v 2459.374268 76.497734 -5670.047852
v 2458.919922 76.497734 -5670.053711
v 2459.373047 76.442284 -5669.943848
v 2458.918701 76.442284 -5669.950195
v 2459.371826 76.367668 -5669.853027
v 2458.917480 76.367668 -5669.858887
v 2459.370850 76.276749 -5669.778320
v 2458.916504 76.276749 -5669.784668
v 2459.370117 76.173012 -5669.723145
v 2458.915771 76.173012 -5669.729004
v 2459.369629 76.060455 -5669.688965
v 2458.915283 76.060455 -5669.694824
v 2459.369385 75.943405 -5669.677246
v 2458.915039 75.943405 -5669.683594
v 2459.369629 75.826347 -5669.688965
v 2458.915283 75.826347 -5669.694824
v 2459.370117 75.713791 -5669.723145
v 2458.915771 75.713791 -5669.729004
v 2459.370850 75.610062 -5669.778320
v 2458.916504 75.610062 -5669.784668
v 2459.371826 75.519142 -5669.853027
v 2458.917480 75.519142 -5669.858887
v 2459.373047 75.444519 -5669.943848
v 2458.918701 75.444519 -5669.950195
v 2459.374268 75.389076 -5670.047852
v 2458.919922 75.389076 -5670.053711
v 2459.375732 75.354935 -5670.160156
v 2458.921387 75.354935 -5670.166504
v 2458.138428 75.808762 -5671.431641
v 2458.705811 75.808762 -5671.424316
v 2458.705811 76.388794 -5671.424316
v 2458.138428 77.107376 -5671.431641
v 2458.705811 77.107376 -5671.424316
v 2458.154297 75.808762 -5672.641113
v 2458.154297 76.388794 -5672.641113
v 2458.721680 75.808762 -5672.633301
v 2458.721680 76.388794 -5672.633301
v 2458.154297 77.107376 -5672.641113
v 2458.721680 77.107376 -5672.633301
v 2458.964844 75.797089 -5669.546387
v 2458.964844 75.797455 -5669.547852
v 2458.964844 75.808762 -5669.546875
v 2458.966797 75.893166 -5669.688477
v 2458.965332 75.933502 -5669.590332
v 2458.964600 75.943405 -5669.532227
v 2458.964600 75.942307 -5669.533691
v 2458.964600 75.943192 -5669.533691
v 2458.975098 75.824341 -5670.332520
v 2458.964844 76.089722 -5669.546387
v 2458.965332 76.230423 -5669.589355
v 2458.966309 76.360085 -5669.658691
v 2458.967529 76.473740 -5669.751953
v 2458.968994 76.567009 -5669.865723
v 2458.970703 76.636314 -5669.995117
v 2458.970703 76.636734 -5669.997559
v 2458.972656 76.678993 -5670.135742
v 2458.972656 76.678993 -5670.137207
v 2458.972656 76.678993 -5670.137207
v 2458.974365 76.693405 -5670.282227
v 2458.974609 76.693405 -5670.283203
v 2458.974365 76.693214 -5670.281738
v 2458.974365 76.693291 -5670.282227
v 2458.974365 76.693298 -5670.282227
v 2458.974609 76.693344 -5670.282715
v 2458.974365 76.693329 -5670.282715
v 2458.977295 75.853264 -5670.500977
v 2458.984131 75.808762 -5671.020020
v 2458.982910 75.943405 -5670.928223
v 2458.984375 75.943405 -5671.032227
v 2458.984375 75.943405 -5671.033203
v 2458.984375 75.943405 -5671.032227
v 2458.984375 75.943405 -5671.032227
v 2458.984375 75.943405 -5671.032227
v 2458.984375 75.943405 -5671.032227
v 2458.984375 75.943405 -5671.032227
v 2458.984375 75.943405 -5671.032227
v 2458.982666 76.072250 -5670.903320
v 2458.984131 76.089722 -5671.019043
v 2458.983643 76.224236 -5670.976074
v 2458.983643 76.230423 -5670.975098
v 2458.983643 76.229980 -5670.975098
v 2458.983643 76.230423 -5670.975098
v 2458.983643 76.228111 -5670.975098
v 2458.983643 76.231071 -5670.974609
v 2458.983643 76.231125 -5670.974609
v 2458.983643 76.230423 -5670.976074
v 2458.983398 76.239624 -5670.970215
v 2458.985840 75.794327 -5671.887695
v 2458.990723 75.901749 -5671.887695
v 2458.979736 76.349663 -5670.688477
v 2458.981445 76.465668 -5670.818848
v 2458.981445 76.473740 -5670.813477
v 2458.981445 76.475113 -5670.810547
v 2458.982666 76.360085 -5670.905762
v 2458.982666 76.360085 -5670.906738
v 2458.979980 76.567009 -5670.698730
v 2458.979980 76.567009 -5670.700195
v 2458.979980 76.567009 -5670.698730
v 2458.976318 76.635849 -5670.420898
v 2458.978271 76.636314 -5670.569336
v 2458.978271 76.636314 -5670.570312
v 2458.978271 76.635849 -5670.569824
v 2458.978271 76.636314 -5670.569336
v 2458.978271 76.634613 -5670.572266
v 2458.976318 76.678993 -5670.429688
v 2458.976318 76.678993 -5670.428223
v 2459.232910 75.808769 -5668.335938
v 2459.248779 75.797089 -5669.542969
v 2459.248779 75.797455 -5669.543945
v 2459.248779 75.808769 -5669.542969
v 2459.248535 75.943405 -5669.528320
v 2459.248779 76.089722 -5669.542969
v 2459.249268 76.230423 -5669.585449
v 2459.250244 76.360085 -5669.654785
v 2459.251465 76.473740 -5669.748047
v 2459.252930 76.567009 -5669.861816
v 2459.254639 76.636314 -5669.991211
v 2459.256592 76.678993 -5670.132324
v 2459.258301 76.693405 -5670.278320
v 2459.258301 76.693344 -5670.278809
v 2459.258545 76.693405 -5670.279785
v 2459.268066 75.808769 -5671.016113
v 2459.268311 75.943405 -5671.029785
v 2459.268066 76.089722 -5671.015137
v 2459.267578 76.230423 -5670.972656
v 2459.273438 75.808769 -5671.416504
v 2459.559570 76.216270 -5671.742676
v 2459.265381 76.473740 -5670.810059
v 2459.266602 76.360085 -5670.903320
v 2459.263916 76.567009 -5670.696289
v 2459.262207 76.636314 -5670.566406
v 2459.260254 76.678993 -5670.425781
v 2459.273438 76.388794 -5671.416504
v 2459.232910 77.107376 -5668.335938
v 2459.273438 77.107376 -5671.416504
v 2459.576904 77.609909 -5671.742676
v 2459.006592 75.794327 -5673.464355
v 2459.011475 75.901749 -5673.464355
v 2459.027100 75.794327 -5675.041016
v 2459.031982 75.901749 -5675.041016
v 2459.580322 76.216270 -5673.319336
v 2459.601074 76.216270 -5674.896484
v 2459.618164 77.609909 -5674.895996
v 2458.138428 78.544556 -5671.431641
v 2459.238037 78.544556 -5668.717285
v 2459.273438 78.544556 -5671.416504
v 2459.570312 79.548431 -5671.879883
v 2459.047852 75.794327 -5676.618164
v 2459.052734 75.901749 -5676.618164
v 2459.068604 75.794327 -5678.194824
v 2459.073486 75.901749 -5678.194824
v 2459.089111 75.794327 -5679.771484
v 2459.094238 75.921448 -5679.771484
v 2459.103760 75.923683 -5680.146973
v 2459.103760 75.943405 -5680.145020
v 2459.143555 75.943405 -5680.144531
v 2459.103760 76.089722 -5680.159180
v 2459.104492 76.230423 -5680.201660
v 2459.105225 76.360085 -5680.270996
v 2459.106445 76.473740 -5680.364258
v 2459.621582 76.216270 -5676.473145
v 2459.642334 76.216270 -5678.049805
v 2459.439209 76.089722 -5680.154785
v 2459.669922 76.207344 -5679.626465
v 2459.677490 76.207344 -5680.187500
v 2459.675049 76.210220 -5680.188477
v 2459.675293 76.230423 -5680.194336
v 2459.677246 76.360085 -5680.263672
v 2459.679688 76.473740 -5680.356934
v 2459.659424 77.609909 -5678.049805
v 2459.109863 75.794327 -5681.348145
v 2459.114990 75.921448 -5681.348145
v 2459.119385 75.923683 -5681.347168
v 2459.107910 76.567009 -5680.478027
v 2459.109619 76.636314 -5680.607910
v 2459.111572 76.678993 -5680.748535
v 2459.113525 76.693405 -5680.894531
v 2459.133789 76.678993 -5682.451172
v 2459.130371 75.794327 -5682.925293
v 2459.135498 75.921448 -5682.924805
v 2459.140137 75.923683 -5682.923828
v 2459.141846 75.922081 -5683.052734
v 2459.141846 75.943405 -5683.055176
v 2459.185059 75.943405 -5683.054199
v 2459.141602 76.089722 -5683.040527
v 2459.141113 76.230423 -5682.998047
v 2459.151123 75.794327 -5684.501953
v 2459.156006 75.901749 -5684.501953
v 2459.140137 76.360085 -5682.928711
v 2459.138916 76.473740 -5682.835449
v 2459.137451 76.567009 -5682.721680
v 2459.135742 76.636314 -5682.591797
v 2459.681885 76.567009 -5680.470703
v 2459.684570 76.636314 -5680.600098
v 2459.687012 76.678993 -5680.740723
v 2459.689209 76.693405 -5680.887207
v 2459.694092 76.690483 -5681.203125
v 2459.709961 76.678993 -5682.443848
v 2459.481934 76.089722 -5683.036133
v 2459.636963 76.166405 -5683.010742
v 2459.710205 76.212418 -5682.996094
v 2459.710205 76.230423 -5682.990234
v 2459.713135 76.208572 -5682.997070
v 2459.724854 76.216270 -5684.356934
v 2459.711182 76.360085 -5682.920898
v 2459.711426 76.473740 -5682.827637
v 2459.711426 76.567009 -5682.714355
v 2459.710938 76.636314 -5682.584473
v 2459.700684 77.609909 -5681.203125
v 2459.741943 77.609909 -5684.356934
v 2459.652832 79.548431 -5678.187012
v 2459.735596 79.548431 -5684.494141
v 2459.534912 75.343407 -5682.312012
v 2459.080566 75.343407 -5682.317871
v 2459.536377 75.354935 -5682.428711
v 2459.082275 75.354935 -5682.434570
v 2459.537842 75.389076 -5682.541504
v 2459.083740 75.389076 -5682.547363
v 2459.539307 75.444527 -5682.645020
v 2459.084961 75.444527 -5682.650879
v 2459.540527 75.519142 -5682.735840
v 2459.086182 75.519142 -5682.742188
v 2459.541504 75.610062 -5682.810547
v 2459.087158 75.610062 -5682.816406
v 2459.542236 75.713799 -5682.866211
v 2459.087891 75.713799 -5682.872070
v 2459.542725 75.826347 -5682.900391
v 2459.088379 75.826347 -5682.906250
v 2459.542725 75.943405 -5682.911621
v 2459.088379 75.943405 -5682.917480
v 2459.542725 76.060463 -5682.900391
v 2459.088379 76.060463 -5682.906250
v 2459.542236 76.173012 -5682.866211
v 2459.087891 76.173012 -5682.872070
v 2459.541504 76.276749 -5682.810547
v 2459.087158 76.276749 -5682.816406
v 2459.540527 76.367668 -5682.735840
v 2459.086182 76.367668 -5682.742188
v 2459.539307 76.442284 -5682.645020
v 2459.084961 76.442284 -5682.650879
v 2459.537842 76.497734 -5682.541504
v 2459.083740 76.497734 -5682.547363
v 2459.536377 76.531876 -5682.428711
v 2459.082275 76.531876 -5682.434570
v 2459.534912 76.543404 -5682.312012
v 2459.080566 76.543404 -5682.317871
v 2459.533447 76.531876 -5682.194824
v 2459.079102 76.531876 -5682.200684
v 2459.531982 76.497734 -5682.082031
v 2459.077637 76.497734 -5682.088379
v 2459.530518 76.442284 -5681.978516
v 2459.076172 76.442284 -5681.984375
v 2459.529297 76.367668 -5681.887695
v 2459.074951 76.367668 -5681.893555
v 2459.528320 76.276749 -5681.812988
v 2459.073975 76.276749 -5681.818848
v 2459.527588 76.173012 -5681.757324
v 2459.073486 76.173012 -5681.763672
v 2459.527344 76.060463 -5681.723145
v 2459.072998 76.060463 -5681.729492
v 2459.527100 75.943405 -5681.711914
v 2459.072754 75.943405 -5681.717773
v 2459.527344 75.826347 -5681.723145
v 2459.072998 75.826347 -5681.729492
v 2459.527588 75.713799 -5681.757324
v 2459.073486 75.713799 -5681.763672
v 2459.528320 75.610062 -5681.812988
v 2459.073975 75.610062 -5681.818848
v 2459.529297 75.519142 -5681.887695
v 2459.074951 75.519142 -5681.893555
v 2459.530518 75.444527 -5681.978516
v 2459.076172 75.444527 -5681.984375
v 2459.531982 75.389076 -5682.082031
v 2459.077637 75.389076 -5682.088379
v 2459.533447 75.354935 -5682.194824
v 2459.079102 75.354935 -5682.200684
v 2459.516357 75.343407 -5680.897949
v 2459.062012 75.343407 -5680.903809
v 2459.518066 75.354935 -5681.015137
v 2459.063721 75.354935 -5681.020996
v 2459.519531 75.389076 -5681.127441
v 2459.065186 75.389076 -5681.133789
v 2459.520752 75.444527 -5681.231445
v 2459.066406 75.444527 -5681.237305
v 2459.521973 75.519142 -5681.322266
v 2459.067627 75.519142 -5681.328125
v 2459.522949 75.610062 -5681.396973
v 2459.068604 75.610062 -5681.402832
v 2459.523682 75.713799 -5681.452148
v 2459.069336 75.713799 -5681.458496
v 2459.524170 75.826347 -5681.486328
v 2459.069824 75.826347 -5681.492188
v 2459.524170 75.943405 -5681.498047
v 2459.070068 75.943405 -5681.503906
v 2459.524170 76.060463 -5681.486328
v 2459.069824 76.060463 -5681.492188
v 2459.523682 76.173012 -5681.452148
v 2459.069336 76.173012 -5681.458496
v 2459.522949 76.276749 -5681.396973
v 2459.068604 76.276749 -5681.402832
v 2459.521973 76.367668 -5681.322266
v 2459.067627 76.367668 -5681.328125
v 2459.520752 76.442284 -5681.231445
v 2459.066406 76.442284 -5681.237305
v 2459.519531 76.497734 -5681.127441
v 2459.065186 76.497734 -5681.133789
v 2459.518066 76.531876 -5681.015137
v 2459.063721 76.531876 -5681.020996
v 2459.516357 76.543404 -5680.897949
v 2459.062012 76.543404 -5680.903809
v 2459.514893 76.531876 -5680.780762
v 2459.060547 76.531876 -5680.787109
v 2459.513428 76.497734 -5680.668457
v 2459.059082 76.497734 -5680.674316
v 2459.511963 76.442284 -5680.564941
v 2459.057861 76.442284 -5680.570801
v 2459.510742 76.367668 -5680.473633
v 2459.056641 76.367668 -5680.479980
v 2459.509766 76.276749 -5680.399414
v 2459.055664 76.276749 -5680.405273
v 2459.509277 76.173012 -5680.343750
v 2459.054932 76.173012 -5680.349609
v 2459.508789 76.060463 -5680.309570
v 2459.054443 76.060463 -5680.315430
v 2459.508545 75.943405 -5680.298340
v 2459.054199 75.943405 -5680.304199
v 2459.508789 75.826347 -5680.309570
v 2459.054443 75.826347 -5680.315430
v 2459.509277 75.713799 -5680.343750
v 2459.054932 75.713799 -5680.349609
v 2459.509766 75.610062 -5680.399414
v 2459.055664 75.610062 -5680.405273
v 2459.510742 75.519142 -5680.473633
v 2459.056641 75.519142 -5680.479980
v 2459.511963 75.444527 -5680.564941
v 2459.057861 75.444527 -5680.570801
v 2459.513428 75.389076 -5680.668457
v 2459.059082 75.389076 -5680.674316
v 2459.514893 75.354935 -5680.780762
v 2459.060547 75.354935 -5680.787109
v 2458.086914 77.107376 -5668.351074
v 2458.086914 75.808769 -5668.351074
v 2458.127197 75.808762 -5671.431641
v 2458.091797 78.544556 -5668.732422
v 2458.127197 78.544556 -5671.431641
v 2458.298584 75.795296 -5684.513184
v 2458.298584 79.548431 -5684.513184
v 2458.133301 79.548431 -5671.898926
v 2458.133301 75.795296 -5671.898926
v 2458.127197 77.107376 -5671.431641
v 2458.143066 75.808762 -5672.641113
v 2458.143066 76.388794 -5672.641113
v 2458.143066 77.107376 -5672.641113
v 2456.847168 75.343399 -5670.310547
v 2457.301514 75.343399 -5670.304688
v 2456.848877 75.354935 -5670.427734
v 2457.302979 75.354935 -5670.421387
v 2456.850342 75.389076 -5670.540039
v 2457.304688 75.389076 -5670.534180
v 2456.851562 75.444519 -5670.644043
v 2457.305908 75.444519 -5670.637695
v 2456.852783 75.519142 -5670.734863
v 2457.307129 75.519142 -5670.729004
v 2456.853760 75.610062 -5670.809570
v 2457.308105 75.610062 -5670.803223
v 2456.854492 75.713791 -5670.864746
v 2457.308838 75.713791 -5670.858887
v 2456.854980 75.826347 -5670.898926
v 2457.309326 75.826347 -5670.893066
v 2456.855225 75.943405 -5670.910645
v 2457.309326 75.943405 -5670.904297
v 2456.854980 76.060455 -5670.898926
v 2457.309326 76.060455 -5670.893066
v 2456.854492 76.173012 -5670.864746
v 2457.308838 76.173012 -5670.858887
v 2456.853760 76.276741 -5670.809570
v 2457.308105 76.276741 -5670.803223
v 2456.852783 76.367668 -5670.734863
v 2457.307129 76.367668 -5670.729004
v 2456.851562 76.442284 -5670.644043
v 2457.305908 76.442284 -5670.637695
v 2456.850342 76.497726 -5670.540039
v 2457.304688 76.497734 -5670.534180
v 2456.848877 76.531876 -5670.427734
v 2457.302979 76.531876 -5670.421387
v 2456.847168 76.543404 -5670.310547
v 2457.301514 76.543404 -5670.304688
v 2456.845703 76.531876 -5670.193359
v 2457.300049 76.531876 -5670.187500
v 2456.844238 76.497726 -5670.081055
v 2457.298584 76.497734 -5670.075195
v 2456.842773 76.442284 -5669.977051
v 2457.297119 76.442284 -5669.971191
v 2456.841797 76.367668 -5669.886230
v 2457.295898 76.367668 -5669.880371
v 2456.840820 76.276741 -5669.811523
v 2457.294922 76.276741 -5669.805664
v 2456.840088 76.173012 -5669.756348
v 2457.294189 76.173012 -5669.750488
v 2456.839600 76.060455 -5669.722168
v 2457.293945 76.060455 -5669.716309
v 2456.839355 75.943405 -5669.710449
v 2457.293701 75.943405 -5669.704590
v 2456.839600 75.826347 -5669.722168
v 2457.293945 75.826347 -5669.716309
v 2456.840088 75.713791 -5669.756348
v 2457.294189 75.713791 -5669.750488
v 2456.840820 75.610062 -5669.811523
v 2457.294922 75.610062 -5669.805664
v 2456.841797 75.519142 -5669.886230
v 2457.295898 75.519142 -5669.880371
v 2456.842773 75.444519 -5669.977051
v 2457.297119 75.444519 -5669.971191
v 2456.844238 75.389076 -5670.081055
v 2457.298584 75.389076 -5670.075195
v 2456.845703 75.354935 -5670.193359
v 2457.300049 75.354935 -5670.187500
v 2458.115723 75.808762 -5671.431641
v 2457.548340 75.808762 -5671.439453
v 2457.548340 76.388794 -5671.439453
v 2458.115723 77.107376 -5671.431641
v 2457.548340 77.107376 -5671.439453
v 2458.131592 75.808762 -5672.641113
v 2458.131592 76.388794 -5672.641113
v 2457.564209 75.808762 -5672.648438
v 2457.564209 76.388794 -5672.648438
v 2458.131592 77.107376 -5672.641113
v 2457.564209 77.107376 -5672.648438
v 2457.240479 75.797089 -5669.569336
v 2457.240479 75.797455 -5669.570312
v 2457.240479 75.808762 -5669.569336
v 2457.242188 75.893166 -5669.710938
v 2457.240967 75.933502 -5669.613281
v 2457.240234 75.943405 -5669.554688
v 2457.240234 75.942307 -5669.556152
v 2457.240234 75.943192 -5669.556152
v 2457.250732 75.824341 -5670.355469
v 2457.240479 76.089722 -5669.569336
v 2457.240967 76.230423 -5669.611816
v 2457.241943 76.360085 -5669.681152
v 2457.243164 76.473740 -5669.774414
v 2457.244629 76.567009 -5669.888184
v 2457.246338 76.636314 -5670.017578
v 2457.246338 76.636734 -5670.020508
v 2457.248047 76.678993 -5670.158203
v 2457.248291 76.678993 -5670.159668
v 2457.248291 76.678993 -5670.159668
v 2457.250000 76.693405 -5670.304688
v 2457.250000 76.693405 -5670.306152
v 2457.250000 76.693214 -5670.304199
v 2457.250000 76.693291 -5670.304688
v 2457.250000 76.693298 -5670.305176
v 2457.250000 76.693344 -5670.305176
v 2457.250000 76.693329 -5670.305176
v 2457.252930 75.853264 -5670.523438
v 2457.259766 75.808762 -5671.042480
v 2457.258545 75.943405 -5670.950684
v 2457.260010 75.943405 -5671.054688
v 2457.260010 75.943405 -5671.055664
v 2457.260010 75.943405 -5671.054688
v 2457.260010 75.943405 -5671.054688
v 2457.260010 75.943405 -5671.054688
v 2457.260010 75.943405 -5671.054688
v 2457.260010 75.943405 -5671.054688
v 2457.260010 75.943405 -5671.054688
v 2457.258301 76.072250 -5670.925781
v 2457.259766 76.089722 -5671.041504
v 2457.259277 76.224236 -5670.999023
v 2457.259033 76.230423 -5670.997559
v 2457.259277 76.229980 -5670.997559
v 2457.259033 76.230423 -5670.997559
v 2457.259277 76.228111 -5670.998047
v 2457.259033 76.231071 -5670.997070
v 2457.259033 76.231125 -5670.997070
v 2457.259277 76.230423 -5670.999023
v 2457.259033 76.239624 -5670.992676
v 2457.280762 75.794327 -5671.910156
v 2457.275879 75.901749 -5671.910156
v 2457.255371 76.349663 -5670.710938
v 2457.257080 76.465668 -5670.841797
v 2457.257080 76.473740 -5670.836426
v 2457.257080 76.475113 -5670.833496
v 2457.258301 76.360085 -5670.928223
v 2457.258301 76.360085 -5670.929688
v 2457.255615 76.567009 -5670.721191
v 2457.255615 76.567009 -5670.722656
v 2457.255615 76.567009 -5670.721191
v 2457.251953 76.635849 -5670.443848
v 2457.253906 76.636314 -5670.591797
v 2457.253906 76.636314 -5670.592773
v 2457.253906 76.635849 -5670.592285
v 2457.253906 76.636314 -5670.591797
v 2457.253906 76.634613 -5670.594727
v 2457.251953 76.678993 -5670.452148
v 2457.251953 76.678993 -5670.451172
v 2456.940674 75.808762 -5668.366211
v 2456.956543 75.797089 -5669.572754
v 2456.956543 75.797455 -5669.574219
v 2456.956543 75.808762 -5669.573242
v 2456.956299 75.943405 -5669.558594
v 2456.956543 76.089722 -5669.572754
v 2456.957031 76.230415 -5669.615723
v 2456.958008 76.360085 -5669.685059
v 2456.959229 76.473740 -5669.778320
v 2456.960693 76.567009 -5669.891602
v 2456.962402 76.636314 -5670.021484
v 2456.964355 76.678993 -5670.162109
v 2456.966064 76.693405 -5670.308594
v 2456.966064 76.693344 -5670.309082
v 2456.966064 76.693405 -5670.309570
v 2456.975830 75.808762 -5671.046387
v 2456.976074 75.943405 -5671.059570
v 2456.975830 76.089722 -5671.045410
v 2456.975342 76.230415 -5671.002441
v 2456.980957 75.808762 -5671.446777
v 2456.703369 76.216270 -5671.780273
v 2456.973145 76.473740 -5670.839844
v 2456.974365 76.360085 -5670.933105
v 2456.971680 76.567009 -5670.726074
v 2456.969971 76.636314 -5670.596680
v 2456.968018 76.678993 -5670.456055
v 2456.980957 76.388794 -5671.446777
v 2456.940674 77.107376 -5668.366211
v 2456.980957 77.107376 -5671.446777
v 2456.686279 77.609901 -5671.780273
v 2457.301270 75.794327 -5673.486816
v 2457.296387 75.901749 -5673.486816
v 2457.322021 75.794327 -5675.063477
v 2457.317139 75.901749 -5675.063477
v 2456.724121 76.216270 -5673.356934
v 2456.744629 76.216270 -5674.933594
v 2456.727539 77.609901 -5674.934082
v 2458.115723 78.544556 -5671.431641
v 2456.945801 78.544556 -5668.747070
v 2456.980957 78.544556 -5671.446777
v 2456.696289 79.548431 -5671.917480
v 2457.342773 75.794327 -5676.640137
v 2457.337891 75.901749 -5676.640625
v 2457.363281 75.794327 -5678.217285
v 2457.358398 75.901749 -5678.217285
v 2457.384033 75.794327 -5679.793945
v 2457.378906 75.921448 -5679.793945
v 2457.379395 75.923683 -5680.169434
v 2457.379150 75.943405 -5680.167480
v 2457.339355 75.943405 -5680.167969
v 2457.379395 76.089722 -5680.181641
v 2457.379883 76.230423 -5680.224609
v 2457.380859 76.360085 -5680.293945
v 2457.382080 76.473740 -5680.387207
v 2456.765381 76.216270 -5676.510742
v 2456.785889 76.216270 -5678.087402
v 2457.043945 76.089722 -5680.186035
v 2456.799561 76.207344 -5679.664062
v 2456.806885 76.207344 -5680.225098
v 2456.809082 76.210220 -5680.225586
v 2456.809082 76.230415 -5680.231934
v 2456.808838 76.360085 -5680.301270
v 2456.809082 76.473740 -5680.394531
v 2456.768799 77.609901 -5678.087402
v 2457.404541 75.794327 -5681.370605
v 2457.399414 75.921448 -5681.370605
v 2457.395020 75.923683 -5681.369629
v 2457.383545 76.567009 -5680.500488
v 2457.385254 76.636314 -5680.630371
v 2457.387207 76.678993 -5680.770996
v 2457.389160 76.693405 -5680.917480
v 2457.409424 76.678993 -5682.474121
v 2457.425293 75.794327 -5682.947266
v 2457.420166 75.921448 -5682.947266
v 2457.415527 75.923683 -5682.946289
v 2457.417236 75.922081 -5683.075684
v 2457.417480 75.943405 -5683.077637
v 2457.374023 75.943405 -5683.078125
v 2457.417236 76.089722 -5683.062988
v 2457.416504 76.230423 -5683.020508
v 2457.445801 75.794327 -5684.524414
v 2457.441162 75.901749 -5684.524414
v 2457.415771 76.360085 -5682.951172
v 2457.414551 76.473740 -5682.857910
v 2457.413086 76.567009 -5682.744141
v 2457.411377 76.636314 -5682.614746
v 2456.809570 76.567009 -5680.508301
v 2456.810547 76.636314 -5680.637695
v 2456.811768 76.678993 -5680.778320
v 2456.813232 76.693405 -5680.924805
v 2456.816650 76.690483 -5681.241211
v 2456.833496 76.678993 -5682.481445
v 2457.076660 76.089722 -5683.067383
v 2456.921143 76.166405 -5683.046387
v 2456.847656 76.212418 -5683.033203
v 2456.847412 76.230415 -5683.027832
v 2456.844727 76.208572 -5683.034668
v 2456.868652 76.216270 -5684.394531
v 2456.844727 76.360085 -5682.958496
v 2456.841797 76.473740 -5682.865234
v 2456.838867 76.567009 -5682.751953
v 2456.836182 76.636314 -5682.622070
v 2456.810059 77.609901 -5681.241211
v 2456.851318 77.609901 -5684.394531
v 2456.778809 79.548431 -5678.224609
v 2456.861572 79.548431 -5684.531738
v 2457.004883 75.343407 -5682.344727
v 2457.459229 75.343407 -5682.338867
v 2457.006348 75.354935 -5682.461914
v 2457.460693 75.354935 -5682.456055
v 2457.007812 75.389076 -5682.574707
v 2457.462158 75.389076 -5682.568359
v 2457.009277 75.444527 -5682.678223
v 2457.463623 75.444527 -5682.672363
v 2457.010498 75.519142 -5682.769043
v 2457.464844 75.519142 -5682.763184
v 2457.011475 75.610062 -5682.843750
v 2457.465820 75.610062 -5682.837891
v 2457.012207 75.713799 -5682.899414
v 2457.466553 75.713799 -5682.893066
v 2457.012695 75.826347 -5682.933594
v 2457.466797 75.826347 -5682.927246
v 2457.012695 75.943405 -5682.944824
v 2457.467041 75.943405 -5682.938965
v 2457.012695 76.060455 -5682.933594
v 2457.466797 76.060455 -5682.927246
v 2457.012207 76.173012 -5682.899414
v 2457.466553 76.173012 -5682.893066
v 2457.011475 76.276749 -5682.843750
v 2457.465820 76.276749 -5682.837891
v 2457.010498 76.367668 -5682.769043
v 2457.464844 76.367668 -5682.763184
v 2457.009277 76.442284 -5682.678223
v 2457.463623 76.442284 -5682.672363
v 2457.007812 76.497734 -5682.574707
v 2457.462158 76.497734 -5682.568359
v 2457.006348 76.531876 -5682.461914
v 2457.460693 76.531876 -5682.456055
v 2457.004883 76.543404 -5682.344727
v 2457.459229 76.543404 -5682.338867
v 2457.003418 76.531876 -5682.228027
v 2457.457764 76.531876 -5682.222168
v 2457.001953 76.497734 -5682.115234
v 2457.456055 76.497734 -5682.109375
v 2457.000488 76.442284 -5682.011719
v 2457.454834 76.442284 -5682.005859
v 2456.999268 76.367668 -5681.920898
v 2457.453613 76.367668 -5681.914551
v 2456.998291 76.276749 -5681.846191
v 2457.452637 76.276749 -5681.840332
v 2456.997559 76.173012 -5681.790527
v 2457.451904 76.173012 -5681.784668
v 2456.997070 76.060455 -5681.756348
v 2457.451416 76.060455 -5681.750488
v 2456.997070 75.943405 -5681.745117
v 2457.451416 75.943405 -5681.739258
v 2456.997070 75.826347 -5681.756348
v 2457.451416 75.826347 -5681.750488
v 2456.997559 75.713799 -5681.790527
v 2457.451904 75.713799 -5681.784668
v 2456.998291 75.610062 -5681.846191
v 2457.452637 75.610062 -5681.840332
v 2456.999268 75.519142 -5681.920898
v 2457.453613 75.519142 -5681.914551
v 2457.000488 75.444527 -5682.011719
v 2457.454834 75.444527 -5682.005859
v 2457.001953 75.389076 -5682.115234
v 2457.456055 75.389076 -5682.109375
v 2457.003418 75.354935 -5682.228027
v 2457.457764 75.354935 -5682.222168
v 2456.986328 75.343407 -5680.931152
v 2457.440674 75.343407 -5680.925293
v 2456.987793 75.354935 -5681.048340
v 2457.442139 75.354935 -5681.042480
v 2456.989258 75.389076 -5681.160645
v 2457.443604 75.389076 -5681.154785
v 2456.990723 75.444527 -5681.264648
v 2457.445068 75.444527 -5681.258789
v 2456.991943 75.519142 -5681.355469
v 2457.446289 75.519142 -5681.349609
v 2456.992920 75.610062 -5681.430176
v 2457.447266 75.610062 -5681.423828
v 2456.993652 75.713799 -5681.485352
v 2457.447998 75.713799 -5681.479492
v 2456.994141 75.826347 -5681.519531
v 2457.448486 75.826347 -5681.513672
v 2456.994141 75.943405 -5681.531250
v 2457.448486 75.943405 -5681.525391
v 2456.994141 76.060455 -5681.519531
v 2457.448486 76.060455 -5681.513672
v 2456.993652 76.173012 -5681.485352
v 2457.447998 76.173012 -5681.479492
v 2456.992920 76.276749 -5681.430176
v 2457.447266 76.276749 -5681.423828
v 2456.991943 76.367668 -5681.355469
v 2457.446289 76.367668 -5681.349609
v 2456.990723 76.442284 -5681.264648
v 2457.445068 76.442284 -5681.258789
v 2456.989258 76.497734 -5681.160645
v 2457.443604 76.497734 -5681.154785
v 2456.987793 76.531876 -5681.048340
v 2457.442139 76.531876 -5681.042480
v 2456.986328 76.543404 -5680.931152
v 2457.440674 76.543404 -5680.925293
v 2456.984863 76.531876 -5680.813965
v 2457.439209 76.531876 -5680.808105
v 2456.983398 76.497734 -5680.701660
v 2457.437744 76.497734 -5680.695801
v 2456.981934 76.442284 -5680.597656
v 2457.436279 76.442284 -5680.591797
v 2456.980713 76.367668 -5680.506836
v 2457.435059 76.367668 -5680.500977
v 2456.979736 76.276749 -5680.432129
v 2457.434082 76.276749 -5680.426270
v 2456.979004 76.173012 -5680.376953
v 2457.433350 76.173012 -5680.371094
v 2456.978760 76.060455 -5680.342773
v 2457.432861 76.060455 -5680.336914
v 2456.978516 75.943405 -5680.331055
v 2457.432861 75.943405 -5680.325195
v 2456.978760 75.826347 -5680.342773
v 2457.432861 75.826347 -5680.336914
v 2456.979004 75.713799 -5680.376953
v 2457.433350 75.713799 -5680.371094
v 2456.979736 75.610062 -5680.432129
v 2457.434082 75.610062 -5680.426270
v 2456.980713 75.519142 -5680.506836
v 2457.435059 75.519142 -5680.500977
v 2456.981934 75.444527 -5680.597656
v 2457.436279 75.444527 -5680.591797
v 2456.983398 75.389076 -5680.701660
v 2457.437744 75.389076 -5680.695801
v 2456.984863 75.354935 -5680.813965
v 2457.439209 75.354935 -5680.808105
vn 0.0013 -0.9952 -0.0980
vn 0.0038 -0.9569 -0.2903
vn 0.0062 -0.8819 -0.4714
vn 0.0083 -0.7730 -0.6343
vn 0.0101 -0.6344 -0.7729
vn 0.0115 -0.4714 -0.8818
vn 0.0125 -0.2903 -0.9569
vn 0.0130 -0.0980 -0.9951
vn 0.0130 0.0980 -0.9951
vn 0.0125 0.2903 -0.9569
vn 0.0115 0.4714 -0.8818
vn 0.0101 0.6344 -0.7729
vn 0.0083 0.7730 -0.6343
vn 0.0062 0.8819 -0.4714
vn 0.0038 0.9569 -0.2903
vn 0.0013 0.9952 -0.0980
vn -0.0013 0.9952 0.0980
vn -0.0038 0.9569 0.2903
vn -0.0062 0.8819 0.4714
vn -0.0083 0.7730 0.6343
vn -0.0101 0.6344 0.7729
vn -0.0115 0.4714 0.8818
vn -0.0125 0.2903 0.9569
vn -0.0130 0.0980 0.9951
vn -0.0130 -0.0980 0.9951
vn -0.0125 -0.2903 0.9569
vn -0.0115 -0.4714 0.8818
vn -0.0101 -0.6344 0.7729
vn -0.0083 -0.7730 0.6343
vn -0.0062 -0.8819 0.4714
vn -0.9999 -0.0000 -0.0131
vn -0.0038 -0.9569 0.2903
vn -0.0013 -0.9952 0.0980
vn 0.9999 -0.0000 0.0131
vn 0.0131 -0.0000 -0.9999
vn -0.0000 1.0000 -0.0000
vn 0.9990 -0.0423 0.0133
vn -0.0789 0.0078 0.9969
vn -0.0011 -1.0000 -0.0000
vn -0.0000 -1.0000 -0.0000
vn -0.0013 -0.9952 0.0981
vn 0.0116 -0.4714 -0.8818
vn 0.9999 -0.0000 0.0130
vn 0.9999 0.0043 0.0131
vn 0.9989 -0.0451 0.0131
vn 0.9998 -0.0123 0.0131
vn 0.9999 -0.0090 0.0120
vn 0.9999 -0.0088 0.0141
vn 0.9991 -0.0400 0.0131
vn 0.4435 -0.8962 0.0058
vn 0.4637 -0.8860 0.0041
vn 0.9990 -0.0423 0.0129
vn 0.4826 -0.8758 0.0063
vn 0.4652 -0.8852 0.0070
vn -0.0001 -1.0000 0.0093
vn 0.0130 0.0981 -0.9951
vn 0.0013 -0.9952 -0.0981
vn -0.0115 0.4714 0.8819
vn -0.0115 -0.4714 0.8819
vn 0.0789 -0.0078 -0.9969
vn -0.0131 -0.0000 0.9999
vn -0.0127 0.2563 0.9665
vn -0.9990 -0.0423 -0.0129
vn 0.0527 0.0078 0.9986
vn 0.0011 -1.0000 -0.0000
vn -1.0000 -0.0000 -0.0097
vn -0.9999 0.0043 -0.0131
vn -0.9989 -0.0451 -0.0131
vn -0.9998 -0.0123 -0.0131
vn -0.9999 -0.0090 -0.0142
vn -0.9999 -0.0088 -0.0121
vn -0.9991 -0.0400 -0.0131
vn -0.4435 -0.8962 -0.0058
vn -0.4636 -0.8860 -0.0080
vn -0.9990 -0.0423 -0.0133
vn -0.4826 -0.8758 -0.0063
vn -0.4652 -0.8852 -0.0051
vn -0.0527 -0.0078 -0.9986
vt 1.000000 0.500000
vt 1.000000 1.000000
vt 0.968750 1.000000
vt 0.968750 0.500000
vt 0.937500 1.000000
vt 0.937500 0.500000
vt 0.906250 1.000000
vt 0.906250 0.500000
vt 0.875000 1.000000
vt 0.875000 0.500000
vt 0.843750 1.000000
vt 0.843750 0.500000
vt 0.812500 1.000000
vt 0.812500 0.500000
vt 0.781250 1.000000
vt 0.781250 0.500000
vt 0.750000 1.000000
vt 0.750000 0.500000
vt 0.718750 1.000000
vt 0.718750 0.500000
vt 0.687500 1.000000
vt 0.687500 0.500000
vt 0.656250 1.000000
vt 0.656250 0.500000
vt 0.625000 1.000000
vt 0.625000 0.500000
vt 0.593750 1.000000
vt 0.593750 0.500000
vt 0.562500 1.000000
vt 0.562500 0.500000
vt 0.531250 1.000000
vt 0.531250 0.500000
vt 0.500000 1.000000
vt 0.500000 0.500000
vt 0.468750 1.000000
vt 0.468750 0.500000
vt 0.437500 1.000000
vt 0.437500 0.500000
vt 0.406250 1.000000
vt 0.406250 0.500000
vt 0.375000 1.000000
vt 0.375000 0.500000
vt 0.343750 1.000000
vt 0.343750 0.500000
vt 0.312500 1.000000
vt 0.312500 0.500000
vt 0.281250 1.000000
vt 0.281250 0.500000
vt 0.250000 1.000000
vt 0.250000 0.500000
vt 0.218750 1.000000
vt 0.218750 0.500000
vt 0.187500 1.000000
vt 0.187500 0.500000
vt 0.156250 1.000000
vt 0.156250 0.500000
vt 0.125000 1.000000
vt 0.125000 0.500000
vt 0.093750 1.000000
vt 0.093750 0.500000
vt 0.062500 1.000000
vt 0.062500 0.500000
vt 0.296822 0.485388
vt 0.250000 0.490000
vt 0.203178 0.485388
vt 0.158156 0.471731
vt 0.116663 0.449553
vt 0.080294 0.419706
vt 0.050447 0.383337
vt 0.028269 0.341844
vt 0.014612 0.296822
vt 0.010000 0.250000
vt 0.014612 0.203178
vt 0.028269 0.158156
vt 0.050447 0.116663
vt 0.080294 0.080294
vt 0.116663 0.050447
vt 0.158156 0.028269
vt 0.203178 0.014612
vt 0.250000 0.010000
vt 0.296822 0.014612
vt 0.341844 0.028269
vt 0.383337 0.050447
vt 0.419706 0.080294
vt 0.449553 0.116663
vt 0.471731 0.158156
vt 0.485388 0.203178
vt 0.490000 0.250000
vt 0.485388 0.296822
vt 0.471731 0.341844
vt 0.449553 0.383337
vt 0.419706 0.419706
vt 0.383337 0.449553
vt 0.341844 0.471731
vt 0.031250 1.000000
vt 0.031250 0.500000
vt 0.000000 1.000000
vt 0.000000 0.500000
vt 0.750000 0.490000
vt 0.796822 0.485388
vt 0.841844 0.471731
vt 0.883337 0.449553
vt 0.919706 0.419706
vt 0.949553 0.383337
vt 0.971731 0.341844
vt 0.985388 0.296822
vt 0.990000 0.250000
vt 0.985388 0.203178
vt 0.971731 0.158156
vt 0.949553 0.116663
vt 0.919706 0.080294
vt 0.883337 0.050447
vt 0.841844 0.028269
vt 0.796822 0.014612
vt 0.750000 0.010000
vt 0.703178 0.014612
vt 0.658156 0.028269
vt 0.616663 0.050447
vt 0.580294 0.080294
vt 0.550447 0.116663
vt 0.528269 0.158156
vt 0.514612 0.203178
vt 0.510000 0.250000
vt 0.514612 0.296822
vt 0.528269 0.341844
vt 0.550447 0.383337
vt 0.580294 0.419706
vt 0.616663 0.449553
vt 0.658156 0.471731
vt 0.703178 0.485388
vt 0.500000 0.437500
vt 0.500000 0.375000
vt 0.625000 0.375000
vt 0.751251 0.750000
vt 0.625000 0.750000
vt 0.751251 0.500000
vt 0.406250 0.531250
vt 0.375000 0.531250
vt 0.625000 0.857225
vt 0.375000 0.827061
vt 0.375000 0.750000
vt 0.406250 0.750000
vt 0.437500 0.750000
vt 0.500000 0.750000
vt 0.297939 0.750000
vt 0.297939 0.500000
vt 0.375000 0.562500
vt 0.375000 0.593750
vt 0.375000 0.625000
vt 0.375000 0.656250
vt 0.375000 0.687500
vt 0.375000 0.718750
vt 0.732226 0.500000
vt 0.732226 0.750000
vt 0.625000 0.625000
vt 0.437500 0.437500
vt 0.500000 0.373749
vt 0.625000 0.373749
vt 0.375000 0.437500
vt 0.437500 0.373749
vt 0.437500 0.375000
vt 0.375000 0.373749
vt 0.375000 0.375000
vt 0.687597 1.000000
vt 0.687342 1.000000
vt 0.624539 1.000000
vt 0.500000 0.687513
vt 0.500131 1.000000
vt 0.500131 0.687513
vt 0.468750 0.687513
vt 0.437500 0.687513
vt 0.406250 0.687513
vt 0.375000 0.687513
vt 0.343750 0.687513
vt 0.312500 0.687514
vt 0.281250 0.687514
vt 0.250000 0.687514
vt 0.218750 0.687514
vt 0.217875 1.000000
vt 0.217875 0.687514
vt 0.471774 0.158296
vt 0.471619 0.157946
vt 0.471580 0.157934
vt 0.471819 0.158911
vt 0.472125 0.160160
vt 0.421825 0.082877
vt 0.470156 0.155210
vt 0.250038 0.010041
vt 0.249852 0.010065
vt 0.158994 0.028144
vt 0.203572 0.014615
vt 0.250130 0.010027
vt 0.250197 0.010019
vt 0.014994 0.298082
vt 0.014637 0.293760
vt 0.010428 0.250473
vt 0.010408 0.250188
vt 0.028663 0.259836
vt 0.060046 0.289859
vt 0.266176 0.330862
vt 0.320035 0.318379
vt 0.456779 0.261368
vt 0.448770 0.215255
vt 0.380002 0.124831
vt 0.294469 0.029395
vt 0.250085 0.010037
vt 0.342070 0.028422
vt 0.342784 0.028818
vt 0.419169 0.079854
vt 0.500000 0.625000
vt 0.500000 0.562500
vt 0.500000 0.687500
vt 0.406250 0.656250
vt 0.406250 0.625000
vt 0.437500 0.687500
vt 0.437500 0.656250
vt 0.437500 0.625000
vt 0.437500 0.718750
vt 0.406250 0.718750
vt 0.406250 0.687500
vt 0.459029 0.562500
vt 0.458486 0.537915
vt 0.456578 0.535127
vt 0.453482 0.532557
vt 0.449320 0.530305
vt 0.444252 0.528457
vt 0.438470 0.527083
vt 0.437667 0.526975
vt 0.437500 0.526952
vt 0.437500 0.593750
vt 0.437500 0.582636
vt 0.437625 0.582619
vt 0.438524 0.582497
vt 0.444296 0.581124
vt 0.449357 0.579275
vt 0.453513 0.577023
vt 0.456603 0.574453
vt 0.458507 0.571665
vt 0.459152 0.568765
vt 0.406250 0.593750
vt 0.406250 0.562500
vt 0.406494 0.562500
vt 0.406494 0.586290
vt 0.408650 0.586141
vt 0.424643 0.584462
vt 0.408846 0.528448
vt 0.406495 0.528694
vt 0.406494 0.531250
vt 0.433327 0.527062
vt 0.424923 0.527333
vt 0.754555 1.000000
vt 0.750000 0.976717
vt 0.718750 0.817375
vt 0.718750 0.817374
vt 0.701719 0.734082
vt 0.692352 0.693077
vt 0.691498 0.694724
vt 0.687500 0.694599
vt 0.656250 0.693658
vt 0.625000 0.692793
vt 0.593750 0.692037
vt 0.562500 0.691421
vt 0.531250 0.690966
vt 0.506347 0.690700
vt 0.500000 0.691076
vt 0.468750 0.691310
vt 0.437500 0.691646
vt 0.406250 0.692070
vt 0.375000 0.692566
vt 0.343750 0.693115
vt 0.312500 0.693697
vt 0.281250 0.820034
vt 0.308013 0.693781
vt 0.307375 0.692551
vt 0.281250 0.820035
vt 0.250000 0.978620
vt 0.245787 1.000000
vt 0.010622 0.256313
vt 0.263607 0.488660
vt 0.448055 0.114838
vt 0.489328 0.243174
vt 0.196256 0.689441
vt 0.500256 0.687492
vt 0.531473 0.687435
vt 0.562653 0.687363
vt 0.593789 0.687275
vt 0.624871 0.687174
vt 0.655887 0.687059
vt 0.686821 0.686931
vt 0.717625 0.686777
vt 0.747821 0.686409
vt 0.375000 0.532493
vt 0.778756 1.000000
vt 0.778756 0.687514
vt 0.750000 0.687514
vt 0.718750 0.687513
vt 0.687500 0.687513
vt 0.656250 0.687513
vt 0.625000 0.687513
vt 0.593750 0.687513
vt 0.562500 0.687513
vt 0.531250 0.687513
vt 0.499824 1.000000
vt 0.499869 1.000000
vt 0.499869 0.687513
vt 0.437808 1.000000
vt 0.221244 0.687514
vt 0.221244 1.000000
vt 0.218827 1.000000
vt 0.218827 0.687514
vt 0.158600 0.028134
vt 0.249458 0.010061
vt 0.249644 0.010038
vt 0.249691 0.010035
vt 0.249737 0.010026
vt 0.418775 0.079854
vt 0.342390 0.028815
vt 0.471187 0.157930
vt 0.471225 0.157946
vt 0.471337 0.158156
vt 0.471380 0.158296
vt 0.489606 0.250000
vt 0.471731 0.160136
vt 0.471425 0.158895
vt 0.379609 0.119998
vt 0.448376 0.208770
vt 0.456385 0.250000
vt 0.319641 0.278847
vt 0.265782 0.288101
vt 0.059653 0.266077
vt 0.028269 0.253169
vt 0.010014 0.250069
vt 0.010035 0.250351
vt 0.014244 0.293085
vt 0.485756 0.293085
vt 0.449159 0.116663
vt 0.469762 0.155210
vt 0.341676 0.028420
vt 0.294075 0.028420
vt 0.421431 0.082877
vt 0.249803 0.010019
vt 0.296428 0.014612
vt 0.341450 0.028269
vt 0.382943 0.050447
vt 0.375000 0.422939
vt 0.625000 0.392774
vt 0.248749 0.500000
vt 0.343724 0.652061
vt 0.375000 0.652061
vt 0.248749 0.750000
vt 0.343724 0.532493
vt 0.500000 0.876251
vt 0.375000 0.876251
vt 0.625000 0.876251
s 0
f 3061/1417/303 3062/1418/303 3064/1419/303 3063/1420/303
f 3063/1420/304 3064/1419/304 3066/1421/304 3065/1422/304
f 3065/1422/305 3066/1421/305 3068/1423/305 3067/1424/305
f 3067/1424/306 3068/1423/306 3070/1425/306 3069/1426/306
f 3069/1426/307 3070/1425/307 3072/1427/307 3071/1428/307
f 3071/1428/308 3072/1427/308 3074/1429/308 3073/1430/308
f 3073/1430/309 3074/1429/309 3076/1431/309 3075/1432/309
f 3075/1432/310 3076/1431/310 3078/1433/310 3077/1434/310
f 3077/1434/311 3078/1433/311 3080/1435/311 3079/1436/311
f 3079/1436/312 3080/1435/312 3082/1437/312 3081/1438/312
f 3081/1438/313 3082/1437/313 3084/1439/313 3083/1440/313
f 3083/1440/314 3084/1439/314 3086/1441/314 3085/1442/314
f 3085/1442/315 3086/1441/315 3088/1443/315 3087/1444/315
f 3087/1444/316 3088/1443/316 3090/1445/316 3089/1446/316
f 3089/1446/317 3090/1445/317 3092/1447/317 3091/1448/317
f 3091/1448/318 3092/1447/318 3094/1449/318 3093/1450/318
f 3093/1450/319 3094/1449/319 3096/1451/319 3095/1452/319
f 3095/1452/320 3096/1451/320 3098/1453/320 3097/1454/320
f 3097/1454/321 3098/1453/321 3100/1455/321 3099/1456/321
f 3099/1456/322 3100/1455/322 3102/1457/322 3101/1458/322
f 3101/1458/323 3102/1457/323 3104/1459/323 3103/1460/323
f 3103/1460/324 3104/1459/324 3106/1461/324 3105/1462/324
f 3105/1462/325 3106/1461/325 3108/1463/325 3107/1464/325
f 3107/1464/326 3108/1463/326 3110/1465/326 3109/1466/326
f 3109/1466/327 3110/1465/327 3112/1467/327 3111/1468/327
f 3111/1468/328 3112/1467/328 3114/1469/328 3113/1470/328
f 3113/1470/329 3114/1469/329 3116/1471/329 3115/1472/329
f 3115/1472/330 3116/1471/330 3118/1473/330 3117/1474/330
f 3117/1474/331 3118/1473/331 3120/1475/331 3119/1476/331
f 3119/1476/332 3120/1475/332 3122/1477/332 3121/1478/332
f 3064/1479/333 3062/1480/333 3124/1481/333 3122/1482/333 3120/1483/333 3118/1484/333 3116/1485/333 3114/1486/333 3112/1487/333 3110/1488/333 3108/1489/333 3106/1490/333 3104/1491/333 3102/1492/333 3100/1493/333 3098/1494/333 3096/1495/333 3094/1496/333 3092/1497/333 3090/1498/333 3088/1499/333 3086/1500/333 3084/1501/333 3082/1502/333 3080/1503/333 3078/1504/333 3076/1505/333 3074/1506/333 3072/1507/333 3070/1508/333 3068/1509/333 3066/1510/333
f 3121/1478/334 3122/1477/334 3124/1511/334 3123/1512/334
f 3123/1512/335 3124/1511/335 3062/1513/335 3061/1514/335
f 3061/1515/336 3063/1516/336 3065/1517/336 3067/1518/336 3069/1519/336 3071/1520/336 3073/1521/336 3075/1522/336 3077/1523/336 3079/1524/336 3081/1525/336 3083/1526/336 3085/1527/336 3087/1528/336 3089/1529/336 3091/1530/336 3093/1531/336 3095/1532/336 3097/1533/336 3099/1534/336 3101/1535/336 3103/1536/336 3105/1537/336 3107/1538/336 3109/1539/336 3111/1540/336 3113/1541/336 3115/1542/336 3117/1543/336 3119/1544/336 3121/1545/336 3123/1546/336
f 3231/1450/337 3129/1547/337 3128/1548/337 3240/1549/337 3242/1442/337
f 3440/1550/338 3241/1551/338 3242/1442/338 3240/1434/338 3441/1552/338
f 3276/1553/339 3275/1554/339 3283/1458/339 3284/1456/339
f 3444/1555/340 3445/1556/340 3184/1557/340 3185/1558/340 3223/1559/340 3232/1560/340 3243/1551/340
f 3445/1561/341 3442/1562/341 3283/1458/341 3275/1554/341 3267/1563/341 3248/1564/341 3246/1565/341 3244/1566/341 3235/1567/341 3233/1568/341 3184/1557/341
f 3443/1569/338 3444/1570/338 3243/1551/338 3307/1571/338 3308/1442/338
f 3231/1450/337 3229/1454/337 3127/1572/337 3129/1547/337
f 3446/1573/337 3441/1574/337 3240/1549/337 3128/1548/337
f 3126/1575/337 3127/1572/337 3229/1454/337 3222/1458/337
f 3129/1547/336 3127/1572/336 3133/1572/336 3135/1547/336
f 3448/1576/337 3449/1573/337 3134/1548/337 3131/1577/337
f 3447/1578/337 3448/1576/337 3131/1577/337 3130/1579/337
f 3133/1572/337 3132/1575/337 3130/1579/337 3131/1577/337
f 3135/1547/337 3133/1572/337 3131/1577/337 3134/1548/337
f 3126/1462/342 3125/1466/342 3130/1466/342 3132/1462/342
f 3135/1547/338 3134/1548/338 3128/1548/338 3129/1547/338
f 3127/1572/336 3126/1575/336 3132/1575/336 3133/1572/336
f 3176/1437/333 3177/1580/333 3178/1437/333
f 3176/1437/333 3178/1437/333 3180/1581/333
f 3192/1443/333 3189/1582/333 3194/1443/333
f 3199/1445/333 3196/1445/333 3192/1443/333 3194/1443/333
f 3196/1445/333 3199/1445/333 3202/1447/333
f 3215/1583/343 3155/1449/343 3160/1584/343 3216/1585/343
f 3214/1586/303 3152/1451/303 3155/1449/303 3215/1583/303
f 3213/1587/304 3150/1453/304 3152/1451/304 3214/1586/304
f 3149/1455/305 3150/1453/305 3213/1587/305 3212/1588/305
f 3148/1457/306 3149/1455/306 3212/1588/306 3211/1589/306
f 3147/1459/307 3148/1457/307 3211/1589/307 3210/1590/307
f 3209/1591/344 3146/1461/344 3147/1459/344 3210/1590/344
f 3208/1592/309 3145/1463/309 3146/1461/309 3209/1591/309
f 3141/1465/310 3145/1463/310 3208/1592/310 3207/1593/310
f 3136/1467/311 3141/1465/311 3207/1593/311 3204/1594/311
f 3137/1595/320 3136/1467/320 3204/1594/320 3205/1596/320
f 3171/1504/345 3172/1504/345 3167/1504/345 3168/1504/345 3169/1504/345 3165/1504/345 3170/1504/345 3177/1597/345 3176/1502/345 3180/1598/345 3181/1599/345 3179/1600/345 3175/1601/345
f 3190/1501/336 3187/1602/336 3183/1603/336
f 3158/1604/336 3157/1605/336 3151/1606/336 3154/1607/336 3161/1608/336 3160/1609/336 3155/1496/336 3152/1495/336 3150/1494/336 3149/1493/336 3148/1492/336 3147/1491/336 3146/1490/336 3145/1489/336 3141/1488/336 3136/1487/336 3137/1610/336 3138/1611/336 3142/1612/336 3143/1613/336 3140/1614/336 3139/1615/336 3144/1616/336 3162/1617/336 3164/1618/336 3173/1619/336 3186/1620/336 3195/1621/336
f 3161/1608/336 3159/1622/336 3158/1604/336 3195/1621/336 3198/1623/336 3200/1624/336 3189/1625/336 3192/1499/336 3196/1498/336 3202/1497/336 3160/1609/336
f 3266/1626/346 3305/1627/346 3306/1450/346 3308/1442/346 3307/1571/346
f 3232/1560/346 3239/1628/346 3266/1626/346 3307/1571/346 3243/1551/346
f 3245/1629/347 3244/1566/347 3246/1565/347 3247/1630/347
f 3238/1631/348 3257/1632/348 3258/1633/348 3266/1626/348 3239/1628/348
f 3223/1559/348 3237/1634/348 3238/1631/348 3239/1628/348 3232/1560/348
f 3234/1635/347 3233/1568/347 3235/1567/347 3236/1636/347
f 3293/1637/349 3294/1638/349 3304/1639/349 3303/1640/349 3302/1641/349 3301/1642/349 3298/1643/349 3297/1644/349 3299/1645/349 3300/1454/349 3306/1450/349 3305/1627/349
f 3258/1633/350 3260/1646/350 3261/1647/350 3262/1648/350 3263/1649/350 3264/1650/350 3265/1651/350 3289/1652/350 3290/1653/350 3291/1654/350 3292/1655/350 3293/1637/350 3305/1627/350 3266/1626/350
f 3249/1656/351 3248/1564/351 3267/1563/351 3268/1657/351
f 3249/1656/352 3268/1657/352 3269/1658/352 3250/1659/352 3252/1660/352 3259/1661/352 3261/1647/352 3260/1646/352
f 3258/1633/353 3247/1630/353 3249/1656/353 3260/1646/353
f 3247/1630/354 3246/1565/354 3248/1564/354 3249/1656/354
f 3237/1634/355 3234/1635/355 3236/1636/355 3238/1631/355
f 3223/1559/355 3185/1558/355 3234/1635/355 3237/1634/355
f 3185/1558/347 3184/1557/347 3233/1568/347 3234/1635/347
f 3257/1632/355 3245/1629/355 3247/1630/355 3258/1633/355
f 3238/1631/355 3236/1636/355 3245/1629/355 3257/1632/355
f 3236/1636/347 3235/1567/347 3244/1566/347 3245/1629/347
f 3280/1662/356 3278/1663/356 3277/1664/356 3276/1553/356 3284/1456/356 3300/1454/356 3299/1645/356 3296/1665/356 3295/1666/356
f 3277/1664/352 3269/1658/352 3268/1657/352 3276/1553/352
f 3268/1657/351 3267/1563/351 3275/1554/351 3276/1553/351
f 3278/1667/326 3280/1668/326 3279/1433/326
f 3281/1435/327 3279/1433/327 3280/1668/327 3295/1669/327
f 3282/1437/328 3281/1435/328 3295/1670/328 3296/1671/328 3299/1672/328 3297/1673/328 3298/1674/328
f 3285/1439/329 3282/1437/329 3298/1674/329 3301/1675/329
f 3286/1441/330 3285/1439/330 3301/1675/330 3302/1676/330
f 3287/1443/331 3286/1441/331 3302/1676/331 3303/1677/331
f 3304/1678/332 3288/1445/332 3287/1443/332 3303/1677/332
f 3294/1679/334 3274/1447/334 3288/1445/334 3304/1678/334
f 3273/1449/357 3274/1447/357 3294/1679/357 3293/1680/357 3292/1681/357
f 3272/1451/303 3273/1449/303 3292/1681/303 3291/1682/303
f 3271/1453/304 3272/1451/304 3291/1682/304 3290/1683/304
f 3270/1455/305 3271/1453/305 3290/1683/305 3289/1684/305
f 3256/1457/306 3270/1455/306 3289/1684/306 3265/1685/306
f 3255/1459/307 3256/1457/307 3265/1685/307 3264/1686/307
f 3254/1461/308 3255/1459/308 3264/1686/308 3263/1687/308
f 3259/1688/309 3253/1463/309 3254/1461/309 3263/1687/309 3262/1689/309 3261/1690/309
f 3259/1691/310 3252/1692/310 3251/1465/310 3253/1463/310
f 3250/1693/358 3251/1465/358 3252/1692/358
f 3273/1480/336 3272/1481/336 3271/1482/336 3270/1483/336 3256/1484/336 3255/1485/336 3254/1486/336 3253/1487/336 3251/1488/336 3250/1694/336 3269/1695/336 3277/1696/336 3278/1697/336 3279/1504/336 3281/1503/336 3282/1502/336 3285/1501/336 3286/1500/336 3287/1499/336 3288/1510/336 3274/1479/336
f 3203/1557/336 3206/1698/336 3205/1596/336 3204/1594/336 3207/1593/336 3208/1592/336 3209/1591/336 3210/1590/336 3211/1589/336 3212/1588/336 3213/1587/336 3214/1586/336 3215/1583/336 3216/1585/336 3217/1699/336 3228/1700/336 3227/1701/336 3226/1702/336 3224/1703/336 3225/1704/336 3221/1705/336 3220/1706/336 3219/1707/336 3218/1708/336 3222/1458/336 3229/1454/336 3231/1450/336 3242/1442/336 3241/1551/336 3230/1560/336
f 3166/1433/326 3163/1709/326 3218/1710/326 3219/1711/326
f 3174/1435/327 3166/1433/327 3219/1711/327 3220/1712/327
f 3221/1713/328 3182/1437/328 3174/1435/328 3220/1712/328
f 3225/1714/329 3191/1439/329 3182/1437/329 3221/1713/329
f 3188/1441/330 3191/1439/330 3225/1714/330 3224/1715/330
f 3193/1443/331 3188/1441/331 3224/1715/331 3226/1716/331
f 3197/1445/332 3193/1443/332 3226/1716/332 3227/1717/332
f 3228/1718/334 3201/1447/334 3197/1445/334 3227/1717/334
f 3217/1583/335 3156/1449/335 3201/1447/335 3228/1718/335
f 3153/1451/333 3161/1719/333 3154/1451/333
f 3160/1720/359 3156/1449/359 3217/1583/359 3216/1721/359
f 3153/1451/333 3154/1451/333 3151/1722/333
f 3206/1723/327 3138/1724/327 3137/1725/327 3205/1726/327
f 3153/1495/336 3151/1727/336 3157/1728/336 3158/1729/336 3159/1730/336 3161/1731/336
f 3189/1732/336 3200/1733/336 3181/1734/336 3180/1735/336 3178/1736/336 3177/1737/336 3170/1738/336 3165/1738/336 3169/1738/336 3168/1738/336 3167/1738/336 3172/1738/336 3171/1738/336 3175/1739/336 3179/1740/336 3186/1741/336 3173/1742/336 3164/1743/336 3162/1744/336 3144/1745/336 3139/1746/336 3140/1747/336 3143/1748/336 3142/1749/336 3138/1750/336 3163/1751/336 3166/1504/336 3174/1503/336 3182/1502/336 3191/1501/336 3190/1752/336 3183/1753/336
f 3179/1740/336 3181/1734/336 3200/1733/336 3198/1754/336 3195/1755/336 3186/1741/336
f 3189/1732/336 3183/1753/336 3187/1756/336 3190/1752/336 3191/1501/336 3188/1500/336 3193/1499/336 3197/1498/336 3201/1497/336 3156/1496/336 3160/1757/336 3202/1758/336 3199/1759/336 3194/1760/336
f 3309/1417/303 3310/1418/303 3312/1419/303 3311/1420/303
f 3311/1420/304 3312/1419/304 3314/1421/304 3313/1422/304
f 3313/1422/305 3314/1421/305 3316/1423/305 3315/1424/305
f 3315/1424/306 3316/1423/306 3318/1425/306 3317/1426/306
f 3317/1426/307 3318/1425/307 3320/1427/307 3319/1428/307
f 3319/1428/308 3320/1427/308 3322/1429/308 3321/1430/308
f 3321/1430/309 3322/1429/309 3324/1431/309 3323/1432/309
f 3323/1432/310 3324/1431/310 3326/1433/310 3325/1434/310
f 3325/1434/311 3326/1433/311 3328/1435/311 3327/1436/311
f 3327/1436/312 3328/1435/312 3330/1437/312 3329/1438/312
f 3329/1438/313 3330/1437/313 3332/1439/313 3331/1440/313
f 3331/1440/314 3332/1439/314 3334/1441/314 3333/1442/314
f 3333/1442/315 3334/1441/315 3336/1443/315 3335/1444/315
f 3335/1444/316 3336/1443/316 3338/1445/316 3337/1446/316
f 3337/1446/317 3338/1445/317 3340/1447/317 3339/1448/317
f 3339/1448/318 3340/1447/318 3342/1449/318 3341/1450/318
f 3341/1450/319 3342/1449/319 3344/1451/319 3343/1452/319
f 3343/1452/320 3344/1451/320 3346/1453/320 3345/1454/320
f 3345/1454/321 3346/1453/321 3348/1455/321 3347/1456/321
f 3347/1456/322 3348/1455/322 3350/1457/322 3349/1458/322
f 3349/1458/323 3350/1457/323 3352/1459/323 3351/1460/323
f 3351/1460/360 3352/1459/360 3354/1461/360 3353/1462/360
f 3353/1462/325 3354/1461/325 3356/1463/325 3355/1464/325
f 3355/1464/326 3356/1463/326 3358/1465/326 3357/1466/326
f 3357/1466/327 3358/1465/327 3360/1467/327 3359/1468/327
f 3359/1468/328 3360/1467/328 3362/1469/328 3361/1470/328
f 3361/1470/361 3362/1469/361 3364/1471/361 3363/1472/361
f 3363/1472/330 3364/1471/330 3366/1473/330 3365/1474/330
f 3365/1474/331 3366/1473/331 3368/1475/331 3367/1476/331
f 3367/1476/332 3368/1475/332 3370/1477/332 3369/1478/332
f 3312/1479/333 3310/1480/333 3372/1481/333 3370/1482/333 3368/1483/333 3366/1484/333 3364/1485/333 3362/1486/333 3360/1487/333 3358/1488/333 3356/1489/333 3354/1490/333 3352/1491/333 3350/1492/333 3348/1493/333 3346/1494/333 3344/1495/333 3342/1496/333 3340/1497/333 3338/1498/333 3336/1499/333 3334/1500/333 3332/1501/333 3330/1502/333 3328/1503/333 3326/1504/333 3324/1505/333 3322/1506/333 3320/1507/333 3318/1508/333 3316/1509/333 3314/1510/333
f 3369/1478/334 3370/1477/334 3372/1511/334 3371/1512/334
f 3371/1512/335 3372/1511/335 3310/1513/335 3309/1514/335
f 3309/1515/336 3311/1516/336 3313/1517/336 3315/1518/336 3317/1519/336 3319/1520/336 3321/1521/336 3323/1522/336 3325/1523/336 3327/1524/336 3329/1525/336 3331/1526/336 3333/1527/336 3335/1528/336 3337/1529/336 3339/1530/336 3341/1531/336 3343/1532/336 3345/1533/336 3347/1534/336 3349/1535/336 3351/1536/336 3353/1537/336 3355/1538/336 3357/1539/336 3359/1540/336 3361/1541/336 3363/1542/336 3365/1543/336 3367/1544/336 3369/1545/336 3371/1546/336
f 3373/1417/303 3374/1418/303 3376/1419/303 3375/1420/303
f 3375/1420/304 3376/1419/304 3378/1421/304 3377/1422/304
f 3377/1422/305 3378/1421/305 3380/1423/305 3379/1424/305
f 3379/1424/306 3380/1423/306 3382/1425/306 3381/1426/306
f 3381/1426/307 3382/1425/307 3384/1427/307 3383/1428/307
f 3383/1428/308 3384/1427/308 3386/1429/308 3385/1430/308
f 3385/1430/309 3386/1429/309 3388/1431/309 3387/1432/309
f 3387/1432/310 3388/1431/310 3390/1433/310 3389/1434/310
f 3389/1434/311 3390/1433/311 3392/1435/311 3391/1436/311
f 3391/1436/312 3392/1435/312 3394/1437/312 3393/1438/312
f 3393/1438/313 3394/1437/313 3396/1439/313 3395/1440/313
f 3395/1440/314 3396/1439/314 3398/1441/314 3397/1442/314
f 3397/1442/315 3398/1441/315 3400/1443/315 3399/1444/315
f 3399/1444/316 3400/1443/316 3402/1445/316 3401/1446/316
f 3401/1446/317 3402/1445/317 3404/1447/317 3403/1448/317
f 3403/1448/318 3404/1447/318 3406/1449/318 3405/1450/318
f 3405/1450/319 3406/1449/319 3408/1451/319 3407/1452/319
f 3407/1452/320 3408/1451/320 3410/1453/320 3409/1454/320
f 3409/1454/321 3410/1453/321 3412/1455/321 3411/1456/321
f 3411/1456/322 3412/1455/322 3414/1457/322 3413/1458/322
f 3413/1458/323 3414/1457/323 3416/1459/323 3415/1460/323
f 3415/1460/324 3416/1459/324 3418/1461/324 3417/1462/324
f 3417/1462/325 3418/1461/325 3420/1463/325 3419/1464/325
f 3419/1464/326 3420/1463/326 3422/1465/326 3421/1466/326
f 3421/1466/327 3422/1465/327 3424/1467/327 3423/1468/327
f 3423/1468/328 3424/1467/328 3426/1469/328 3425/1470/328
f 3425/1470/329 3426/1469/329 3428/1471/329 3427/1472/329
f 3427/1472/330 3428/1471/330 3430/1473/330 3429/1474/330
f 3429/1474/331 3430/1473/331 3432/1475/331 3431/1476/331
f 3431/1476/332 3432/1475/332 3434/1477/332 3433/1478/332
f 3376/1479/333 3374/1480/333 3436/1481/333 3434/1482/333 3432/1483/333 3430/1484/333 3428/1485/333 3426/1486/333 3424/1487/333 3422/1488/333 3420/1489/333 3418/1490/333 3416/1491/333 3414/1492/333 3412/1493/333 3410/1494/333 3408/1495/333 3406/1496/333 3404/1497/333 3402/1498/333 3400/1499/333 3398/1500/333 3396/1501/333 3394/1502/333 3392/1503/333 3390/1504/333 3388/1505/333 3386/1506/333 3384/1507/333 3382/1508/333 3380/1509/333 3378/1510/333
f 3433/1478/334 3434/1477/334 3436/1511/334 3435/1512/334
f 3435/1512/335 3436/1511/335 3374/1513/335 3373/1514/335
f 3373/1515/336 3375/1516/336 3377/1517/336 3379/1518/336 3381/1519/336 3383/1520/336 3385/1521/336 3387/1522/336 3389/1523/336 3391/1524/336 3393/1525/336 3395/1526/336 3397/1527/336 3399/1528/336 3401/1529/336 3403/1530/336 3405/1531/336 3407/1532/336 3409/1533/336 3411/1534/336 3413/1535/336 3415/1536/336 3417/1537/336 3419/1538/336 3421/1539/336 3423/1540/336 3425/1541/336 3427/1542/336 3429/1543/336 3431/1544/336 3433/1545/336 3435/1546/336
f 3134/1548/338 3449/1573/338 3446/1573/338 3128/1548/338
f 3300/1454/362 3284/1456/362 3283/1458/362 3442/1761/362 3443/1762/362 3308/1442/362 3306/1450/362
f 3125/1466/342 3439/1763/342 3447/1763/342 3130/1466/342
f 3138/1764/342 3206/1765/342 3203/1557/342 3438/1766/342 3439/1763/342 3125/1466/342 3126/1462/342 3222/1458/342 3218/1708/342 3163/1767/342
f 3230/1560/363 3437/1768/363 3438/1769/363 3203/1557/363
f 3241/1551/364 3440/1770/364 3437/1768/364 3230/1560/364
f 3450/1417/303 3452/1420/303 3453/1419/303 3451/1418/303
f 3452/1420/304 3454/1422/304 3455/1421/304 3453/1419/304
f 3454/1422/305 3456/1424/305 3457/1423/305 3455/1421/305
f 3456/1424/306 3458/1426/306 3459/1425/306 3457/1423/306
f 3458/1426/307 3460/1428/307 3461/1427/307 3459/1425/307
f 3460/1428/308 3462/1430/308 3463/1429/308 3461/1427/308
f 3462/1430/309 3464/1432/309 3465/1431/309 3463/1429/309
f 3464/1432/310 3466/1434/310 3467/1433/310 3465/1431/310
f 3466/1434/311 3468/1436/311 3469/1435/311 3467/1433/311
f 3468/1436/312 3470/1438/312 3471/1437/312 3469/1435/312
f 3470/1438/313 3472/1440/313 3473/1439/313 3471/1437/313
f 3472/1440/314 3474/1442/314 3475/1441/314 3473/1439/314
f 3474/1442/315 3476/1444/315 3477/1443/315 3475/1441/315
f 3476/1444/316 3478/1446/316 3479/1445/316 3477/1443/316
f 3478/1446/317 3480/1448/317 3481/1447/317 3479/1445/317
f 3480/1448/318 3482/1450/318 3483/1449/318 3481/1447/318
f 3482/1450/319 3484/1452/319 3485/1451/319 3483/1449/319
f 3484/1452/320 3486/1454/320 3487/1453/320 3485/1451/320
f 3486/1454/321 3488/1456/321 3489/1455/321 3487/1453/321
f 3488/1456/322 3490/1458/322 3491/1457/322 3489/1455/322
f 3490/1458/323 3492/1460/323 3493/1459/323 3491/1457/323
f 3492/1460/324 3494/1462/324 3495/1461/324 3493/1459/324
f 3494/1462/325 3496/1464/325 3497/1463/325 3495/1461/325
f 3496/1464/326 3498/1466/326 3499/1465/326 3497/1463/326
f 3498/1466/327 3500/1468/327 3501/1467/327 3499/1465/327
f 3500/1468/328 3502/1470/328 3503/1469/328 3501/1467/328
f 3502/1470/329 3504/1472/329 3505/1471/329 3503/1469/329
f 3504/1472/330 3506/1474/330 3507/1473/330 3505/1471/330
f 3506/1474/331 3508/1476/331 3509/1475/331 3507/1473/331
f 3508/1476/332 3510/1478/332 3511/1477/332 3509/1475/332
f 3453/1479/336 3455/1510/336 3457/1509/336 3459/1508/336 3461/1507/336 3463/1506/336 3465/1505/336 3467/1504/336 3469/1503/336 3471/1502/336 3473/1501/336 3475/1500/336 3477/1499/336 3479/1498/336 3481/1497/336 3483/1496/336 3485/1495/336 3487/1494/336 3489/1493/336 3491/1492/336 3493/1491/336 3495/1490/336 3497/1489/336 3499/1488/336 3501/1487/336 3503/1486/336 3505/1485/336 3507/1484/336 3509/1483/336 3511/1482/336 3513/1481/336 3451/1480/336
f 3510/1478/334 3512/1512/334 3513/1511/334 3511/1477/334
f 3512/1512/335 3450/1514/335 3451/1513/335 3513/1511/335
f 3450/1515/333 3512/1546/333 3510/1545/333 3508/1544/333 3506/1543/333 3504/1542/333 3502/1541/333 3500/1540/333 3498/1539/333 3496/1538/333 3494/1537/333 3492/1536/333 3490/1535/333 3488/1534/333 3486/1533/333 3484/1532/333 3482/1531/333 3480/1530/333 3478/1529/333 3476/1528/333 3474/1527/333 3472/1526/333 3470/1525/333 3468/1524/333 3466/1523/333 3464/1522/333 3462/1521/333 3460/1520/333 3458/1519/333 3456/1518/333 3454/1517/333 3452/1516/333
f 3620/1450/337 3631/1442/337 3629/1549/337 3517/1548/337 3518/1547/337
f 3440/1550/338 3441/1552/338 3629/1434/338 3631/1442/338 3630/1551/338
f 3665/1553/365 3673/1456/365 3672/1458/365 3664/1554/365
f 3444/1555/366 3632/1551/366 3621/1560/366 3612/1559/366 3574/1558/366 3573/1557/366 3445/1556/366
f 3445/1561/367 3573/1557/367 3622/1568/367 3624/1567/367 3633/1566/367 3635/1565/367 3637/1564/367 3656/1563/367 3664/1554/367 3672/1458/367 3442/1562/367
f 3443/1569/338 3697/1442/338 3696/1571/338 3632/1551/338 3444/1570/338
f 3620/1450/337 3518/1547/337 3516/1572/337 3618/1454/337
f 3446/1573/337 3517/1548/337 3629/1549/337 3441/1574/337
f 3515/1575/337 3611/1458/337 3618/1454/337 3516/1572/337
f 3518/1547/333 3524/1547/333 3522/1572/333 3516/1572/333
f 3448/1576/337 3520/1577/337 3523/1548/337 3449/1573/337
f 3447/1578/337 3519/1579/337 3520/1577/337 3448/1576/337
f 3522/1572/337 3520/1577/337 3519/1579/337 3521/1575/337
f 3524/1547/337 3523/1548/337 3520/1577/337 3522/1572/337
f 3515/1462/342 3521/1462/342 3519/1466/342 3514/1466/342
f 3524/1547/338 3518/1547/338 3517/1548/338 3523/1548/338
f 3516/1572/333 3522/1572/333 3521/1575/333 3515/1575/333
f 3565/1437/333 3567/1437/333 3566/1580/333
f 3565/1437/333 3569/1581/333 3567/1437/333
f 3581/1443/333 3583/1443/333 3578/1582/333
f 3588/1445/333 3583/1443/333 3581/1443/333 3585/1445/333
f 3585/1445/333 3591/1447/333 3588/1445/333
f 3604/1583/343 3605/1585/343 3549/1584/343 3544/1449/343
f 3603/1586/303 3604/1583/303 3544/1449/303 3541/1451/303
f 3602/1587/304 3603/1586/304 3541/1451/304 3539/1453/304
f 3538/1455/305 3601/1588/305 3602/1587/305 3539/1453/305
f 3537/1457/306 3600/1589/306 3601/1588/306 3538/1455/306
f 3536/1459/307 3599/1590/307 3600/1589/307 3537/1457/307
f 3598/1591/308 3599/1590/308 3536/1459/308 3535/1461/308
f 3597/1592/309 3598/1591/309 3535/1461/309 3534/1463/309
f 3530/1465/310 3596/1593/310 3597/1592/310 3534/1463/310
f 3525/1467/311 3593/1594/311 3596/1593/311 3530/1465/311
f 3526/1595/320 3594/1596/320 3593/1594/320 3525/1467/320
f 3560/1504/368 3564/1601/368 3568/1600/368 3570/1599/368 3569/1598/368 3565/1502/368 3566/1597/368 3559/1504/368 3554/1504/368 3558/1504/368 3557/1504/368 3556/1504/368 3561/1504/368
f 3579/1501/333 3572/1603/333 3576/1602/333
f 3547/1604/333 3584/1621/333 3575/1620/333 3562/1619/333 3553/1618/333 3551/1617/333 3533/1616/333 3528/1615/333 3529/1614/333 3532/1613/333 3531/1612/333 3527/1611/333 3526/1610/333 3525/1487/333 3530/1488/333 3534/1489/333 3535/1490/333 3536/1491/333 3537/1492/333 3538/1493/333 3539/1494/333 3541/1495/333 3544/1496/333 3549/1609/333 3550/1608/333 3543/1607/333 3540/1606/333 3546/1605/333
f 3550/1608/333 3549/1609/333 3591/1497/333 3585/1498/333 3581/1499/333 3578/1625/333 3589/1624/333 3587/1623/333 3584/1621/333 3547/1604/333 3548/1622/333
f 3655/1626/369 3696/1571/369 3697/1442/369 3695/1450/369 3694/1627/369
f 3621/1560/369 3632/1551/369 3696/1571/369 3655/1626/369 3628/1628/369
f 3634/1629/370 3636/1630/370 3635/1565/370 3633/1566/370
f 3627/1631/371 3628/1628/371 3655/1626/371 3647/1633/371 3646/1632/371
f 3612/1559/371 3621/1560/371 3628/1628/371 3627/1631/371 3626/1634/371
f 3623/1635/370 3625/1636/370 3624/1567/370 3622/1568/370
f 3682/1637/372 3694/1627/372 3695/1450/372 3689/1454/372 3688/1645/372 3686/1644/372 3687/1643/372 3690/1642/372 3691/1641/372 3692/1640/372 3693/1639/372 3683/1638/372
f 3647/1633/373 3655/1626/373 3694/1627/373 3682/1637/373 3681/1655/373 3680/1654/373 3679/1653/373 3678/1652/373 3654/1651/373 3653/1650/373 3652/1649/373 3651/1648/373 3650/1647/373 3649/1646/373
f 3638/1656/374 3657/1657/374 3656/1563/374 3637/1564/374
f 3638/1656/375 3649/1646/375 3650/1647/375 3648/1661/375 3641/1660/375 3639/1659/375 3658/1658/375 3657/1657/375
f 3647/1633/376 3649/1646/376 3638/1656/376 3636/1630/376
f 3636/1630/377 3638/1656/377 3637/1564/377 3635/1565/377
f 3626/1634/378 3627/1631/378 3625/1636/378 3623/1635/378
f 3612/1559/378 3626/1634/378 3623/1635/378 3574/1558/378
f 3574/1558/370 3623/1635/370 3622/1568/370 3573/1557/370
f 3646/1632/378 3647/1633/378 3636/1630/378 3634/1629/378
f 3627/1631/378 3646/1632/378 3634/1629/378 3625/1636/378
f 3625/1636/370 3634/1629/370 3633/1566/370 3624/1567/370
f 3669/1662/379 3684/1666/379 3685/1665/379 3688/1645/379 3689/1454/379 3673/1456/379 3665/1553/379 3666/1664/379 3667/1663/379
f 3666/1664/375 3665/1553/375 3657/1657/375 3658/1658/375
f 3657/1657/374 3665/1553/374 3664/1554/374 3656/1563/374
f 3667/1667/326 3668/1433/326 3669/1668/326
f 3670/1435/327 3684/1669/327 3669/1668/327 3668/1433/327
f 3671/1437/328 3687/1674/328 3686/1673/328 3688/1672/328 3685/1671/328 3684/1670/328 3670/1435/328
f 3674/1439/329 3690/1675/329 3687/1674/329 3671/1437/329
f 3675/1441/330 3691/1676/330 3690/1675/330 3674/1439/330
f 3676/1443/331 3692/1677/331 3691/1676/331 3675/1441/331
f 3693/1678/332 3692/1677/332 3676/1443/332 3677/1445/332
f 3683/1679/334 3693/1678/334 3677/1445/334 3663/1447/334
f 3662/1449/357 3681/1681/357 3682/1680/357 3683/1679/357 3663/1447/357
f 3661/1451/303 3680/1682/303 3681/1681/303 3662/1449/303
f 3660/1453/304 3679/1683/304 3680/1682/304 3661/1451/304
f 3659/1455/305 3678/1684/305 3679/1683/305 3660/1453/305
f 3645/1457/306 3654/1685/306 3678/1684/306 3659/1455/306
f 3644/1459/307 3653/1686/307 3654/1685/307 3645/1457/307
f 3643/1461/308 3652/1687/308 3653/1686/308 3644/1459/308
f 3648/1688/309 3650/1690/309 3651/1689/309 3652/1687/309 3643/1461/309 3642/1463/309
f 3648/1691/310 3642/1463/310 3640/1465/310 3641/1692/310
f 3639/1693/358 3641/1692/358 3640/1465/358
f 3662/1480/333 3663/1479/333 3677/1510/333 3676/1499/333 3675/1500/333 3674/1501/333 3671/1502/333 3670/1503/333 3668/1504/333 3667/1697/333 3666/1696/333 3658/1695/333 3639/1694/333 3640/1488/333 3642/1487/333 3643/1486/333 3644/1485/333 3645/1484/333 3659/1483/333 3660/1482/333 3661/1481/333
f 3592/1557/333 3619/1560/333 3630/1551/333 3631/1442/333 3620/1450/333 3618/1454/333 3611/1458/333 3607/1708/333 3608/1707/333 3609/1706/333 3610/1705/333 3614/1704/333 3613/1703/333 3615/1702/333 3616/1701/333 3617/1700/333 3606/1699/333 3605/1585/333 3604/1583/333 3603/1586/333 3602/1587/333 3601/1588/333 3600/1589/333 3599/1590/333 3598/1591/333 3597/1592/333 3596/1593/333 3593/1594/333 3594/1596/333 3595/1698/333
f 3555/1433/326 3608/1711/326 3607/1710/326 3552/1709/326
f 3563/1435/327 3609/1712/327 3608/1711/327 3555/1433/327
f 3610/1713/328 3609/1712/328 3563/1435/328 3571/1437/328
f 3614/1714/329 3610/1713/329 3571/1437/329 3580/1439/329
f 3577/1441/330 3613/1715/330 3614/1714/330 3580/1439/330
f 3582/1443/331 3615/1716/331 3613/1715/331 3577/1441/331
f 3586/1445/332 3616/1717/332 3615/1716/332 3582/1443/332
f 3617/1718/334 3616/1717/334 3586/1445/334 3590/1447/334
f 3606/1583/335 3617/1718/335 3590/1447/335 3545/1449/335
f 3542/1451/333 3543/1451/333 3550/1719/333
f 3549/1720/359 3605/1721/359 3606/1583/359 3545/1449/359
f 3542/1451/333 3540/1722/333 3543/1451/333
f 3595/1723/327 3594/1726/327 3526/1725/327 3527/1724/327
f 3542/1495/333 3550/1731/333 3548/1730/333 3547/1729/333 3546/1728/333 3540/1727/333
f 3578/1732/333 3572/1753/333 3579/1752/333 3580/1501/333 3571/1502/333 3563/1503/333 3555/1504/333 3552/1751/333 3527/1750/333 3531/1749/333 3532/1748/333 3529/1747/333 3528/1746/333 3533/1745/333 3551/1744/333 3553/1743/333 3562/1742/333 3575/1741/333 3568/1740/333 3564/1739/333 3560/1738/333 3561/1738/333 3556/1738/333 3557/1738/333 3558/1738/333 3554/1738/333 3559/1738/333 3566/1737/333 3567/1736/333 3569/1735/333 3570/1734/333 3589/1733/333
f 3568/1740/333 3575/1741/333 3584/1755/333 3587/1754/333 3589/1733/333 3570/1734/333
f 3578/1732/333 3583/1760/333 3588/1759/333 3591/1758/333 3549/1757/333 3545/1496/333 3590/1497/333 3586/1498/333 3582/1499/333 3577/1500/333 3580/1501/333 3579/1752/333 3576/1756/333 3572/1753/333
f 3698/1417/303 3700/1420/303 3701/1419/303 3699/1418/303
f 3700/1420/304 3702/1422/304 3703/1421/304 3701/1419/304
f 3702/1422/305 3704/1424/305 3705/1423/305 3703/1421/305
f 3704/1424/306 3706/1426/306 3707/1425/306 3705/1423/306
f 3706/1426/307 3708/1428/307 3709/1427/307 3707/1425/307
f 3708/1428/308 3710/1430/308 3711/1429/308 3709/1427/308
f 3710/1430/309 3712/1432/309 3713/1431/309 3711/1429/309
f 3712/1432/310 3714/1434/310 3715/1433/310 3713/1431/310
f 3714/1434/311 3716/1436/311 3717/1435/311 3715/1433/311
f 3716/1436/312 3718/1438/312 3719/1437/312 3717/1435/312
f 3718/1438/313 3720/1440/313 3721/1439/313 3719/1437/313
f 3720/1440/314 3722/1442/314 3723/1441/314 3721/1439/314
f 3722/1442/315 3724/1444/315 3725/1443/315 3723/1441/315
f 3724/1444/316 3726/1446/316 3727/1445/316 3725/1443/316
f 3726/1446/317 3728/1448/317 3729/1447/317 3727/1445/317
f 3728/1448/318 3730/1450/318 3731/1449/318 3729/1447/318
f 3730/1450/319 3732/1452/319 3733/1451/319 3731/1449/319
f 3732/1452/320 3734/1454/320 3735/1453/320 3733/1451/320
f 3734/1454/321 3736/1456/321 3737/1455/321 3735/1453/321
f 3736/1456/322 3738/1458/322 3739/1457/322 3737/1455/322
f 3738/1458/323 3740/1460/323 3741/1459/323 3739/1457/323
f 3740/1460/360 3742/1462/360 3743/1461/360 3741/1459/360
f 3742/1462/325 3744/1464/325 3745/1463/325 3743/1461/325
f 3744/1464/326 3746/1466/326 3747/1465/326 3745/1463/326
f 3746/1466/327 3748/1468/327 3749/1467/327 3747/1465/327
f 3748/1468/328 3750/1470/328 3751/1469/328 3749/1467/328
f 3750/1470/361 3752/1472/361 3753/1471/361 3751/1469/361
f 3752/1472/330 3754/1474/330 3755/1473/330 3753/1471/330
f 3754/1474/331 3756/1476/331 3757/1475/331 3755/1473/331
f 3756/1476/332 3758/1478/332 3759/1477/332 3757/1475/332
f 3701/1479/336 3703/1510/336 3705/1509/336 3707/1508/336 3709/1507/336 3711/1506/336 3713/1505/336 3715/1504/336 3717/1503/336 3719/1502/336 3721/1501/336 3723/1500/336 3725/1499/336 3727/1498/336 3729/1497/336 3731/1496/336 3733/1495/336 3735/1494/336 3737/1493/336 3739/1492/336 3741/1491/336 3743/1490/336 3745/1489/336 3747/1488/336 3749/1487/336 3751/1486/336 3753/1485/336 3755/1484/336 3757/1483/336 3759/1482/336 3761/1481/336 3699/1480/336
f 3758/1478/334 3760/1512/334 3761/1511/334 3759/1477/334
f 3760/1512/335 3698/1514/335 3699/1513/335 3761/1511/335
f 3698/1515/333 3760/1546/333 3758/1545/333 3756/1544/333 3754/1543/333 3752/1542/333 3750/1541/333 3748/1540/333 3746/1539/333 3744/1538/333 3742/1537/333 3740/1536/333 3738/1535/333 3736/1534/333 3734/1533/333 3732/1532/333 3730/1531/333 3728/1530/333 3726/1529/333 3724/1528/333 3722/1527/333 3720/1526/333 3718/1525/333 3716/1524/333 3714/1523/333 3712/1522/333 3710/1521/333 3708/1520/333 3706/1519/333 3704/1518/333 3702/1517/333 3700/1516/333
f 3762/1417/303 3764/1420/303 3765/1419/303 3763/1418/303
f 3764/1420/304 3766/1422/304 3767/1421/304 3765/1419/304
f 3766/1422/305 3768/1424/305 3769/1423/305 3767/1421/305
f 3768/1424/306 3770/1426/306 3771/1425/306 3769/1423/306
f 3770/1426/307 3772/1428/307 3773/1427/307 3771/1425/307
f 3772/1428/308 3774/1430/308 3775/1429/308 3773/1427/308
f 3774/1430/309 3776/1432/309 3777/1431/309 3775/1429/309
f 3776/1432/310 3778/1434/310 3779/1433/310 3777/1431/310
f 3778/1434/311 3780/1436/311 3781/1435/311 3779/1433/311
f 3780/1436/312 3782/1438/312 3783/1437/312 3781/1435/312
f 3782/1438/313 3784/1440/313 3785/1439/313 3783/1437/313
f 3784/1440/314 3786/1442/314 3787/1441/314 3785/1439/314
f 3786/1442/315 3788/1444/315 3789/1443/315 3787/1441/315
f 3788/1444/316 3790/1446/316 3791/1445/316 3789/1443/316
f 3790/1446/317 3792/1448/317 3793/1447/317 3791/1445/317
f 3792/1448/318 3794/1450/318 3795/1449/318 3793/1447/318
f 3794/1450/319 3796/1452/319 3797/1451/319 3795/1449/319
f 3796/1452/320 3798/1454/320 3799/1453/320 3797/1451/320
f 3798/1454/321 3800/1456/321 3801/1455/321 3799/1453/321
f 3800/1456/322 3802/1458/322 3803/1457/322 3801/1455/322
f 3802/1458/323 3804/1460/323 3805/1459/323 3803/1457/323
f 3804/1460/324 3806/1462/324 3807/1461/324 3805/1459/324
f 3806/1462/325 3808/1464/325 3809/1463/325 3807/1461/325
f 3808/1464/326 3810/1466/326 3811/1465/326 3809/1463/326
f 3810/1466/327 3812/1468/327 3813/1467/327 3811/1465/327
f 3812/1468/328 3814/1470/328 3815/1469/328 3813/1467/328
f 3814/1470/329 3816/1472/329 3817/1471/329 3815/1469/329
f 3816/1472/330 3818/1474/330 3819/1473/330 3817/1471/330
f 3818/1474/331 3820/1476/331 3821/1475/331 3819/1473/331
f 3820/1476/332 3822/1478/332 3823/1477/332 3821/1475/332
f 3765/1479/336 3767/1510/336 3769/1509/336 3771/1508/336 3773/1507/336 3775/1506/336 3777/1505/336 3779/1504/336 3781/1503/336 3783/1502/336 3785/1501/336 3787/1500/336 3789/1499/336 3791/1498/336 3793/1497/336 3795/1496/336 3797/1495/336 3799/1494/336 3801/1493/336 3803/1492/336 3805/1491/336 3807/1490/336 3809/1489/336 3811/1488/336 3813/1487/336 3815/1486/336 3817/1485/336 3819/1484/336 3821/1483/336 3823/1482/336 3825/1481/336 3763/1480/336
f 3822/1478/334 3824/1512/334 3825/1511/334 3823/1477/334
f 3824/1512/335 3762/1514/335 3763/1513/335 3825/1511/335
f 3762/1515/333 3824/1546/333 3822/1545/333 3820/1544/333 3818/1543/333 3816/1542/333 3814/1541/333 3812/1540/333 3810/1539/333 3808/1538/333 3806/1537/333 3804/1536/333 3802/1535/333 3800/1534/333 3798/1533/333 3796/1532/333 3794/1531/333 3792/1530/333 3790/1529/333 3788/1528/333 3786/1527/333 3784/1526/333 3782/1525/333 3780/1524/333 3778/1523/333 3776/1522/333 3774/1521/333 3772/1520/333 3770/1519/333 3768/1518/333 3766/1517/333 3764/1516/333
f 3523/1548/338 3517/1548/338 3446/1573/338 3449/1573/338
f 3689/1454/380 3695/1450/380 3697/1442/380 3443/1762/380 3442/1761/380 3672/1458/380 3673/1456/380
f 3514/1466/342 3519/1466/342 3447/1763/342 3439/1763/342
f 3527/1764/342 3552/1767/342 3607/1708/342 3611/1458/342 3515/1462/342 3514/1466/342 3439/1763/342 3438/1766/342 3592/1557/342 3595/1765/342
f 3619/1560/363 3592/1557/363 3438/1769/363 3437/1768/363
f 3630/1551/364 3619/1560/364 3437/1768/364 3440/1770/364
o tuck.005
v 2336.618408 75.343399 -5717.280273
v 2337.072266 75.343399 -5717.259277
v 2336.613037 75.354927 -5717.163574
v 2337.066895 75.354927 -5717.142578
v 2336.607910 75.389069 -5717.050781
v 2337.061768 75.389069 -5717.029785
v 2336.603027 75.444511 -5716.947266
v 2337.056885 75.444511 -5716.926270
v 2336.598877 75.519135 -5716.856445
v 2337.052734 75.519135 -5716.835449
v 2336.595459 75.610054 -5716.782227
v 2337.049316 75.610054 -5716.761230
v 2336.593018 75.713783 -5716.726562
v 2337.046875 75.713783 -5716.705566
v 2336.591309 75.826340 -5716.692383
v 2337.045166 75.826340 -5716.671387
v 2336.590820 75.943398 -5716.681152
v 2337.044678 75.943398 -5716.660156
v 2336.591309 76.060448 -5716.692383
v 2337.045166 76.060448 -5716.671387
v 2336.593018 76.173004 -5716.726562
v 2337.046875 76.173004 -5716.705566
v 2336.595459 76.276741 -5716.782227
v 2337.049316 76.276741 -5716.761230
v 2336.598877 76.367661 -5716.856445
v 2337.052734 76.367661 -5716.835449
v 2336.603027 76.442276 -5716.947266
v 2337.056885 76.442276 -5716.926270
v 2336.607910 76.497726 -5717.050781
v 2337.061768 76.497726 -5717.029785
v 2336.613037 76.531868 -5717.163574
v 2337.066895 76.531868 -5717.142578
v 2336.618408 76.543396 -5717.280273
v 2337.072266 76.543396 -5717.259277
v 2336.623779 76.531868 -5717.397461
v 2337.077881 76.531868 -5717.376465
v 2336.629150 76.497726 -5717.509766
v 2337.083008 76.497726 -5717.488770
v 2336.633789 76.442276 -5717.613281
v 2337.087646 76.442276 -5717.592285
v 2336.638184 76.367661 -5717.704102
v 2337.092041 76.367661 -5717.683105
v 2336.641602 76.276741 -5717.778809
v 2337.095459 76.276741 -5717.757812
v 2336.644043 76.173004 -5717.833984
v 2337.097900 76.173004 -5717.812988
v 2336.645752 76.060448 -5717.868164
v 2337.099609 76.060448 -5717.847168
v 2336.646240 75.943398 -5717.879883
v 2337.100098 75.943398 -5717.858887
v 2336.645752 75.826340 -5717.868164
v 2337.099609 75.826340 -5717.847168
v 2336.644043 75.713783 -5717.833984
v 2337.097900 75.713783 -5717.812988
v 2336.641602 75.610054 -5717.778809
v 2337.095459 75.610054 -5717.757812
v 2336.638184 75.519135 -5717.704102
v 2337.092041 75.519135 -5717.683105
v 2336.633789 75.444511 -5717.613281
v 2337.087646 75.444511 -5717.592285
v 2336.629150 75.389069 -5717.509766
v 2337.083008 75.389069 -5717.488770
v 2336.623779 75.354927 -5717.397461
v 2337.077881 75.354927 -5717.376465
v 2337.818359 75.808754 -5716.085938
v 2337.251465 75.808754 -5716.111816
v 2337.251465 76.388786 -5716.111816
v 2337.818359 77.107368 -5716.085938
v 2337.251465 77.107368 -5716.111816
v 2337.762695 75.808754 -5714.877441
v 2337.762695 76.388786 -5714.877441
v 2337.195801 75.808754 -5714.903809
v 2337.195801 76.388786 -5714.903809
v 2337.762695 77.107368 -5714.877441
v 2337.195801 77.107368 -5714.903809
v 2337.054932 75.797081 -5717.997070
v 2337.054932 75.797447 -5717.996094
v 2337.054932 75.808754 -5717.997070
v 2337.048340 75.893158 -5717.855469
v 2337.052979 75.933495 -5717.953125
v 2337.055664 75.943398 -5718.011719
v 2337.055420 75.942299 -5718.010254
v 2337.055420 75.943184 -5718.010254
v 2337.018555 75.824333 -5717.211914
v 2337.054932 76.089714 -5717.997070
v 2337.052979 76.230415 -5717.954590
v 2337.049805 76.360077 -5717.885254
v 2337.045410 76.473732 -5717.791992
v 2337.040283 76.567001 -5717.678711
v 2337.034180 76.636307 -5717.548828
v 2337.034180 76.636726 -5717.546387
v 2337.027832 76.678986 -5717.408691
v 2337.027588 76.678986 -5717.407227
v 2337.027588 76.678986 -5717.407227
v 2337.020996 76.693398 -5717.262207
v 2337.020996 76.693398 -5717.261230
v 2337.020996 76.693207 -5717.262695
v 2337.020996 76.693283 -5717.262207
v 2337.020996 76.693291 -5717.262207
v 2337.020996 76.693336 -5717.261719
v 2337.020996 76.693321 -5717.261719
v 2337.010742 75.853256 -5717.043457
v 2336.986816 75.808754 -5716.524902
v 2336.991211 75.943398 -5716.616699
v 2336.986328 75.943398 -5716.513184
v 2336.986328 75.943398 -5716.511719
v 2336.986328 75.943398 -5716.513184
v 2336.986328 75.943398 -5716.513184
v 2336.986328 75.943398 -5716.513184
v 2336.986328 75.943398 -5716.513184
v 2336.986328 75.943398 -5716.513184
v 2336.986328 75.943398 -5716.513184
v 2336.992188 76.072243 -5716.641602
v 2336.987061 76.089714 -5716.526367
v 2336.989014 76.224228 -5716.568848
v 2336.989014 76.230415 -5716.570312
v 2336.989014 76.229973 -5716.569824
v 2336.989014 76.230415 -5716.570312
v 2336.989014 76.228104 -5716.569824
v 2336.989014 76.231064 -5716.570312
v 2336.989014 76.231117 -5716.570801
v 2336.989014 76.230415 -5716.568848
v 2336.989258 76.239616 -5716.575195
v 2336.956543 75.794319 -5715.658203
v 2336.951660 75.901741 -5715.658203
v 2337.002197 76.349655 -5716.856445
v 2336.996094 76.465660 -5716.726074
v 2336.996338 76.473732 -5716.731445
v 2336.996582 76.475105 -5716.734375
v 2336.992188 76.360077 -5716.639160
v 2336.992188 76.360077 -5716.638184
v 2337.001709 76.567001 -5716.846191
v 2337.001709 76.567001 -5716.844727
v 2337.001709 76.567001 -5716.846191
v 2337.014648 76.635841 -5717.123535
v 2337.007812 76.636307 -5716.975586
v 2337.007568 76.636307 -5716.974121
v 2337.007568 76.635841 -5716.975098
v 2337.007812 76.636307 -5716.975586
v 2337.007568 76.634605 -5716.972656
v 2337.014160 76.678986 -5717.114746
v 2337.014160 76.678986 -5717.116211
v 2336.826904 75.808762 -5719.215820
v 2336.771240 75.797081 -5718.010254
v 2336.771240 75.797447 -5718.008789
v 2336.771240 75.808762 -5718.010254
v 2336.771973 75.943398 -5718.024414
v 2336.771240 76.089714 -5718.010254
v 2336.769287 76.230415 -5717.967773
v 2336.766113 76.360077 -5717.898438
v 2336.761719 76.473732 -5717.805176
v 2336.756592 76.567001 -5717.691406
v 2336.750488 76.636307 -5717.562012
v 2336.744141 76.678986 -5717.421387
v 2336.737305 76.693398 -5717.275391
v 2336.737305 76.693336 -5717.274902
v 2336.737305 76.693398 -5717.273926
v 2336.703125 75.808762 -5716.538086
v 2336.702637 75.943398 -5716.524902
v 2336.703369 76.089714 -5716.539551
v 2336.705322 76.230415 -5716.582031
v 2336.684814 75.808762 -5716.138184
v 2336.387695 76.216263 -5715.821777
v 2336.712646 76.473732 -5716.744629
v 2336.708496 76.360077 -5716.651367
v 2336.718018 76.567001 -5716.857910
v 2336.723877 76.636307 -5716.987305
v 2336.730469 76.678986 -5717.127930
v 2336.684814 76.388786 -5716.138184
v 2336.826904 77.107368 -5719.215820
v 2336.684814 77.107368 -5716.138184
v 2336.370605 77.609901 -5715.822754
v 2336.883545 75.794319 -5714.083008
v 2336.878906 75.901741 -5714.083008
v 2336.810791 75.794319 -5712.507812
v 2336.805908 75.901741 -5712.507812
v 2336.314941 76.216263 -5714.246582
v 2336.242188 76.216263 -5712.671387
v 2336.225098 77.609901 -5712.671875
v 2337.818359 78.544548 -5716.085938
v 2336.809326 78.544548 -5718.834961
v 2336.684814 78.544548 -5716.138184
v 2336.372559 79.548424 -5715.685059
v 2336.738037 75.794319 -5710.932129
v 2336.733154 75.901741 -5710.932617
v 2336.665283 75.794319 -5709.356934
v 2336.660400 75.901741 -5709.357422
v 2336.592529 75.794319 -5707.781738
v 2336.587402 75.921440 -5707.782227
v 2336.565430 75.923676 -5707.407227
v 2336.565674 75.943398 -5707.409180
v 2336.525879 75.943398 -5707.411133
v 2336.564941 76.089714 -5707.395020
v 2336.562988 76.230415 -5707.352051
v 2336.559814 76.360077 -5707.283203
v 2336.555420 76.473732 -5707.189941
v 2336.169434 76.216263 -5711.096191
v 2336.096680 76.216263 -5709.520996
v 2336.229736 76.089714 -5707.410156
v 2336.016602 76.207336 -5707.945801
v 2335.990723 76.207336 -5707.385742
v 2335.993164 76.210213 -5707.384766
v 2335.992676 76.230415 -5707.378418
v 2335.988281 76.360077 -5707.309570
v 2335.982910 76.473732 -5707.216309
v 2336.079590 77.609901 -5709.521484
v 2336.519531 75.794319 -5706.206543
v 2336.514648 75.921440 -5706.207031
v 2336.510010 75.923676 -5706.208008
v 2336.550293 76.567001 -5707.076172
v 2336.544189 76.636307 -5706.946777
v 2336.537842 76.678986 -5706.806152
v 2336.531006 76.693398 -5706.660156
v 2336.459229 76.678986 -5705.104980
v 2336.446777 75.794319 -5704.631348
v 2336.441650 75.921440 -5704.631836
v 2336.437256 75.923676 -5704.632812
v 2336.431396 75.922073 -5704.503906
v 2336.431152 75.943398 -5704.501953
v 2336.387939 75.943398 -5704.503906
v 2336.431885 76.089714 -5704.516602
v 2336.433838 76.230415 -5704.559082
v 2336.374023 75.794319 -5703.056152
v 2336.369141 75.901741 -5703.056641
v 2336.437012 76.360077 -5704.628418
v 2336.441406 76.473732 -5704.721191
v 2336.446533 76.567001 -5704.834961
v 2336.452637 76.636307 -5704.964355
v 2335.976807 76.567001 -5707.103027
v 2335.969971 76.636307 -5706.973145
v 2335.962891 76.678986 -5706.833008
v 2335.955811 76.693398 -5706.686523
v 2335.940430 76.690475 -5706.371094
v 2335.883545 76.678986 -5705.131836
v 2336.091797 76.089714 -5704.532227
v 2335.937744 76.166397 -5704.562500
v 2335.865234 76.212410 -5704.580078
v 2335.865234 76.230415 -5704.585449
v 2335.862061 76.208565 -5704.578613
v 2335.805420 76.216263 -5703.219727
v 2335.866699 76.360077 -5704.654785
v 2335.869385 76.473732 -5704.748047
v 2335.873291 76.567001 -5704.861328
v 2335.877930 76.636307 -5704.991211
v 2335.933838 77.609901 -5706.371094
v 2335.788330 77.609901 -5703.220703
v 2336.081299 79.548424 -5709.384277
v 2335.790283 79.548424 -5703.083008
v 2336.062988 75.343399 -5705.257812
v 2336.516846 75.343399 -5705.236816
v 2336.057373 75.354927 -5705.140625
v 2336.511230 75.354927 -5705.119629
v 2336.052246 75.389069 -5705.028320
v 2336.506104 75.389069 -5705.007324
v 2336.047607 75.444519 -5704.924805
v 2336.501465 75.444519 -5704.903809
v 2336.043213 75.519135 -5704.833984
v 2336.497070 75.519135 -5704.812988
v 2336.039795 75.610054 -5704.759277
v 2336.493652 75.610054 -5704.738281
v 2336.037354 75.713791 -5704.704102
v 2336.491211 75.713791 -5704.683105
v 2336.035645 75.826340 -5704.669922
v 2336.489502 75.826340 -5704.648926
v 2336.035156 75.943398 -5704.658203
v 2336.489014 75.943398 -5704.637207
v 2336.035645 76.060455 -5704.669922
v 2336.489502 76.060455 -5704.648926
v 2336.037354 76.173004 -5704.704102
v 2336.491211 76.173004 -5704.683105
v 2336.039795 76.276741 -5704.759277
v 2336.493652 76.276741 -5704.738281
v 2336.043213 76.367661 -5704.833984
v 2336.497070 76.367661 -5704.812988
v 2336.047607 76.442276 -5704.924805
v 2336.501465 76.442276 -5704.903809
v 2336.052246 76.497726 -5705.028320
v 2336.506104 76.497726 -5705.007324
v 2336.057373 76.531868 -5705.140625
v 2336.511230 76.531868 -5705.119629
v 2336.062988 76.543396 -5705.257812
v 2336.516846 76.543396 -5705.236816
v 2336.068359 76.531868 -5705.374512
v 2336.522217 76.531868 -5705.353516
v 2336.073486 76.497726 -5705.487305
v 2336.527344 76.497726 -5705.466309
v 2336.078369 76.442276 -5705.590820
v 2336.532227 76.442276 -5705.569824
v 2336.082520 76.367661 -5705.681641
v 2336.536377 76.367661 -5705.660645
v 2336.085938 76.276741 -5705.755859
v 2336.539795 76.276741 -5705.735352
v 2336.088379 76.173004 -5705.811523
v 2336.542236 76.173004 -5705.790527
v 2336.090088 76.060455 -5705.845703
v 2336.543945 76.060455 -5705.824707
v 2336.090576 75.943398 -5705.856934
v 2336.544434 75.943398 -5705.835938
v 2336.090088 75.826340 -5705.845703
v 2336.543945 75.826340 -5705.824707
v 2336.088379 75.713791 -5705.811523
v 2336.542236 75.713791 -5705.790527
v 2336.085938 75.610054 -5705.755859
v 2336.539795 75.610054 -5705.735352
v 2336.082520 75.519135 -5705.681641
v 2336.536377 75.519135 -5705.660645
v 2336.078369 75.444519 -5705.590820
v 2336.532227 75.444519 -5705.569824
v 2336.073486 75.389069 -5705.487305
v 2336.527344 75.389069 -5705.466309
v 2336.068359 75.354927 -5705.374512
v 2336.522217 75.354927 -5705.353516
v 2336.128174 75.343399 -5706.669922
v 2336.582031 75.343399 -5706.648926
v 2336.122803 75.354927 -5706.553223
v 2336.576660 75.354927 -5706.532227
v 2336.117676 75.389069 -5706.440918
v 2336.571533 75.389069 -5706.419922
v 2336.112793 75.444519 -5706.336914
v 2336.566650 75.444519 -5706.315918
v 2336.108643 75.519135 -5706.246094
v 2336.562500 75.519135 -5706.225098
v 2336.105225 75.610054 -5706.171875
v 2336.559082 75.610054 -5706.150879
v 2336.102539 75.713791 -5706.116211
v 2336.556396 75.713791 -5706.095215
v 2336.101074 75.826340 -5706.082031
v 2336.554932 75.826340 -5706.061523
v 2336.100586 75.943398 -5706.070801
v 2336.554443 75.943398 -5706.049805
v 2336.101074 76.060455 -5706.082031
v 2336.554932 76.060455 -5706.061523
v 2336.102539 76.173004 -5706.116211
v 2336.556396 76.173004 -5706.095215
v 2336.105225 76.276741 -5706.171875
v 2336.559082 76.276741 -5706.150879
v 2336.108643 76.367661 -5706.246094
v 2336.562500 76.367661 -5706.225098
v 2336.112793 76.442276 -5706.336914
v 2336.566650 76.442276 -5706.315918
v 2336.117676 76.497726 -5706.440918
v 2336.571533 76.497726 -5706.419922
v 2336.122803 76.531868 -5706.553223
v 2336.576660 76.531868 -5706.532227
v 2336.128174 76.543396 -5706.669922
v 2336.582031 76.543396 -5706.648926
v 2336.133545 76.531868 -5706.787109
v 2336.587402 76.531868 -5706.766113
v 2336.138672 76.497726 -5706.899414
v 2336.592529 76.497726 -5706.878418
v 2336.143555 76.442276 -5707.002930
v 2336.597412 76.442276 -5706.981934
v 2336.147705 76.367661 -5707.093750
v 2336.601562 76.367661 -5707.072754
v 2336.151123 76.276741 -5707.168457
v 2336.604980 76.276741 -5707.147461
v 2336.153809 76.173004 -5707.223633
v 2336.607666 76.173004 -5707.203125
v 2336.155273 76.060455 -5707.257812
v 2336.609131 76.060455 -5707.236816
v 2336.155762 75.943398 -5707.269531
v 2336.609619 75.943398 -5707.248535
v 2336.155273 75.826340 -5707.257812
v 2336.609131 75.826340 -5707.236816
v 2336.153809 75.713791 -5707.223633
v 2336.607666 75.713791 -5707.203125
v 2336.151123 75.610054 -5707.168457
v 2336.604980 75.610054 -5707.147461
v 2336.147705 75.519135 -5707.093750
v 2336.601562 75.519135 -5707.072754
v 2336.143555 75.444519 -5707.002930
v 2336.597412 75.444519 -5706.981934
v 2336.138672 75.389069 -5706.899414
v 2336.592529 75.389069 -5706.878418
v 2336.133545 75.354927 -5706.787109
v 2336.587402 75.354927 -5706.766113
v 2337.971924 77.107368 -5719.163086
v 2337.971924 75.808762 -5719.163086
v 2337.829834 75.808754 -5716.085449
v 2337.954346 78.544548 -5718.782227
v 2337.829834 78.544548 -5716.085449
v 2337.225830 75.795288 -5703.016602
v 2337.225830 79.548424 -5703.016602
v 2337.808105 79.548424 -5715.618652
v 2337.808105 75.795288 -5715.618652
v 2337.829834 77.107368 -5716.085449
v 2337.773926 75.808754 -5714.876953
v 2337.773926 76.388786 -5714.876953
v 2337.773926 77.107368 -5714.876953
v 2339.145996 75.343391 -5717.163574
v 2338.692139 75.343391 -5717.184570
v 2339.140625 75.354927 -5717.046387
v 2338.686768 75.354927 -5717.067383
v 2339.135498 75.389069 -5716.934082
v 2338.681641 75.389069 -5716.955078
v 2339.130615 75.444511 -5716.830566
v 2338.676758 75.444511 -5716.851562
v 2339.126465 75.519135 -5716.739746
v 2338.672607 75.519135 -5716.760742
v 2339.123047 75.610054 -5716.665039
v 2338.669189 75.610054 -5716.686035
v 2339.120605 75.713783 -5716.609863
v 2338.666748 75.713783 -5716.630859
v 2339.118896 75.826340 -5716.575684
v 2338.665039 75.826340 -5716.596680
v 2339.118408 75.943398 -5716.563965
v 2338.664551 75.943398 -5716.584961
v 2339.118896 76.060448 -5716.575684
v 2338.665039 76.060448 -5716.596680
v 2339.120605 76.173004 -5716.609863
v 2338.666748 76.173004 -5716.630859
v 2339.123047 76.276733 -5716.665039
v 2338.669189 76.276733 -5716.686035
v 2339.126465 76.367661 -5716.739746
v 2338.672607 76.367661 -5716.760742
v 2339.130615 76.442276 -5716.830566
v 2338.676758 76.442276 -5716.851562
v 2339.135498 76.497726 -5716.934082
v 2338.681641 76.497726 -5716.955078
v 2339.140625 76.531868 -5717.046387
v 2338.686768 76.531868 -5717.067383
v 2339.145996 76.543396 -5717.163574
v 2338.692139 76.543396 -5717.184570
v 2339.151367 76.531868 -5717.280273
v 2338.697510 76.531868 -5717.301270
v 2339.156738 76.497726 -5717.393066
v 2338.702881 76.497726 -5717.414062
v 2339.161377 76.442276 -5717.496582
v 2338.707520 76.442276 -5717.517578
v 2339.165771 76.367661 -5717.587402
v 2338.711914 76.367661 -5717.608398
v 2339.169189 76.276733 -5717.662109
v 2338.715332 76.276733 -5717.683105
v 2339.171631 76.173004 -5717.717285
v 2338.717773 76.173004 -5717.738281
v 2339.173340 76.060448 -5717.751465
v 2338.719482 76.060448 -5717.772461
v 2339.173828 75.943398 -5717.762695
v 2338.719971 75.943398 -5717.783691
v 2339.173340 75.826340 -5717.751465
v 2338.719482 75.826340 -5717.772461
v 2339.171631 75.713783 -5717.717285
v 2338.717773 75.713783 -5717.738281
v 2339.169189 75.610054 -5717.662109
v 2338.715332 75.610054 -5717.683105
v 2339.165771 75.519135 -5717.587402
v 2338.711914 75.519135 -5717.608398
v 2339.161377 75.444511 -5717.496582
v 2338.707520 75.444511 -5717.517578
v 2339.156738 75.389069 -5717.393066
v 2338.702881 75.389069 -5717.414062
v 2339.151367 75.354927 -5717.280273
v 2338.697510 75.354927 -5717.301270
v 2337.841064 75.808754 -5716.084961
v 2338.407959 75.808754 -5716.058594
v 2338.407959 76.388786 -5716.058594
v 2337.841064 77.107368 -5716.084961
v 2338.407959 77.107368 -5716.058594
v 2337.785156 75.808754 -5714.876465
v 2337.785156 76.388786 -5714.876465
v 2338.352051 75.808754 -5714.850586
v 2338.352051 76.388786 -5714.850586
v 2337.785156 77.107368 -5714.876465
v 2338.352051 77.107368 -5714.850586
v 2338.777588 75.797081 -5717.917480
v 2338.777588 75.797447 -5717.916504
v 2338.777588 75.808754 -5717.917480
v 2338.770996 75.893158 -5717.775879
v 2338.775635 75.933495 -5717.873535
v 2338.778320 75.943398 -5717.931641
v 2338.778320 75.942299 -5717.930664
v 2338.778320 75.943184 -5717.930664
v 2338.741455 75.824333 -5717.132324
v 2338.777588 76.089714 -5717.917480
v 2338.775635 76.230415 -5717.875000
v 2338.772461 76.360077 -5717.805664
v 2338.768066 76.473732 -5717.712402
v 2338.762939 76.567001 -5717.599121
v 2338.756836 76.636307 -5717.469238
v 2338.756836 76.636726 -5717.466797
v 2338.750488 76.678986 -5717.328613
v 2338.750244 76.678986 -5717.327637
v 2338.750244 76.678986 -5717.327637
v 2338.743652 76.693398 -5717.182617
v 2338.743652 76.693398 -5717.181641
v 2338.743652 76.693207 -5717.183105
v 2338.743652 76.693283 -5717.182617
v 2338.743652 76.693291 -5717.182617
v 2338.743652 76.693336 -5717.182129
v 2338.743652 76.693321 -5717.182129
v 2338.733643 75.853256 -5716.963867
v 2338.709717 75.808754 -5716.445312
v 2338.713867 75.943398 -5716.537109
v 2338.708984 75.943398 -5716.433594
v 2338.708984 75.943398 -5716.432129
v 2338.708984 75.943398 -5716.433594
v 2338.708984 75.943398 -5716.433594
v 2338.708984 75.943398 -5716.433594
v 2338.708984 75.943398 -5716.433594
v 2338.708984 75.943398 -5716.433594
v 2338.708984 75.943398 -5716.433594
v 2338.715088 76.072243 -5716.562012
v 2338.709717 76.089714 -5716.446777
v 2338.711670 76.224228 -5716.489258
v 2338.711670 76.230415 -5716.490723
v 2338.711670 76.229973 -5716.490234
v 2338.711670 76.230415 -5716.490723
v 2338.711670 76.228104 -5716.490234
v 2338.711670 76.231064 -5716.490723
v 2338.711670 76.231117 -5716.491211
v 2338.711670 76.230415 -5716.489258
v 2338.711914 76.239616 -5716.495605
v 2338.659912 75.794319 -5715.579102
v 2338.664795 75.901741 -5715.579102
v 2338.724854 76.349655 -5716.776855
v 2338.718994 76.465660 -5716.646484
v 2338.719238 76.473732 -5716.651855
v 2338.719238 76.475105 -5716.654785
v 2338.714844 76.360077 -5716.559570
v 2338.714844 76.360077 -5716.558594
v 2338.724365 76.567001 -5716.766602
v 2338.724365 76.567001 -5716.765137
v 2338.724365 76.567001 -5716.766602
v 2338.737305 76.635841 -5717.043945
v 2338.730469 76.636307 -5716.895996
v 2338.730469 76.636307 -5716.894531
v 2338.730469 76.635841 -5716.895508
v 2338.730469 76.636307 -5716.895996
v 2338.730225 76.634598 -5716.893066
v 2338.736816 76.678986 -5717.035156
v 2338.736816 76.678986 -5717.036621
v 2339.116943 75.808754 -5719.109863
v 2339.061279 75.797081 -5717.904297
v 2339.061279 75.797447 -5717.903320
v 2339.061279 75.808754 -5717.904297
v 2339.062012 75.943398 -5717.918945
v 2339.061279 76.089714 -5717.904297
v 2339.059326 76.230408 -5717.861816
v 2339.056152 76.360077 -5717.792480
v 2339.051758 76.473732 -5717.699219
v 2339.046631 76.567001 -5717.585938
v 2339.040527 76.636307 -5717.456055
v 2339.034180 76.678986 -5717.315918
v 2339.027344 76.693398 -5717.169434
v 2339.027344 76.693336 -5717.168945
v 2339.027344 76.693398 -5717.168457
v 2338.993164 75.808754 -5716.432617
v 2338.992676 75.943398 -5716.418945
v 2338.993408 76.089714 -5716.433594
v 2338.995361 76.230408 -5716.476074
v 2338.974854 75.808754 -5716.032227
v 2339.241211 76.216263 -5715.689941
v 2339.002686 76.473732 -5716.638672
v 2338.998535 76.360077 -5716.545410
v 2339.008057 76.567001 -5716.751953
v 2339.013916 76.636307 -5716.881836
v 2339.020508 76.678986 -5717.021973
v 2338.974854 76.388786 -5716.032227
v 2339.116943 77.107368 -5719.109863
v 2338.974854 77.107368 -5716.032227
v 2339.258301 77.609894 -5715.688965
v 2338.587158 75.794319 -5714.003906
v 2338.592041 75.901741 -5714.003906
v 2338.514404 75.794319 -5712.428711
v 2338.519287 75.901741 -5712.428711
v 2339.168457 76.216263 -5714.114746
v 2339.095703 76.216263 -5712.539551
v 2339.112793 77.609894 -5712.538574
v 2337.841064 78.544548 -5716.084961
v 2339.099365 78.544548 -5718.729492
v 2338.974854 78.544548 -5716.032227
v 2339.243896 79.548416 -5715.552246
v 2338.441650 75.794319 -5710.853516
v 2338.446533 75.901741 -5710.853516
v 2338.368896 75.794319 -5709.278320
v 2338.373535 75.901741 -5709.278320
v 2338.295898 75.794319 -5707.703125
v 2338.301025 75.921440 -5707.703125
v 2338.288330 75.923676 -5707.327637
v 2338.288330 75.943398 -5707.329590
v 2338.328125 75.943398 -5707.327637
v 2338.287598 76.089714 -5707.315430
v 2338.285645 76.230415 -5707.272461
v 2338.282471 76.360077 -5707.203613
v 2338.278076 76.473732 -5707.110352
v 2339.022949 76.216263 -5710.964355
v 2338.950195 76.216263 -5709.389160
v 2338.622803 76.089714 -5707.299805
v 2338.884521 76.207336 -5707.813477
v 2338.858643 76.207336 -5707.253418
v 2338.856201 76.210213 -5707.252441
v 2338.855957 76.230408 -5707.246094
v 2338.854004 76.360077 -5707.177246
v 2338.850586 76.473732 -5707.083984
v 2338.967285 77.609894 -5709.388184
v 2338.223145 75.794319 -5706.127930
v 2338.228271 75.921440 -5706.127930
v 2338.232910 75.923676 -5706.128418
v 2338.272949 76.567001 -5706.996582
v 2338.266846 76.636307 -5706.867188
v 2338.260498 76.678986 -5706.726562
v 2338.253662 76.693398 -5706.580566
v 2338.181885 76.678986 -5705.025391
v 2338.150391 75.794319 -5704.552734
v 2338.155518 75.921440 -5704.552246
v 2338.159912 75.923676 -5704.553223
v 2338.154053 75.922073 -5704.424316
v 2338.154053 75.943398 -5704.422363
v 2338.197266 75.943398 -5704.420410
v 2338.154541 76.089714 -5704.437012
v 2338.156494 76.230415 -5704.479492
v 2338.077637 75.794319 -5702.977539
v 2338.082520 75.901741 -5702.977051
v 2338.159912 76.360077 -5704.548828
v 2338.164062 76.473732 -5704.641602
v 2338.169434 76.567001 -5704.755371
v 2338.175293 76.636307 -5704.884766
v 2338.846436 76.567001 -5706.970215
v 2338.841064 76.636307 -5706.840820
v 2338.835205 76.678986 -5706.700195
v 2338.828857 76.693398 -5706.553711
v 2338.815186 76.690475 -5706.238281
v 2338.757324 76.678986 -5704.999023
v 2338.494629 76.089714 -5704.420898
v 2338.650879 76.166397 -5704.437012
v 2338.724854 76.212410 -5704.447754
v 2338.725342 76.230408 -5704.453125
v 2338.727783 76.208565 -5704.446289
v 2338.658936 76.216263 -5703.087891
v 2338.730225 76.360077 -5704.522461
v 2338.736084 76.473732 -5704.615234
v 2338.742920 76.567001 -5704.729004
v 2338.750000 76.636307 -5704.858398
v 2338.821533 77.609894 -5706.237793
v 2338.676025 77.609894 -5703.087402
v 2338.952637 79.548416 -5709.251465
v 2338.661377 79.548416 -5702.950684
v 2338.590576 75.343399 -5705.141113
v 2338.136719 75.343399 -5705.162109
v 2338.584961 75.354927 -5705.023926
v 2338.131104 75.354927 -5705.044922
v 2338.579834 75.389069 -5704.911621
v 2338.125977 75.389069 -5704.932617
v 2338.575195 75.444519 -5704.808105
v 2338.121338 75.444519 -5704.829102
v 2338.570801 75.519135 -5704.717285
v 2338.116943 75.519135 -5704.738281
v 2338.567383 75.610054 -5704.642578
v 2338.113525 75.610054 -5704.663574
v 2338.564941 75.713791 -5704.587402
v 2338.111084 75.713791 -5704.608398
v 2338.563232 75.826340 -5704.553223
v 2338.109375 75.826340 -5704.574219
v 2338.562744 75.943398 -5704.541504
v 2338.108887 75.943398 -5704.562500
v 2338.563232 76.060448 -5704.553223
v 2338.109375 76.060448 -5704.574219
v 2338.564941 76.173004 -5704.587402
v 2338.111084 76.173004 -5704.608398
v 2338.567383 76.276741 -5704.642578
v 2338.113525 76.276741 -5704.663574
v 2338.570801 76.367661 -5704.717285
v 2338.116943 76.367661 -5704.738281
v 2338.575195 76.442276 -5704.808105
v 2338.121338 76.442276 -5704.829102
v 2338.579834 76.497726 -5704.911621
v 2338.125977 76.497726 -5704.932617
v 2338.584961 76.531868 -5705.023926
v 2338.131104 76.531868 -5705.044922
v 2338.590576 76.543396 -5705.141113
v 2338.136719 76.543396 -5705.162109
v 2338.595947 76.531868 -5705.257812
v 2338.142090 76.531868 -5705.278809
v 2338.601074 76.497726 -5705.370117
v 2338.147217 76.497726 -5705.391113
v 2338.605957 76.442276 -5705.474121
v 2338.152100 76.442276 -5705.495117
v 2338.610107 76.367661 -5705.564941
v 2338.156250 76.367661 -5705.585938
v 2338.613525 76.276741 -5705.639160
v 2338.159668 76.276741 -5705.660156
v 2338.615967 76.173004 -5705.694824
v 2338.162109 76.173004 -5705.715820
v 2338.617676 76.060448 -5705.729004
v 2338.163818 76.060448 -5705.750000
v 2338.618164 75.943398 -5705.740234
v 2338.164307 75.943398 -5705.761230
v 2338.617676 75.826340 -5705.729004
v 2338.163818 75.826340 -5705.750000
v 2338.615967 75.713791 -5705.694824
v 2338.162109 75.713791 -5705.715820
v 2338.613525 75.610054 -5705.639160
v 2338.159668 75.610054 -5705.660156
v 2338.610107 75.519135 -5705.564941
v 2338.156250 75.519135 -5705.585938
v 2338.605957 75.444519 -5705.474121
v 2338.152100 75.444519 -5705.495117
v 2338.601074 75.389069 -5705.370117
v 2338.147217 75.389069 -5705.391113
v 2338.595947 75.354927 -5705.257812
v 2338.142090 75.354927 -5705.278809
v 2338.655762 75.343399 -5706.553223
v 2338.201904 75.343399 -5706.574219
v 2338.650391 75.354927 -5706.436523
v 2338.196533 75.354927 -5706.457520
v 2338.645264 75.389069 -5706.323730
v 2338.191406 75.389069 -5706.344727
v 2338.640381 75.444519 -5706.220215
v 2338.186523 75.444519 -5706.241211
v 2338.636230 75.519135 -5706.129395
v 2338.182373 75.519135 -5706.150391
v 2338.632812 75.610054 -5706.055176
v 2338.178955 75.610054 -5706.076172
v 2338.630127 75.713791 -5705.999512
v 2338.176270 75.713791 -5706.020508
v 2338.628662 75.826340 -5705.965332
v 2338.174805 75.826340 -5705.986328
v 2338.627930 75.943398 -5705.954102
v 2338.174072 75.943398 -5705.975098
v 2338.628662 76.060448 -5705.965332
v 2338.174805 76.060448 -5705.986328
v 2338.630127 76.173004 -5705.999512
v 2338.176270 76.173004 -5706.020508
v 2338.632812 76.276741 -5706.055176
v 2338.178955 76.276741 -5706.076172
v 2338.636230 76.367661 -5706.129395
v 2338.182373 76.367661 -5706.150391
v 2338.640381 76.442276 -5706.220215
v 2338.186523 76.442276 -5706.241211
v 2338.645264 76.497726 -5706.323730
v 2338.191406 76.497726 -5706.344727
v 2338.650391 76.531868 -5706.436523
v 2338.196533 76.531868 -5706.457520
v 2338.655762 76.543396 -5706.553223
v 2338.201904 76.543396 -5706.574219
v 2338.661133 76.531868 -5706.670410
v 2338.207275 76.531868 -5706.691406
v 2338.666260 76.497726 -5706.782715
v 2338.212402 76.497726 -5706.803711
v 2338.671143 76.442276 -5706.886230
v 2338.217285 76.442276 -5706.907227
v 2338.675293 76.367661 -5706.977051
v 2338.221436 76.367661 -5706.998047
v 2338.678711 76.276741 -5707.051758
v 2338.224854 76.276741 -5707.072754
v 2338.681396 76.173004 -5707.106934
v 2338.227539 76.173004 -5707.127930
v 2338.682861 76.060448 -5707.141113
v 2338.229004 76.060448 -5707.162109
v 2338.683350 75.943398 -5707.152832
v 2338.229492 75.943398 -5707.173828
v 2338.682861 75.826340 -5707.141113
v 2338.229004 75.826340 -5707.162109
v 2338.681396 75.713791 -5707.106934
v 2338.227539 75.713791 -5707.127930
v 2338.678711 75.610054 -5707.051758
v 2338.224854 75.610054 -5707.072754
v 2338.675293 75.519135 -5706.977051
v 2338.221436 75.519135 -5706.998047
v 2338.671143 75.444519 -5706.886230
v 2338.217285 75.444519 -5706.907227
v 2338.666260 75.389069 -5706.782715
v 2338.212402 75.389069 -5706.803711
v 2338.661133 75.354927 -5706.670410
v 2338.207275 75.354927 -5706.691406
vn -0.0045 -0.9952 0.0979
vn -0.0134 -0.9569 0.2900
vn -0.0218 -0.8819 0.4709
vn -0.0293 -0.7730 0.6337
vn -0.0357 -0.6344 0.7722
vn -0.0407 -0.4714 0.8810
vn -0.0442 -0.2903 0.9559
vn -0.0459 -0.0980 0.9941
vn -0.0459 0.0980 0.9941
vn -0.0442 0.2903 0.9559
vn -0.0407 0.4714 0.8810
vn -0.0357 0.6344 0.7722
vn -0.0293 0.7730 0.6337
vn -0.0218 0.8819 0.4709
vn -0.0134 0.9569 0.2900
vn -0.0045 0.9952 0.0979
vn 0.0045 0.9952 -0.0979
vn 0.0134 0.9569 -0.2900
vn 0.0218 0.8819 -0.4709
vn 0.0293 0.7730 -0.6337
vn 0.0357 0.6344 -0.7722
vn 0.0407 0.4714 -0.8810
vn 0.0442 0.2903 -0.9559
vn 0.0459 0.0980 -0.9941
vn 0.0459 -0.0980 -0.9941
vn 0.0442 -0.2903 -0.9559
vn 0.0407 -0.4714 -0.8810
vn 0.0357 -0.6344 -0.7722
vn 0.0293 -0.7730 -0.6337
vn 0.0218 -0.8819 -0.4709
vn 0.9989 -0.0000 0.0462
vn 0.0134 -0.9569 -0.2900
vn 0.0045 -0.9952 -0.0979
vn -0.9989 -0.0000 -0.0462
vn -0.0462 -0.0000 0.9989
vn -0.0000 1.0000 -0.0000
vn -0.9980 -0.0423 -0.0463
vn 0.1118 0.0078 -0.9937
vn 0.0011 -1.0000 0.0001
vn -0.0000 -1.0000 -0.0000
vn 0.0045 -0.9952 -0.0980
vn -0.9989 -0.0000 -0.0461
vn -0.9989 0.0043 -0.0462
vn -0.9979 -0.0451 -0.0461
vn -0.9989 -0.0123 -0.0462
vn -0.9989 -0.0090 -0.0451
vn -0.9988 -0.0088 -0.0472
vn -0.9981 -0.0400 -0.0461
vn -0.4431 -0.8962 -0.0205
vn -0.4633 -0.8860 -0.0195
vn -0.9980 -0.0423 -0.0459
vn -0.4821 -0.8758 -0.0223
vn -0.4647 -0.8852 -0.0224
vn 0.0004 -1.0000 -0.0092
vn -0.0459 0.0981 0.9941
vn -0.0045 -0.9952 0.0980
vn -0.1118 -0.0078 0.9937
vn 0.0462 -0.0000 -0.9989
vn 0.0446 0.2563 -0.9656
vn 0.9980 -0.0423 0.0459
vn -0.0197 0.0078 -0.9998
vn -0.0011 -1.0000 -0.0001
vn 0.9991 -0.0000 0.0427
vn 0.9989 0.0043 0.0462
vn 0.9979 -0.0451 0.0461
vn 0.9989 -0.0123 0.0462
vn 0.9988 -0.0090 0.0472
vn 0.9989 -0.0088 0.0451
vn 0.9981 -0.0400 0.0461
vn 0.4431 -0.8962 0.0205
vn 0.4631 -0.8860 0.0233
vn 0.9980 -0.0423 0.0463
vn 0.4821 -0.8758 0.0223
vn 0.4648 -0.8852 0.0205
vn 0.0197 -0.0078 0.9998
vt 1.000000 0.500000
vt 1.000000 1.000000
vt 0.968750 1.000000
vt 0.968750 0.500000
vt 0.937500 1.000000
vt 0.937500 0.500000
vt 0.906250 1.000000
vt 0.906250 0.500000
vt 0.875000 1.000000
vt 0.875000 0.500000
vt 0.843750 1.000000
vt 0.843750 0.500000
vt 0.812500 1.000000
vt 0.812500 0.500000
vt 0.781250 1.000000
vt 0.781250 0.500000
vt 0.750000 1.000000
vt 0.750000 0.500000
vt 0.718750 1.000000
vt 0.718750 0.500000
vt 0.687500 1.000000
vt 0.687500 0.500000
vt 0.656250 1.000000
vt 0.656250 0.500000
vt 0.625000 1.000000
vt 0.625000 0.500000
vt 0.593750 1.000000
vt 0.593750 0.500000
vt 0.562500 1.000000
vt 0.562500 0.500000
vt 0.531250 1.000000
vt 0.531250 0.500000
vt 0.500000 1.000000
vt 0.500000 0.500000
vt 0.468750 1.000000
vt 0.468750 0.500000
vt 0.437500 1.000000
vt 0.437500 0.500000
vt 0.406250 1.000000
vt 0.406250 0.500000
vt 0.375000 1.000000
vt 0.375000 0.500000
vt 0.343750 1.000000
vt 0.343750 0.500000
vt 0.312500 1.000000
vt 0.312500 0.500000
vt 0.281250 1.000000
vt 0.281250 0.500000
vt 0.250000 1.000000
vt 0.250000 0.500000
vt 0.218750 1.000000
vt 0.218750 0.500000
vt 0.187500 1.000000
vt 0.187500 0.500000
vt 0.156250 1.000000
vt 0.156250 0.500000
vt 0.125000 1.000000
vt 0.125000 0.500000
vt 0.093750 1.000000
vt 0.093750 0.500000
vt 0.062500 1.000000
vt 0.062500 0.500000
vt 0.296822 0.485388
vt 0.250000 0.490000
vt 0.203178 0.485388
vt 0.158156 0.471731
vt 0.116663 0.449553
vt 0.080294 0.419706
vt 0.050447 0.383337
vt 0.028269 0.341844
vt 0.014612 0.296822
vt 0.010000 0.250000
vt 0.014612 0.203178
vt 0.028269 0.158156
vt 0.050447 0.116663
vt 0.080294 0.080294
vt 0.116663 0.050447
vt 0.158156 0.028269
vt 0.203178 0.014612
vt 0.250000 0.010000
vt 0.296822 0.014612
vt 0.341844 0.028269
vt 0.383337 0.050447
vt 0.419706 0.080294
vt 0.449553 0.116663
vt 0.471731 0.158156
vt 0.485388 0.203178
vt 0.490000 0.250000
vt 0.485388 0.296822
vt 0.471731 0.341844
vt 0.449553 0.383337
vt 0.419706 0.419706
vt 0.383337 0.449553
vt 0.341844 0.471731
vt 0.031250 1.000000
vt 0.031250 0.500000
vt 0.000000 1.000000
vt 0.000000 0.500000
vt 0.750000 0.490000
vt 0.796822 0.485388
vt 0.841844 0.471731
vt 0.883337 0.449553
vt 0.919706 0.419706
vt 0.949553 0.383337
vt 0.971731 0.341844
vt 0.985388 0.296822
vt 0.990000 0.250000
vt 0.985388 0.203178
vt 0.971731 0.158156
vt 0.949553 0.116663
vt 0.919706 0.080294
vt 0.883337 0.050447
vt 0.841844 0.028269
vt 0.796822 0.014612
vt 0.750000 0.010000
vt 0.703178 0.014612
vt 0.658156 0.028269
vt 0.616663 0.050447
vt 0.580294 0.080294
vt 0.550447 0.116663
vt 0.528269 0.158156
vt 0.514612 0.203178
vt 0.510000 0.250000
vt 0.514612 0.296822
vt 0.528269 0.341844
vt 0.550447 0.383337
vt 0.580294 0.419706
vt 0.616663 0.449553
vt 0.658156 0.471731
vt 0.703178 0.485388
vt 0.500000 0.437500
vt 0.500000 0.375000
vt 0.625000 0.375000
vt 0.751251 0.750000
vt 0.625000 0.750000
vt 0.751251 0.500000
vt 0.406250 0.531250
vt 0.375000 0.531250
vt 0.625000 0.857225
vt 0.375000 0.827061
vt 0.375000 0.750000
vt 0.406250 0.750000
vt 0.437500 0.750000
vt 0.500000 0.750000
vt 0.297939 0.750000
vt 0.297939 0.500000
vt 0.375000 0.562500
vt 0.375000 0.593750
vt 0.375000 0.625000
vt 0.375000 0.656250
vt 0.375000 0.687500
vt 0.375000 0.718750
vt 0.732226 0.500000
vt 0.732226 0.750000
vt 0.625000 0.625000
vt 0.437500 0.437500
vt 0.500000 0.373749
vt 0.625000 0.373749
vt 0.375000 0.437500
vt 0.437500 0.373749
vt 0.437500 0.375000
vt 0.375000 0.373749
vt 0.375000 0.375000
vt 0.687597 1.000000
vt 0.687342 1.000000
vt 0.624539 1.000000
vt 0.500000 0.687513
vt 0.500131 1.000000
vt 0.500131 0.687513
vt 0.468750 0.687513
vt 0.437500 0.687513
vt 0.406250 0.687513
vt 0.375000 0.687513
vt 0.343750 0.687513
vt 0.312500 0.687514
vt 0.281250 0.687514
vt 0.250000 0.687514
vt 0.218750 0.687514
vt 0.217875 1.000000
vt 0.217875 0.687514
vt 0.471774 0.158296
vt 0.471619 0.157946
vt 0.471580 0.157934
vt 0.471819 0.158911
vt 0.472125 0.160160
vt 0.421825 0.082877
vt 0.470156 0.155210
vt 0.250038 0.010041
vt 0.249852 0.010065
vt 0.158994 0.028144
vt 0.203572 0.014615
vt 0.250130 0.010027
vt 0.250197 0.010019
vt 0.014994 0.298082
vt 0.014637 0.293760
vt 0.010428 0.250473
vt 0.010408 0.250188
vt 0.028663 0.259836
vt 0.060046 0.289859
vt 0.266176 0.330862
vt 0.320035 0.318379
vt 0.456779 0.261368
vt 0.448770 0.215255
vt 0.380002 0.124831
vt 0.294469 0.029395
vt 0.250085 0.010037
vt 0.342070 0.028422
vt 0.342784 0.028818
vt 0.419169 0.079854
vt 0.500000 0.625000
vt 0.500000 0.562500
vt 0.500000 0.687500
vt 0.406250 0.656250
vt 0.406250 0.625000
vt 0.437500 0.687500
vt 0.437500 0.656250
vt 0.437500 0.625000
vt 0.437500 0.718750
vt 0.406250 0.718750
vt 0.406250 0.687500
vt 0.459029 0.562500
vt 0.458486 0.537915
vt 0.456578 0.535127
vt 0.453482 0.532557
vt 0.449320 0.530305
vt 0.444252 0.528457
vt 0.438470 0.527083
vt 0.437667 0.526975
vt 0.437500 0.526952
vt 0.437500 0.593750
vt 0.437500 0.582636
vt 0.437625 0.582619
vt 0.438524 0.582497
vt 0.444296 0.581124
vt 0.449357 0.579275
vt 0.453513 0.577023
vt 0.456603 0.574453
vt 0.458507 0.571665
vt 0.459152 0.568765
vt 0.406250 0.593750
vt 0.406250 0.562500
vt 0.406494 0.562500
vt 0.406494 0.586290
vt 0.408650 0.586141
vt 0.424643 0.584462
vt 0.408846 0.528448
vt 0.406495 0.528694
vt 0.406494 0.531250
vt 0.433327 0.527062
vt 0.424923 0.527333
vt 0.754555 1.000000
vt 0.750000 0.976717
vt 0.718750 0.817375
vt 0.718750 0.817374
vt 0.701719 0.734082
vt 0.692352 0.693077
vt 0.691498 0.694724
vt 0.687500 0.694599
vt 0.656250 0.693658
vt 0.625000 0.692793
vt 0.593750 0.692037
vt 0.562500 0.691421
vt 0.531250 0.690966
vt 0.506347 0.690700
vt 0.500000 0.691076
vt 0.468750 0.691310
vt 0.437500 0.691646
vt 0.406250 0.692070
vt 0.375000 0.692566
vt 0.343750 0.693115
vt 0.312500 0.693697
vt 0.281250 0.820034
vt 0.308013 0.693781
vt 0.307375 0.692551
vt 0.281250 0.820035
vt 0.250000 0.978620
vt 0.245787 1.000000
vt 0.010622 0.256313
vt 0.263607 0.488660
vt 0.448055 0.114838
vt 0.489328 0.243174
vt 0.196256 0.689441
vt 0.500256 0.687492
vt 0.531473 0.687435
vt 0.562653 0.687363
vt 0.593789 0.687275
vt 0.624871 0.687174
vt 0.655887 0.687059
vt 0.686821 0.686931
vt 0.717625 0.686777
vt 0.747821 0.686409
vt 0.375000 0.532493
vt 0.778756 1.000000
vt 0.778756 0.687514
vt 0.750000 0.687514
vt 0.718750 0.687513
vt 0.687500 0.687513
vt 0.656250 0.687513
vt 0.625000 0.687513
vt 0.593750 0.687513
vt 0.562500 0.687513
vt 0.531250 0.687513
vt 0.499824 1.000000
vt 0.499869 1.000000
vt 0.499869 0.687513
vt 0.437808 1.000000
vt 0.221244 0.687514
vt 0.221244 1.000000
vt 0.218827 1.000000
vt 0.218827 0.687514
vt 0.158600 0.028134
vt 0.249458 0.010061
vt 0.249644 0.010038
vt 0.249691 0.010035
vt 0.249737 0.010026
vt 0.418775 0.079854
vt 0.342390 0.028815
vt 0.471187 0.157930
vt 0.471225 0.157946
vt 0.471337 0.158156
vt 0.471380 0.158296
vt 0.489606 0.250000
vt 0.471731 0.160136
vt 0.471425 0.158895
vt 0.379609 0.119998
vt 0.448376 0.208770
vt 0.456385 0.250000
vt 0.319641 0.278847
vt 0.265782 0.288101
vt 0.059653 0.266077
vt 0.028269 0.253169
vt 0.010014 0.250069
vt 0.010035 0.250351
vt 0.014244 0.293085
vt 0.485756 0.293085
vt 0.449159 0.116663
vt 0.469762 0.155210
vt 0.341676 0.028420
vt 0.294075 0.028420
vt 0.421431 0.082877
vt 0.249803 0.010019
vt 0.296428 0.014612
vt 0.341450 0.028269
vt 0.382943 0.050447
vt 0.375000 0.422939
vt 0.625000 0.392774
vt 0.248749 0.500000
vt 0.343724 0.652061
vt 0.375000 0.652061
vt 0.248749 0.750000
vt 0.343724 0.532493
vt 0.500000 0.876251
vt 0.375000 0.876251
vt 0.625000 0.876251
s 0
f 3826/1771/381 3827/1772/381 3829/1773/381 3828/1774/381
f 3828/1774/382 3829/1773/382 3831/1775/382 3830/1776/382
f 3830/1776/383 3831/1775/383 3833/1777/383 3832/1778/383
f 3832/1778/384 3833/1777/384 3835/1779/384 3834/1780/384
f 3834/1780/385 3835/1779/385 3837/1781/385 3836/1782/385
f 3836/1782/386 3837/1781/386 3839/1783/386 3838/1784/386
f 3838/1784/387 3839/1783/387 3841/1785/387 3840/1786/387
f 3840/1786/388 3841/1785/388 3843/1787/388 3842/1788/388
f 3842/1788/389 3843/1787/389 3845/1789/389 3844/1790/389
f 3844/1790/390 3845/1789/390 3847/1791/390 3846/1792/390
f 3846/1792/391 3847/1791/391 3849/1793/391 3848/1794/391
f 3848/1794/392 3849/1793/392 3851/1795/392 3850/1796/392
f 3850/1796/393 3851/1795/393 3853/1797/393 3852/1798/393
f 3852/1798/394 3853/1797/394 3855/1799/394 3854/1800/394
f 3854/1800/395 3855/1799/395 3857/1801/395 3856/1802/395
f 3856/1802/396 3857/1801/396 3859/1803/396 3858/1804/396
f 3858/1804/397 3859/1803/397 3861/1805/397 3860/1806/397
f 3860/1806/398 3861/1805/398 3863/1807/398 3862/1808/398
f 3862/1808/399 3863/1807/399 3865/1809/399 3864/1810/399
f 3864/1810/400 3865/1809/400 3867/1811/400 3866/1812/400
f 3866/1812/401 3867/1811/401 3869/1813/401 3868/1814/401
f 3868/1814/402 3869/1813/402 3871/1815/402 3870/1816/402
f 3870/1816/403 3871/1815/403 3873/1817/403 3872/1818/403
f 3872/1818/404 3873/1817/404 3875/1819/404 3874/1820/404
f 3874/1820/405 3875/1819/405 3877/1821/405 3876/1822/405
f 3876/1822/406 3877/1821/406 3879/1823/406 3878/1824/406
f 3878/1824/407 3879/1823/407 3881/1825/407 3880/1826/407
f 3880/1826/408 3881/1825/408 3883/1827/408 3882/1828/408
f 3882/1828/409 3883/1827/409 3885/1829/409 3884/1830/409
f 3884/1830/410 3885/1829/410 3887/1831/410 3886/1832/410
f 3829/1833/411 3827/1834/411 3889/1835/411 3887/1836/411 3885/1837/411 3883/1838/411 3881/1839/411 3879/1840/411 3877/1841/411 3875/1842/411 3873/1843/411 3871/1844/411 3869/1845/411 3867/1846/411 3865/1847/411 3863/1848/411 3861/1849/411 3859/1850/411 3857/1851/411 3855/1852/411 3853/1853/411 3851/1854/411 3849/1855/411 3847/1856/411 3845/1857/411 3843/1858/411 3841/1859/411 3839/1860/411 3837/1861/411 3835/1862/411 3833/1863/411 3831/1864/411
f 3886/1832/412 3887/1831/412 3889/1865/412 3888/1866/412
f 3888/1866/413 3889/1865/413 3827/1867/413 3826/1868/413
f 3826/1869/414 3828/1870/414 3830/1871/414 3832/1872/414 3834/1873/414 3836/1874/414 3838/1875/414 3840/1876/414 3842/1877/414 3844/1878/414 3846/1879/414 3848/1880/414 3850/1881/414 3852/1882/414 3854/1883/414 3856/1884/414 3858/1885/414 3860/1886/414 3862/1887/414 3864/1888/414 3866/1889/414 3868/1890/414 3870/1891/414 3872/1892/414 3874/1893/414 3876/1894/414 3878/1895/414 3880/1896/414 3882/1897/414 3884/1898/414 3886/1899/414 3888/1900/414
f 3996/1804/415 3894/1901/415 3893/1902/415 4005/1903/415 4007/1796/415
f 4205/1904/416 4006/1905/416 4007/1796/416 4005/1788/416 4206/1906/416
f 4041/1907/417 4040/1908/417 4048/1812/417 4049/1810/417
f 4209/1909/418 4210/1910/418 3949/1911/418 3950/1912/418 3988/1913/418 3997/1914/418 4008/1905/418
f 4210/1915/419 4207/1916/419 4048/1812/419 4040/1908/419 4032/1917/419 4013/1918/419 4011/1919/419 4009/1920/419 4000/1921/419 3998/1922/419 3949/1911/419
f 4208/1923/416 4209/1924/416 4008/1905/416 4072/1925/416 4073/1796/416
f 3996/1804/415 3994/1808/415 3892/1926/415 3894/1901/415
f 4211/1927/415 4206/1928/415 4005/1903/415 3893/1902/415
f 3891/1929/415 3892/1926/415 3994/1808/415 3987/1812/415
f 3894/1901/414 3892/1926/414 3898/1926/414 3900/1901/414
f 4213/1930/415 4214/1927/415 3899/1902/415 3896/1931/415
f 4212/1932/415 4213/1930/415 3896/1931/415 3895/1933/415
f 3898/1926/415 3897/1929/415 3895/1933/415 3896/1931/415
f 3900/1901/415 3898/1926/415 3896/1931/415 3899/1902/415
f 3891/1816/420 3890/1820/420 3895/1820/420 3897/1816/420
f 3900/1901/416 3899/1902/416 3893/1902/416 3894/1901/416
f 3892/1926/414 3891/1929/414 3897/1929/414 3898/1926/414
f 3941/1791/411 3942/1934/411 3943/1791/411
f 3941/1791/411 3943/1791/411 3945/1935/411
f 3957/1797/411 3954/1936/411 3959/1797/411
f 3964/1799/411 3961/1799/411 3957/1797/411 3959/1797/411
f 3961/1799/411 3964/1799/411 3967/1801/411
f 3980/1937/421 3920/1803/421 3925/1938/421 3981/1939/421
f 3979/1940/381 3917/1805/381 3920/1803/381 3980/1937/381
f 3978/1941/382 3915/1807/382 3917/1805/382 3979/1940/382
f 3914/1809/383 3915/1807/383 3978/1941/383 3977/1942/383
f 3913/1811/384 3914/1809/384 3977/1942/384 3976/1943/384
f 3912/1813/385 3913/1811/385 3976/1943/385 3975/1944/385
f 3974/1945/386 3911/1815/386 3912/1813/386 3975/1944/386
f 3973/1946/387 3910/1817/387 3911/1815/387 3974/1945/387
f 3906/1819/388 3910/1817/388 3973/1946/388 3972/1947/388
f 3901/1821/389 3906/1819/389 3972/1947/389 3969/1948/389
f 3902/1949/398 3901/1821/398 3969/1948/398 3970/1950/398
f 3936/1858/422 3937/1858/422 3932/1858/422 3933/1858/422 3934/1858/422 3930/1858/422 3935/1858/422 3942/1951/422 3941/1856/422 3945/1952/422 3946/1953/422 3944/1954/422 3940/1955/422
f 3955/1855/414 3952/1956/414 3948/1957/414
f 3923/1958/414 3922/1959/414 3916/1960/414 3919/1961/414 3926/1962/414 3925/1963/414 3920/1850/414 3917/1849/414 3915/1848/414 3914/1847/414 3913/1846/414 3912/1845/414 3911/1844/414 3910/1843/414 3906/1842/414 3901/1841/414 3902/1964/414 3903/1965/414 3907/1966/414 3908/1967/414 3905/1968/414 3904/1969/414 3909/1970/414 3927/1971/414 3929/1972/414 3938/1973/414 3951/1974/414 3960/1975/414
f 3926/1962/414 3924/1976/414 3923/1958/414 3960/1975/414 3963/1977/414 3965/1978/414 3954/1979/414 3957/1853/414 3961/1852/414 3967/1851/414 3925/1963/414
f 4031/1980/423 4070/1981/423 4071/1804/423 4073/1796/423 4072/1925/423
f 3997/1914/423 4004/1982/423 4031/1980/423 4072/1925/423 4008/1905/423
f 4010/1983/424 4009/1920/424 4011/1919/424 4012/1984/424
f 4003/1985/425 4022/1986/425 4023/1987/425 4031/1980/425 4004/1982/425
f 3988/1913/425 4002/1988/425 4003/1985/425 4004/1982/425 3997/1914/425
f 3999/1989/424 3998/1922/424 4000/1921/424 4001/1990/424
f 4058/1991/426 4059/1992/426 4069/1993/426 4068/1994/426 4067/1995/426 4066/1996/426 4063/1997/426 4062/1998/426 4064/1999/426 4065/1808/426 4071/1804/426 4070/1981/426
f 4023/1987/427 4025/2000/427 4026/2001/427 4027/2002/427 4028/2003/427 4029/2004/427 4030/2005/427 4054/2006/427 4055/2007/427 4056/2008/427 4057/2009/427 4058/1991/427 4070/1981/427 4031/1980/427
f 4014/2010/428 4013/1918/428 4032/1917/428 4033/2011/428
f 4014/2010/429 4033/2011/429 4034/2012/429 4015/2013/429 4017/2014/429 4024/2015/429 4026/2001/429 4025/2000/429
f 4023/1987/430 4012/1984/430 4014/2010/430 4025/2000/430
f 4012/1984/431 4011/1919/431 4013/1918/431 4014/2010/431
f 4002/1988/432 3999/1989/432 4001/1990/432 4003/1985/432
f 3988/1913/432 3950/1912/432 3999/1989/432 4002/1988/432
f 3950/1912/424 3949/1911/424 3998/1922/424 3999/1989/424
f 4022/1986/432 4010/1983/432 4012/1984/432 4023/1987/432
f 4003/1985/432 4001/1990/432 4010/1983/432 4022/1986/432
f 4001/1990/424 4000/1921/424 4009/1920/424 4010/1983/424
f 4045/2016/433 4043/2017/433 4042/2018/433 4041/1907/433 4049/1810/433 4065/1808/433 4064/1999/433 4061/2019/433 4060/2020/433
f 4042/2018/429 4034/2012/429 4033/2011/429 4041/1907/429
f 4033/2011/428 4032/1917/428 4040/1908/428 4041/1907/428
f 4043/2021/404 4045/2022/404 4044/1787/404
f 4046/1789/405 4044/1787/405 4045/2022/405 4060/2023/405
f 4047/1791/406 4046/1789/406 4060/2024/406 4061/2025/406 4064/2026/406 4062/2027/406 4063/2028/406
f 4050/1793/407 4047/1791/407 4063/2028/407 4066/2029/407
f 4051/1795/408 4050/1793/408 4066/2029/408 4067/2030/408
f 4052/1797/409 4051/1795/409 4067/2030/409 4068/2031/409
f 4069/2032/410 4053/1799/410 4052/1797/410 4068/2031/410
f 4059/2033/412 4039/1801/412 4053/1799/412 4069/2032/412
f 4038/1803/434 4039/1801/434 4059/2033/434 4058/2034/434 4057/2035/434
f 4037/1805/381 4038/1803/381 4057/2035/381 4056/2036/381
f 4036/1807/382 4037/1805/382 4056/2036/382 4055/2037/382
f 4035/1809/383 4036/1807/383 4055/2037/383 4054/2038/383
f 4021/1811/384 4035/1809/384 4054/2038/384 4030/2039/384
f 4020/1813/385 4021/1811/385 4030/2039/385 4029/2040/385
f 4019/1815/386 4020/1813/386 4029/2040/386 4028/2041/386
f 4024/2042/387 4018/1817/387 4019/1815/387 4028/2041/387 4027/2043/387 4026/2044/387
f 4024/2045/388 4017/2046/388 4016/1819/388 4018/1817/388
f 4015/2047/435 4016/1819/435 4017/2046/435
f 4038/1834/414 4037/1835/414 4036/1836/414 4035/1837/414 4021/1838/414 4020/1839/414 4019/1840/414 4018/1841/414 4016/1842/414 4015/2048/414 4034/2049/414 4042/2050/414 4043/2051/414 4044/1858/414 4046/1857/414 4047/1856/414 4050/1855/414 4051/1854/414 4052/1853/414 4053/1864/414 4039/1833/414
f 3968/1911/414 3971/2052/414 3970/1950/414 3969/1948/414 3972/1947/414 3973/1946/414 3974/1945/414 3975/1944/414 3976/1943/414 3977/1942/414 3978/1941/414 3979/1940/414 3980/1937/414 3981/1939/414 3982/2053/414 3993/2054/414 3992/2055/414 3991/2056/414 3989/2057/414 3990/2058/414 3986/2059/414 3985/2060/414 3984/2061/414 3983/2062/414 3987/1812/414 3994/1808/414 3996/1804/414 4007/1796/414 4006/1905/414 3995/1914/414
f 3931/1787/404 3928/2063/404 3983/2064/404 3984/2065/404
f 3939/1789/405 3931/1787/405 3984/2065/405 3985/2066/405
f 3986/2067/406 3947/1791/406 3939/1789/406 3985/2066/406
f 3990/2068/407 3956/1793/407 3947/1791/407 3986/2067/407
f 3953/1795/408 3956/1793/408 3990/2068/408 3989/2069/408
f 3958/1797/409 3953/1795/409 3989/2069/409 3991/2070/409
f 3962/1799/410 3958/1797/410 3991/2070/410 3992/2071/410
f 3993/2072/412 3966/1801/412 3962/1799/412 3992/2071/412
f 3982/1937/413 3921/1803/413 3966/1801/413 3993/2072/413
f 3918/1805/411 3926/2073/411 3919/1805/411
f 3925/2074/436 3921/1803/436 3982/1937/436 3981/2075/436
f 3918/1805/411 3919/1805/411 3916/2076/411
f 3971/2077/405 3903/2078/405 3902/2079/405 3970/2080/405
f 3918/1849/414 3916/2081/414 3922/2082/414 3923/2083/414 3924/2084/414 3926/2085/414
f 3954/2086/414 3965/2087/414 3946/2088/414 3945/2089/414 3943/2090/414 3942/2091/414 3935/2092/414 3930/2092/414 3934/2092/414 3933/2092/414 3932/2092/414 3937/2092/414 3936/2092/414 3940/2093/414 3944/2094/414 3951/2095/414 3938/2096/414 3929/2097/414 3927/2098/414 3909/2099/414 3904/2100/414 3905/2101/414 3908/2102/414 3907/2103/414 3903/2104/414 3928/2105/414 3931/1858/414 3939/1857/414 3947/1856/414 3956/1855/414 3955/2106/414 3948/2107/414
f 3944/2094/414 3946/2088/414 3965/2087/414 3963/2108/414 3960/2109/414 3951/2095/414
f 3954/2086/422 3948/2107/422 3952/2110/422 3955/2106/422 3956/1855/422 3953/1854/422 3958/1853/422 3962/1852/422 3966/1851/422 3921/1850/422 3925/2111/422 3967/2112/422 3964/2113/422 3959/2114/422
f 4074/1771/381 4075/1772/381 4077/1773/381 4076/1774/381
f 4076/1774/382 4077/1773/382 4079/1775/382 4078/1776/382
f 4078/1776/383 4079/1775/383 4081/1777/383 4080/1778/383
f 4080/1778/384 4081/1777/384 4083/1779/384 4082/1780/384
f 4082/1780/385 4083/1779/385 4085/1781/385 4084/1782/385
f 4084/1782/386 4085/1781/386 4087/1783/386 4086/1784/386
f 4086/1784/387 4087/1783/387 4089/1785/387 4088/1786/387
f 4088/1786/388 4089/1785/388 4091/1787/388 4090/1788/388
f 4090/1788/389 4091/1787/389 4093/1789/389 4092/1790/389
f 4092/1790/390 4093/1789/390 4095/1791/390 4094/1792/390
f 4094/1792/391 4095/1791/391 4097/1793/391 4096/1794/391
f 4096/1794/392 4097/1793/392 4099/1795/392 4098/1796/392
f 4098/1796/393 4099/1795/393 4101/1797/393 4100/1798/393
f 4100/1798/394 4101/1797/394 4103/1799/394 4102/1800/394
f 4102/1800/395 4103/1799/395 4105/1801/395 4104/1802/395
f 4104/1802/396 4105/1801/396 4107/1803/396 4106/1804/396
f 4106/1804/397 4107/1803/397 4109/1805/397 4108/1806/397
f 4108/1806/398 4109/1805/398 4111/1807/398 4110/1808/398
f 4110/1808/399 4111/1807/399 4113/1809/399 4112/1810/399
f 4112/1810/400 4113/1809/400 4115/1811/400 4114/1812/400
f 4114/1812/401 4115/1811/401 4117/1813/401 4116/1814/401
f 4116/1814/402 4117/1813/402 4119/1815/402 4118/1816/402
f 4118/1816/403 4119/1815/403 4121/1817/403 4120/1818/403
f 4120/1818/404 4121/1817/404 4123/1819/404 4122/1820/404
f 4122/1820/405 4123/1819/405 4125/1821/405 4124/1822/405
f 4124/1822/406 4125/1821/406 4127/1823/406 4126/1824/406
f 4126/1824/407 4127/1823/407 4129/1825/407 4128/1826/407
f 4128/1826/408 4129/1825/408 4131/1827/408 4130/1828/408
f 4130/1828/409 4131/1827/409 4133/1829/409 4132/1830/409
f 4132/1830/410 4133/1829/410 4135/1831/410 4134/1832/410
f 4077/1833/411 4075/1834/411 4137/1835/411 4135/1836/411 4133/1837/411 4131/1838/411 4129/1839/411 4127/1840/411 4125/1841/411 4123/1842/411 4121/1843/411 4119/1844/411 4117/1845/411 4115/1846/411 4113/1847/411 4111/1848/411 4109/1849/411 4107/1850/411 4105/1851/411 4103/1852/411 4101/1853/411 4099/1854/411 4097/1855/411 4095/1856/411 4093/1857/411 4091/1858/411 4089/1859/411 4087/1860/411 4085/1861/411 4083/1862/411 4081/1863/411 4079/1864/411
f 4134/1832/412 4135/1831/412 4137/1865/412 4136/1866/412
f 4136/1866/413 4137/1865/413 4075/1867/413 4074/1868/413
f 4074/1869/414 4076/1870/414 4078/1871/414 4080/1872/414 4082/1873/414 4084/1874/414 4086/1875/414 4088/1876/414 4090/1877/414 4092/1878/414 4094/1879/414 4096/1880/414 4098/1881/414 4100/1882/414 4102/1883/414 4104/1884/414 4106/1885/414 4108/1886/414 4110/1887/414 4112/1888/414 4114/1889/414 4116/1890/414 4118/1891/414 4120/1892/414 4122/1893/414 4124/1894/414 4126/1895/414 4128/1896/414 4130/1897/414 4132/1898/414 4134/1899/414 4136/1900/414
f 4138/1771/381 4139/1772/381 4141/1773/381 4140/1774/381
f 4140/1774/382 4141/1773/382 4143/1775/382 4142/1776/382
f 4142/1776/383 4143/1775/383 4145/1777/383 4144/1778/383
f 4144/1778/384 4145/1777/384 4147/1779/384 4146/1780/384
f 4146/1780/385 4147/1779/385 4149/1781/385 4148/1782/385
f 4148/1782/386 4149/1781/386 4151/1783/386 4150/1784/386
f 4150/1784/387 4151/1783/387 4153/1785/387 4152/1786/387
f 4152/1786/388 4153/1785/388 4155/1787/388 4154/1788/388
f 4154/1788/389 4155/1787/389 4157/1789/389 4156/1790/389
f 4156/1790/390 4157/1789/390 4159/1791/390 4158/1792/390
f 4158/1792/391 4159/1791/391 4161/1793/391 4160/1794/391
f 4160/1794/392 4161/1793/392 4163/1795/392 4162/1796/392
f 4162/1796/393 4163/1795/393 4165/1797/393 4164/1798/393
f 4164/1798/394 4165/1797/394 4167/1799/394 4166/1800/394
f 4166/1800/395 4167/1799/395 4169/1801/395 4168/1802/395
f 4168/1802/396 4169/1801/396 4171/1803/396 4170/1804/396
f 4170/1804/397 4171/1803/397 4173/1805/397 4172/1806/397
f 4172/1806/398 4173/1805/398 4175/1807/398 4174/1808/398
f 4174/1808/399 4175/1807/399 4177/1809/399 4176/1810/399
f 4176/1810/400 4177/1809/400 4179/1811/400 4178/1812/400
f 4178/1812/401 4179/1811/401 4181/1813/401 4180/1814/401
f 4180/1814/402 4181/1813/402 4183/1815/402 4182/1816/402
f 4182/1816/403 4183/1815/403 4185/1817/403 4184/1818/403
f 4184/1818/404 4185/1817/404 4187/1819/404 4186/1820/404
f 4186/1820/405 4187/1819/405 4189/1821/405 4188/1822/405
f 4188/1822/406 4189/1821/406 4191/1823/406 4190/1824/406
f 4190/1824/407 4191/1823/407 4193/1825/407 4192/1826/407
f 4192/1826/408 4193/1825/408 4195/1827/408 4194/1828/408
f 4194/1828/409 4195/1827/409 4197/1829/409 4196/1830/409
f 4196/1830/410 4197/1829/410 4199/1831/410 4198/1832/410
f 4141/1833/411 4139/1834/411 4201/1835/411 4199/1836/411 4197/1837/411 4195/1838/411 4193/1839/411 4191/1840/411 4189/1841/411 4187/1842/411 4185/1843/411 4183/1844/411 4181/1845/411 4179/1846/411 4177/1847/411 4175/1848/411 4173/1849/411 4171/1850/411 4169/1851/411 4167/1852/411 4165/1853/411 4163/1854/411 4161/1855/411 4159/1856/411 4157/1857/411 4155/1858/411 4153/1859/411 4151/1860/411 4149/1861/411 4147/1862/411 4145/1863/411 4143/1864/411
f 4198/1832/412 4199/1831/412 4201/1865/412 4200/1866/412
f 4200/1866/413 4201/1865/413 4139/1867/413 4138/1868/413
f 4138/1869/414 4140/1870/414 4142/1871/414 4144/1872/414 4146/1873/414 4148/1874/414 4150/1875/414 4152/1876/414 4154/1877/414 4156/1878/414 4158/1879/414 4160/1880/414 4162/1881/414 4164/1882/414 4166/1883/414 4168/1884/414 4170/1885/414 4172/1886/414 4174/1887/414 4176/1888/414 4178/1889/414 4180/1890/414 4182/1891/414 4184/1892/414 4186/1893/414 4188/1894/414 4190/1895/414 4192/1896/414 4194/1897/414 4196/1898/414 4198/1899/414 4200/1900/414
f 3899/1902/416 4214/1927/416 4211/1927/416 3893/1902/416
f 4065/1808/437 4049/1810/437 4048/1812/437 4207/2115/437 4208/2116/437 4073/1796/437 4071/1804/437
f 3890/1820/420 4204/2117/420 4212/2117/420 3895/1820/420
f 3903/2118/420 3971/2119/420 3968/1911/420 4203/2120/420 4204/2117/420 3890/1820/420 3891/1816/420 3987/1812/420 3983/2062/420 3928/2121/420
f 3995/1914/438 4202/2122/438 4203/2123/438 3968/1911/438
f 4006/1905/439 4205/2124/439 4202/2122/439 3995/1914/439
f 4215/1771/381 4217/1774/381 4218/1773/381 4216/1772/381
f 4217/1774/382 4219/1776/382 4220/1775/382 4218/1773/382
f 4219/1776/383 4221/1778/383 4222/1777/383 4220/1775/383
f 4221/1778/384 4223/1780/384 4224/1779/384 4222/1777/384
f 4223/1780/385 4225/1782/385 4226/1781/385 4224/1779/385
f 4225/1782/386 4227/1784/386 4228/1783/386 4226/1781/386
f 4227/1784/387 4229/1786/387 4230/1785/387 4228/1783/387
f 4229/1786/388 4231/1788/388 4232/1787/388 4230/1785/388
f 4231/1788/389 4233/1790/389 4234/1789/389 4232/1787/389
f 4233/1790/390 4235/1792/390 4236/1791/390 4234/1789/390
f 4235/1792/391 4237/1794/391 4238/1793/391 4236/1791/391
f 4237/1794/392 4239/1796/392 4240/1795/392 4238/1793/392
f 4239/1796/393 4241/1798/393 4242/1797/393 4240/1795/393
f 4241/1798/394 4243/1800/394 4244/1799/394 4242/1797/394
f 4243/1800/395 4245/1802/395 4246/1801/395 4244/1799/395
f 4245/1802/396 4247/1804/396 4248/1803/396 4246/1801/396
f 4247/1804/397 4249/1806/397 4250/1805/397 4248/1803/397
f 4249/1806/398 4251/1808/398 4252/1807/398 4250/1805/398
f 4251/1808/399 4253/1810/399 4254/1809/399 4252/1807/399
f 4253/1810/400 4255/1812/400 4256/1811/400 4254/1809/400
f 4255/1812/401 4257/1814/401 4258/1813/401 4256/1811/401
f 4257/1814/402 4259/1816/402 4260/1815/402 4258/1813/402
f 4259/1816/403 4261/1818/403 4262/1817/403 4260/1815/403
f 4261/1818/404 4263/1820/404 4264/1819/404 4262/1817/404
f 4263/1820/405 4265/1822/405 4266/1821/405 4264/1819/405
f 4265/1822/406 4267/1824/406 4268/1823/406 4266/1821/406
f 4267/1824/407 4269/1826/407 4270/1825/407 4268/1823/407
f 4269/1826/408 4271/1828/408 4272/1827/408 4270/1825/408
f 4271/1828/409 4273/1830/409 4274/1829/409 4272/1827/409
f 4273/1830/410 4275/1832/410 4276/1831/410 4274/1829/410
f 4218/1833/414 4220/1864/414 4222/1863/414 4224/1862/414 4226/1861/414 4228/1860/414 4230/1859/414 4232/1858/414 4234/1857/414 4236/1856/414 4238/1855/414 4240/1854/414 4242/1853/414 4244/1852/414 4246/1851/414 4248/1850/414 4250/1849/414 4252/1848/414 4254/1847/414 4256/1846/414 4258/1845/414 4260/1844/414 4262/1843/414 4264/1842/414 4266/1841/414 4268/1840/414 4270/1839/414 4272/1838/414 4274/1837/414 4276/1836/414 4278/1835/414 4216/1834/414
f 4275/1832/412 4277/1866/412 4278/1865/412 4276/1831/412
f 4277/1866/413 4215/1868/413 4216/1867/413 4278/1865/413
f 4215/1869/411 4277/1900/411 4275/1899/411 4273/1898/411 4271/1897/411 4269/1896/411 4267/1895/411 4265/1894/411 4263/1893/411 4261/1892/411 4259/1891/411 4257/1890/411 4255/1889/411 4253/1888/411 4251/1887/411 4249/1886/411 4247/1885/411 4245/1884/411 4243/1883/411 4241/1882/411 4239/1881/411 4237/1880/411 4235/1879/411 4233/1878/411 4231/1877/411 4229/1876/411 4227/1875/411 4225/1874/411 4223/1873/411 4221/1872/411 4219/1871/411 4217/1870/411
f 4385/1804/415 4396/1796/415 4394/1903/415 4282/1902/415 4283/1901/415
f 4205/1904/416 4206/1906/416 4394/1788/416 4396/1796/416 4395/1905/416
f 4430/1907/440 4438/1810/440 4437/1812/440 4429/1908/440
f 4209/1909/441 4397/1905/441 4386/1914/441 4377/1913/441 4339/1912/441 4338/1911/441 4210/1910/441
f 4210/1915/442 4338/1911/442 4387/1922/442 4389/1921/442 4398/1920/442 4400/1919/442 4402/1918/442 4421/1917/442 4429/1908/442 4437/1812/442 4207/1916/442
f 4208/1923/416 4462/1796/416 4461/1925/416 4397/1905/416 4209/1924/416
f 4385/1804/415 4283/1901/415 4281/1926/415 4383/1808/415
f 4211/1927/415 4282/1902/415 4394/1903/415 4206/1928/415
f 4280/1929/415 4376/1812/415 4383/1808/415 4281/1926/415
f 4283/1901/411 4289/1901/411 4287/1926/411 4281/1926/411
f 4213/1930/415 4285/1931/415 4288/1902/415 4214/1927/415
f 4212/1932/415 4284/1933/415 4285/1931/415 4213/1930/415
f 4287/1926/415 4285/1931/415 4284/1933/415 4286/1929/415
f 4289/1901/415 4288/1902/415 4285/1931/415 4287/1926/415
f 4280/1816/420 4286/1816/420 4284/1820/420 4279/1820/420
f 4289/1901/416 4283/1901/416 4282/1902/416 4288/1902/416
f 4281/1926/411 4287/1926/411 4286/1929/411 4280/1929/411
f 4330/1791/411 4332/1791/411 4331/1934/411
f 4330/1791/411 4334/1935/411 4332/1791/411
f 4346/1797/411 4348/1797/411 4343/1936/411
f 4353/1799/411 4348/1797/411 4346/1797/411 4350/1799/411
f 4350/1799/411 4356/1801/411 4353/1799/411
f 4369/1937/421 4370/1939/421 4314/1938/421 4309/1803/421
f 4368/1940/381 4369/1937/381 4309/1803/381 4306/1805/381
f 4367/1941/382 4368/1940/382 4306/1805/382 4304/1807/382
f 4303/1809/383 4366/1942/383 4367/1941/383 4304/1807/383
f 4302/1811/384 4365/1943/384 4366/1942/384 4303/1809/384
f 4301/1813/385 4364/1944/385 4365/1943/385 4302/1811/385
f 4363/1945/386 4364/1944/386 4301/1813/386 4300/1815/386
f 4362/1946/387 4363/1945/387 4300/1815/387 4299/1817/387
f 4295/1819/388 4361/1947/388 4362/1946/388 4299/1817/388
f 4290/1821/389 4358/1948/389 4361/1947/389 4295/1819/389
f 4291/1949/398 4359/1950/398 4358/1948/398 4290/1821/398
f 4325/1858/443 4329/1955/443 4333/1954/443 4335/1953/443 4334/1952/443 4330/1856/443 4331/1951/443 4324/1858/443 4319/1858/443 4323/1858/443 4322/1858/443 4321/1858/443 4326/1858/443
f 4344/1855/411 4337/1957/411 4341/1956/411
f 4312/1958/411 4349/1975/411 4340/1974/411 4327/1973/411 4318/1972/411 4316/1971/411 4298/1970/411 4293/1969/411 4294/1968/411 4297/1967/411 4296/1966/411 4292/1965/411 4291/1964/411 4290/1841/411 4295/1842/411 4299/1843/411 4300/1844/411 4301/1845/411 4302/1846/411 4303/1847/411 4304/1848/411 4306/1849/411 4309/1850/411 4314/1963/411 4315/1962/411 4308/1961/411 4305/1960/411 4311/1959/411
f 4315/1962/411 4314/1963/411 4356/1851/411 4350/1852/411 4346/1853/411 4343/1979/411 4354/1978/411 4352/1977/411 4349/1975/411 4312/1958/411 4313/1976/411
f 4420/1980/444 4461/1925/444 4462/1796/444 4460/1804/444 4459/1981/444
f 4386/1914/444 4397/1905/444 4461/1925/444 4420/1980/444 4393/1982/444
f 4399/1983/445 4401/1984/445 4400/1919/445 4398/1920/445
f 4392/1985/446 4393/1982/446 4420/1980/446 4412/1987/446 4411/1986/446
f 4377/1913/446 4386/1914/446 4393/1982/446 4392/1985/446 4391/1988/446
f 4388/1989/445 4390/1990/445 4389/1921/445 4387/1922/445
f 4447/1991/447 4459/1981/447 4460/1804/447 4454/1808/447 4453/1999/447 4451/1998/447 4452/1997/447 4455/1996/447 4456/1995/447 4457/1994/447 4458/1993/447 4448/1992/447
f 4412/1987/448 4420/1980/448 4459/1981/448 4447/1991/448 4446/2009/448 4445/2008/448 4444/2007/448 4443/2006/448 4419/2005/448 4418/2004/448 4417/2003/448 4416/2002/448 4415/2001/448 4414/2000/448
f 4403/2010/449 4422/2011/449 4421/1917/449 4402/1918/449
f 4403/2010/450 4414/2000/450 4415/2001/450 4413/2015/450 4406/2014/450 4404/2013/450 4423/2012/450 4422/2011/450
f 4412/1987/451 4414/2000/451 4403/2010/451 4401/1984/451
f 4401/1984/452 4403/2010/452 4402/1918/452 4400/1919/452
f 4391/1988/453 4392/1985/453 4390/1990/453 4388/1989/453
f 4377/1913/453 4391/1988/453 4388/1989/453 4339/1912/453
f 4339/1912/445 4388/1989/445 4387/1922/445 4338/1911/445
f 4411/1986/453 4412/1987/453 4401/1984/453 4399/1983/453
f 4392/1985/453 4411/1986/453 4399/1983/453 4390/1990/453
f 4390/1990/445 4399/1983/445 4398/1920/445 4389/1921/445
f 4434/2016/454 4449/2020/454 4450/2019/454 4453/1999/454 4454/1808/454 4438/1810/454 4430/1907/454 4431/2018/454 4432/2017/454
f 4431/2018/450 4430/1907/450 4422/2011/450 4423/2012/450
f 4422/2011/449 4430/1907/449 4429/1908/449 4421/1917/449
f 4432/2021/404 4433/1787/404 4434/2022/404
f 4435/1789/405 4449/2023/405 4434/2022/405 4433/1787/405
f 4436/1791/406 4452/2028/406 4451/2027/406 4453/2026/406 4450/2025/406 4449/2024/406 4435/1789/406
f 4439/1793/407 4455/2029/407 4452/2028/407 4436/1791/407
f 4440/1795/408 4456/2030/408 4455/2029/408 4439/1793/408
f 4441/1797/409 4457/2031/409 4456/2030/409 4440/1795/409
f 4458/2032/410 4457/2031/410 4441/1797/410 4442/1799/410
f 4448/2033/412 4458/2032/412 4442/1799/412 4428/1801/412
f 4427/1803/434 4446/2035/434 4447/2034/434 4448/2033/434 4428/1801/434
f 4426/1805/381 4445/2036/381 4446/2035/381 4427/1803/381
f 4425/1807/382 4444/2037/382 4445/2036/382 4426/1805/382
f 4424/1809/383 4443/2038/383 4444/2037/383 4425/1807/383
f 4410/1811/384 4419/2039/384 4443/2038/384 4424/1809/384
f 4409/1813/385 4418/2040/385 4419/2039/385 4410/1811/385
f 4408/1815/386 4417/2041/386 4418/2040/386 4409/1813/386
f 4413/2042/387 4415/2044/387 4416/2043/387 4417/2041/387 4408/1815/387 4407/1817/387
f 4413/2045/388 4407/1817/388 4405/1819/388 4406/2046/388
f 4404/2047/435 4406/2046/435 4405/1819/435
f 4427/1834/411 4428/1833/411 4442/1864/411 4441/1853/411 4440/1854/411 4439/1855/411 4436/1856/411 4435/1857/411 4433/1858/411 4432/2051/411 4431/2050/411 4423/2049/411 4404/2048/411 4405/1842/411 4407/1841/411 4408/1840/411 4409/1839/411 4410/1838/411 4424/1837/411 4425/1836/411 4426/1835/411
f 4357/1911/411 4384/1914/411 4395/1905/411 4396/1796/411 4385/1804/411 4383/1808/411 4376/1812/411 4372/2062/411 4373/2061/411 4374/2060/411 4375/2059/411 4379/2058/411 4378/2057/411 4380/2056/411 4381/2055/411 4382/2054/411 4371/2053/411 4370/1939/411 4369/1937/411 4368/1940/411 4367/1941/411 4366/1942/411 4365/1943/411 4364/1944/411 4363/1945/411 4362/1946/411 4361/1947/411 4358/1948/411 4359/1950/411 4360/2052/411
f 4320/1787/404 4373/2065/404 4372/2064/404 4317/2063/404
f 4328/1789/405 4374/2066/405 4373/2065/405 4320/1787/405
f 4375/2067/406 4374/2066/406 4328/1789/406 4336/1791/406
f 4379/2068/407 4375/2067/407 4336/1791/407 4345/1793/407
f 4342/1795/408 4378/2069/408 4379/2068/408 4345/1793/408
f 4347/1797/409 4380/2070/409 4378/2069/409 4342/1795/409
f 4351/1799/410 4381/2071/410 4380/2070/410 4347/1797/410
f 4382/2072/412 4381/2071/412 4351/1799/412 4355/1801/412
f 4371/1937/413 4382/2072/413 4355/1801/413 4310/1803/413
f 4307/1805/411 4308/1805/411 4315/2073/411
f 4314/2074/436 4370/2075/436 4371/1937/436 4310/1803/436
f 4307/1805/411 4305/2076/411 4308/1805/411
f 4360/2077/405 4359/2080/405 4291/2079/405 4292/2078/405
f 4307/1849/411 4315/2085/411 4313/2084/411 4312/2083/411 4311/2082/411 4305/2081/411
f 4343/2086/411 4337/2107/411 4344/2106/411 4345/1855/411 4336/1856/411 4328/1857/411 4320/1858/411 4317/2105/411 4292/2104/411 4296/2103/411 4297/2102/411 4294/2101/411 4293/2100/411 4298/2099/411 4316/2098/411 4318/2097/411 4327/2096/411 4340/2095/411 4333/2094/411 4329/2093/411 4325/2092/411 4326/2092/411 4321/2092/411 4322/2092/411 4323/2092/411 4319/2092/411 4324/2092/411 4331/2091/411 4332/2090/411 4334/2089/411 4335/2088/411 4354/2087/411
f 4333/2094/411 4340/2095/411 4349/2109/411 4352/2108/411 4354/2087/411 4335/2088/411
f 4343/2086/411 4348/2114/411 4353/2113/411 4356/2112/411 4314/2111/411 4310/1850/411 4355/1851/411 4351/1852/411 4347/1853/411 4342/1854/411 4345/1855/411 4344/2106/411 4341/2110/411 4337/2107/411
f 4463/1771/381 4465/1774/381 4466/1773/381 4464/1772/381
f 4465/1774/382 4467/1776/382 4468/1775/382 4466/1773/382
f 4467/1776/383 4469/1778/383 4470/1777/383 4468/1775/383
f 4469/1778/384 4471/1780/384 4472/1779/384 4470/1777/384
f 4471/1780/385 4473/1782/385 4474/1781/385 4472/1779/385
f 4473/1782/386 4475/1784/386 4476/1783/386 4474/1781/386
f 4475/1784/387 4477/1786/387 4478/1785/387 4476/1783/387
f 4477/1786/388 4479/1788/388 4480/1787/388 4478/1785/388
f 4479/1788/389 4481/1790/389 4482/1789/389 4480/1787/389
f 4481/1790/390 4483/1792/390 4484/1791/390 4482/1789/390
f 4483/1792/391 4485/1794/391 4486/1793/391 4484/1791/391
f 4485/1794/392 4487/1796/392 4488/1795/392 4486/1793/392
f 4487/1796/393 4489/1798/393 4490/1797/393 4488/1795/393
f 4489/1798/394 4491/1800/394 4492/1799/394 4490/1797/394
f 4491/1800/395 4493/1802/395 4494/1801/395 4492/1799/395
f 4493/1802/396 4495/1804/396 4496/1803/396 4494/1801/396
f 4495/1804/397 4497/1806/397 4498/1805/397 4496/1803/397
f 4497/1806/398 4499/1808/398 4500/1807/398 4498/1805/398
f 4499/1808/399 4501/1810/399 4502/1809/399 4500/1807/399
f 4501/1810/400 4503/1812/400 4504/1811/400 4502/1809/400
f 4503/1812/401 4505/1814/401 4506/1813/401 4504/1811/401
f 4505/1814/402 4507/1816/402 4508/1815/402 4506/1813/402
f 4507/1816/403 4509/1818/403 4510/1817/403 4508/1815/403
f 4509/1818/404 4511/1820/404 4512/1819/404 4510/1817/404
f 4511/1820/405 4513/1822/405 4514/1821/405 4512/1819/405
f 4513/1822/406 4515/1824/406 4516/1823/406 4514/1821/406
f 4515/1824/407 4517/1826/407 4518/1825/407 4516/1823/407
f 4517/1826/408 4519/1828/408 4520/1827/408 4518/1825/408
f 4519/1828/409 4521/1830/409 4522/1829/409 4520/1827/409
f 4521/1830/410 4523/1832/410 4524/1831/410 4522/1829/410
f 4466/1833/414 4468/1864/414 4470/1863/414 4472/1862/414 4474/1861/414 4476/1860/414 4478/1859/414 4480/1858/414 4482/1857/414 4484/1856/414 4486/1855/414 4488/1854/414 4490/1853/414 4492/1852/414 4494/1851/414 4496/1850/414 4498/1849/414 4500/1848/414 4502/1847/414 4504/1846/414 4506/1845/414 4508/1844/414 4510/1843/414 4512/1842/414 4514/1841/414 4516/1840/414 4518/1839/414 4520/1838/414 4522/1837/414 4524/1836/414 4526/1835/414 4464/1834/414
f 4523/1832/412 4525/1866/412 4526/1865/412 4524/1831/412
f 4525/1866/413 4463/1868/413 4464/1867/413 4526/1865/413
f 4463/1869/411 4525/1900/411 4523/1899/411 4521/1898/411 4519/1897/411 4517/1896/411 4515/1895/411 4513/1894/411 4511/1893/411 4509/1892/411 4507/1891/411 4505/1890/411 4503/1889/411 4501/1888/411 4499/1887/411 4497/1886/411 4495/1885/411 4493/1884/411 4491/1883/411 4489/1882/411 4487/1881/411 4485/1880/411 4483/1879/411 4481/1878/411 4479/1877/411 4477/1876/411 4475/1875/411 4473/1874/411 4471/1873/411 4469/1872/411 4467/1871/411 4465/1870/411
f 4527/1771/381 4529/1774/381 4530/1773/381 4528/1772/381
f 4529/1774/382 4531/1776/382 4532/1775/382 4530/1773/382
f 4531/1776/383 4533/1778/383 4534/1777/383 4532/1775/383
f 4533/1778/384 4535/1780/384 4536/1779/384 4534/1777/384
f 4535/1780/385 4537/1782/385 4538/1781/385 4536/1779/385
f 4537/1782/386 4539/1784/386 4540/1783/386 4538/1781/386
f 4539/1784/387 4541/1786/387 4542/1785/387 4540/1783/387
f 4541/1786/388 4543/1788/388 4544/1787/388 4542/1785/388
f 4543/1788/389 4545/1790/389 4546/1789/389 4544/1787/389
f 4545/1790/390 4547/1792/390 4548/1791/390 4546/1789/390
f 4547/1792/391 4549/1794/391 4550/1793/391 4548/1791/391
f 4549/1794/392 4551/1796/392 4552/1795/392 4550/1793/392
f 4551/1796/393 4553/1798/393 4554/1797/393 4552/1795/393
f 4553/1798/394 4555/1800/394 4556/1799/394 4554/1797/394
f 4555/1800/395 4557/1802/395 4558/1801/395 4556/1799/395
f 4557/1802/396 4559/1804/396 4560/1803/396 4558/1801/396
f 4559/1804/397 4561/1806/397 4562/1805/397 4560/1803/397
f 4561/1806/398 4563/1808/398 4564/1807/398 4562/1805/398
f 4563/1808/399 4565/1810/399 4566/1809/399 4564/1807/399
f 4565/1810/400 4567/1812/400 4568/1811/400 4566/1809/400
f 4567/1812/401 4569/1814/401 4570/1813/401 4568/1811/401
f 4569/1814/402 4571/1816/402 4572/1815/402 4570/1813/402
f 4571/1816/403 4573/1818/403 4574/1817/403 4572/1815/403
f 4573/1818/404 4575/1820/404 4576/1819/404 4574/1817/404
f 4575/1820/405 4577/1822/405 4578/1821/405 4576/1819/405
f 4577/1822/406 4579/1824/406 4580/1823/406 4578/1821/406
f 4579/1824/407 4581/1826/407 4582/1825/407 4580/1823/407
f 4581/1826/408 4583/1828/408 4584/1827/408 4582/1825/408
f 4583/1828/409 4585/1830/409 4586/1829/409 4584/1827/409
f 4585/1830/410 4587/1832/410 4588/1831/410 4586/1829/410
f 4530/1833/414 4532/1864/414 4534/1863/414 4536/1862/414 4538/1861/414 4540/1860/414 4542/1859/414 4544/1858/414 4546/1857/414 4548/1856/414 4550/1855/414 4552/1854/414 4554/1853/414 4556/1852/414 4558/1851/414 4560/1850/414 4562/1849/414 4564/1848/414 4566/1847/414 4568/1846/414 4570/1845/414 4572/1844/414 4574/1843/414 4576/1842/414 4578/1841/414 4580/1840/414 4582/1839/414 4584/1838/414 4586/1837/414 4588/1836/414 4590/1835/414 4528/1834/414
f 4587/1832/412 4589/1866/412 4590/1865/412 4588/1831/412
f 4589/1866/413 4527/1868/413 4528/1867/413 4590/1865/413
f 4527/1869/411 4589/1900/411 4587/1899/411 4585/1898/411 4583/1897/411 4581/1896/411 4579/1895/411 4577/1894/411 4575/1893/411 4573/1892/411 4571/1891/411 4569/1890/411 4567/1889/411 4565/1888/411 4563/1887/411 4561/1886/411 4559/1885/411 4557/1884/411 4555/1883/411 4553/1882/411 4551/1881/411 4549/1880/411 4547/1879/411 4545/1878/411 4543/1877/411 4541/1876/411 4539/1875/411 4537/1874/411 4535/1873/411 4533/1872/411 4531/1871/411 4529/1870/411
f 4288/1902/416 4282/1902/416 4211/1927/416 4214/1927/416
f 4454/1808/455 4460/1804/455 4462/1796/455 4208/2116/455 4207/2115/455 4437/1812/455 4438/1810/455
f 4279/1820/420 4284/1820/420 4212/2117/420 4204/2117/420
f 4292/2118/420 4317/2121/420 4372/2062/420 4376/1812/420 4280/1816/420 4279/1820/420 4204/2117/420 4203/2120/420 4357/1911/420 4360/2119/420
f 4384/1914/438 4357/1911/438 4203/2123/438 4202/2122/438
f 4395/1905/439 4384/1914/439 4202/2122/439 4205/2124/439
